transaction_id,transaction_date,customer_id,country,city,product,category,quantity,unit_price,payment_method,sales_rep,customer_type,status
TX02300,2026-04-29,CUST0041,Uganda,Mombasa,Wireless Mouse,Accessories,4,1707.95,Cash,Carol,Corporate,Completed
TX03772,2026-06-20,CUST0652,Uganda,Kisumu,Laptop Bag,Accessories,5,3393.86,Card,John,Corporate,Pending
TX00034,2026-06-25,CUST0759,Kenya,Kampala,Wireless Mouse,Accessories,1,1925.52,Card,Carol,SME,Pending
TX01245,2026-02-07,CUST0021,Tanzania,Arusha,Wireless Mouse,Accessories,1,1625.07,Card,George,SME,Pending
TX03051,2026-01-09,CUST0263,KENYA,Kigali,USB-C Hub,Accessories,2,6582.69,Card,George,SME,Pending
TX02241,2026-01-27,CUST0625,UGANDA,NAIROBI,External SSD,Storage,3,14811.69,Card,Faith,Corporate,Pending
TX04138,2026-01-11,CUST0433,Rwanda,Kampala,External SSD,Storage,1,15907.99,Card,Carol,Corporate,Completed
TX04079,2026-03-18,CUST1082,Tanzania,Arusha,External SSD,Storage,1,13974.34,Cash,George,Individual,completed
TX02441,2026-03-11,CUST0309,Rwanda,Kisumu,Headset,Accessories,2,5164.6,Cash,Brian,Individual,Completed
TX01913,2026-05-15,CUST0907,TANZANIA,Nairobi,Wireless Mouse,Accessories,3,1690.48,Cash,George,Corporate,Completed
TX04293,2026-03-20,CUST1192,KENYA,Kampala,USB-C Hub,Accessories,1,6638.18,Bank Transfer,Irene,SME,Completed
TX03979,2026-01-27,CUST0124,TANZANIA,Kampala,Keyboard,Accessories,2,2655.18,Bank Transfer,George,Individual,Completed
TX00498,2026-01-27,CUST0285,Rwanda,Kisumu,Monitor,Hardware,1,22316.78,Cash,Amina,SME,Completed
TX02700,2026-03-05,CUST0799,Uganda,NAIROBI,Wireless Mouse,Accessories,2,1979.52,Bank Transfer,Irene,Corporate,Pending
TX04990,2026-04-07,CUST1178,KENYA,Kisumu,Laptop Bag,Accessories,2,3714.89,Card,Irene,Individual,Cancelled
TX04518,2026-05-30,CUST0814,UGANDA,NAIROBI,External SSD,Storage,2,14671.02,Card,Irene,Corporate,Completed
TX01452,2026-06-03,CUST0549,Kenya,Dar es Salaam,Office Laptop,Hardware,1,99865.36,Cash,Faith,SME,completed
TX02991,2026-01-27,CUST0497,UGANDA,Arusha,Laptop Stand,Accessories,1,4844.68,Cash,John,Corporate,Completed
TX02944,2026-06-30,CUST0699,Uganda,Nairobi,Laptop Bag,Accessories,2,3466.7,Bank Transfer,Carol,Individual,Completed
TX00928,2026-01-22,CUST0891,Tanzania,Nairobi,Laptop Bag,Accessories,5,3374.34,Card,David,Individual,Cancelled
TX01324,2026-01-07,CUST1135,TANZANIA,Kigali,Wireless Mouse,Accessories,5,1761.28,Cash,David,Corporate,COMPLETED
TX04895,2026-02-09,CUST0581,UGANDA,Mombasa,USB-C Hub,Accessories,2,6076.66,Card,John,Individual,Pending
TX02100,2026-04-08,CUST0585,Uganda,Kampala,USB-C Hub,Accessories,2,6259.42,Card,Brian,Corporate,Completed
TX00732,2026-06-15,CUST0646,KENYA,Nairobi,Tablet,Hardware,1,46163.42,Card,Brian,SME,Completed
TX00839,2026-05-14,CUST1033,KE,Kigali,Headset,Accessories,1,5681.41,Cash,Faith,Individual,Completed
TX02847,2026-03-20,CUST0569,Kenya,NAIROBI,Wireless Mouse,Accessories,1,1820.64,Bank Transfer,Amina,SME ,Completed
TX01993,2026-01-26,CUST1085,Rwanda,Nairobi,Tablet,Hardware,1,44692.19,M-Pesa,Amina,SME,Completed
TX02901,2026-05-18,CUST0872,Rwanda,Kisumu,Headset,Accessories,1,5530.82,Bank Transfer,Carol,Corporate,completed
TX00627,2026-05-10,CUST1105,UGANDA,Mombasa,Laptop Stand,Accessories,2,4922.84,Card,Brian,SME,COMPLETED
TX01542,2026-02-20,CUST0034,Uganda,NAIROBI,Monitor,Hardware,2,23672.47,Cash,Amina,Individual,Completed
TX02510,2026-04-02,CUST0907,UGANDA,MOMBASA,Office Laptop,Hardware,1,93489.7,,Brian,Corporate,Pending
TX00539,2026-04-27,CUST0172,TANZANIA,Nairobi,Headset,Accessories,5,4769.58,Card,Brian,Corporate,Completed
TX03691,2026-01-25,CUST1130,Kenya,Arusha,USB-C Hub,Accessories,4,6128.52,M-Pesa,Irene,Corporate,Completed
TX02945,2026-03-15,CUST0489,Uganda,Kisumu,External SSD,Storage,1,14469.06,Cash,David,SME ,Completed
TX03818,2026-02-06,CUST1056,Tanzania,Kigali,Monitor,Hardware,4,23469.64,Card,Carol,Individual,Completed
TX03623,2026-03-27,CUST0296,Kenya,Kampala,Headset,Accessories,1,4683.93,M-Pesa,Irene,Individual,Completed
TX03400,2026-02-22,CUST1093,KENYA,NAIROBI,Tablet,Hardware,1,43993.09,Cash,John,Individual,Completed
TX02881,2026-04-21,CUST0670,TANZANIA,Mombasa,Laptop Stand,Accessories,3,4878.62,Cash,John,SME,Completed
TX02437,2026-06-04,CUST0759,TANZANIA,Arusha,USB-C Hub,Accessories,1,6383.27,Cash,Amina,SME,Completed
TX01770,2026-05-07,CUST0921,Uganda,Mombasa,Keyboard,Accessories,1,2506.61,M-Pesa,John,Corporate,Completed
TX00024,2026-02-06,CUST1015,Rwanda,Kisumu,Monitor,Hardware,2,20864.15,M-Pesa,Amina,Corporate,Completed
TX02395,2026-04-13,CUST0721,TANZANIA,Nairobi,External SSD,Storage,2,15666.11,Cash,Brian,Individual,Cancelled
TX01201,2026-03-07,CUST1045,UGANDA,Dar es Salaam,Laptop Stand,Accessories,4,4386.04,M-Pesa,Brian,Corporate,Cancelled
TX00813,2026-06-02,CUST1151,UGANDA,Dar es Salaam,Monitor,Hardware,1,23341.85,M-Pesa,Carol,SME,Completed
TX01174,2026-06-11,CUST0944,Rwanda,Kampala,Monitor,Hardware,1,19803.99,Bank Transfer,George,Individual,Cancelled
TX00502,2026-04-16,CUST1171,UGANDA,Kigali,Tablet,Hardware,1,46113.95,Card,George,Corporate,Completed
TX02635,2026-04-22,CUST0976,TANZANIA,Kisumu,Keyboard,Accessories,1,2466.86,Cash,Amina,Corporate,Cancelled
TX04795,2026-02-24,CUST0003,UGANDA,Dar es Salaam,USB-C Hub,Accessories,2,6231.72,Cash,John,Individual,Completed
TX03143,2026-03-25,CUST1105,Kenya,Arusha,Wireless Mouse,Accessories,1,1681.03,Card,Amina,Corporate,Cancelled
TX00466,2026-03-08,CUST0920,TANZANIA,NAIROBI,External SSD,Storage,1,14351.46,Card,George,SME,Completed
TX01841,2026-04-30,CUST0150,Uganda,Arusha,Laptop Stand,Accessories,1,4404.1,Cash,Amina,Individual,Completed
TX03296,2026-06-01,CUST0522,Tanzania,MOMBASA,Tablet,Hardware,2,44799.11,Card,Carol,Corporate,Pending
TX03932,2026-02-04,CUST1033,KENYA,MOMBASA,Laptop Bag,Accessories,1,3306.58,Cash,David,Corporate,Cancelled
TX03648,2026-03-04,CUST0570,Kenya,Kigali,Keyboard,Accessories,2,2431.29,Card,John,SME,Cancelled
TX03572,2026-04-25,CUST1100,Kenya,Kisumu,USB-C Hub,Accessories,2,5895.99,M-Pesa,John,SME,completed
TX00880,2026-04-13,CUST0719,Kenya,Nairobi,Monitor,Hardware,2,22604.58,M-Pesa,David,SME,Completed
TX01384,2026-01-22,CUST0149,Kenya,Mombasa,Laptop Stand,Accessories,2,4182.62,Cash,David,Corporate,Completed
TX03665,2026-04-14,CUST0737,Tanzania,,Wireless Mouse,Accessories,2,1742.96,M-Pesa,Brian,SME,completed
TX00107,2026-06-28,CUST0952,UGANDA,Dar es Salaam,External SSD,Storage,1,14776.62,Bank Transfer,George,SME,Completed
TX01398,2026-06-25,CUST0039,Tanzania,Kisumu,Monitor,Hardware,3,22766.48,Bank Transfer,Faith,SME,Cancelled
TX02747,2026-01-26,CUST0777,UGANDA,Arusha,Office Laptop,Hardware,1,86740.21,Card,Faith,Corporate,Completed
TX02146,2026-01-22,CUST0459,KENYA,Mombasa,Wireless Mouse,Accessories,1,1775.69,Card,Amina,SME,Completed
TX01345,2026-03-21,CUST0870,Uganda,Kigali,Wireless Mouse,Accessories,1,1766.88,M-Pesa,David,Individual,Completed
TX02187,2026-02-07,CUST1023,KENYA,Mombasa,Wireless Mouse,Accessories,1,1795.86,Cash,George,Individual,Pending
TX04329,2026-01-31,CUST0407,UGANDA,Kigali,External SSD,Storage,1,15857.66,Card,Irene,Individual,Pending
TX03337,2026-01-29,CUST0568,Uganda,Dar es Salaam,USB-C Hub,Accessories,2,6615.91,Card,David,SME,Completed
TX01653,2026-02-15,CUST0734,Rwanda,Kampala,External SSD,Storage,2,15609.39,Card,Faith,Corporate,Completed
TX01962,2026-06-10,,Uganda,Nairobi,Wireless Mouse,Accessories,1,1859.13,Card,John,Individual,Cancelled
TX00734,2026-02-20,CUST0601,Tanzania,Kampala,USB-C Hub,Accessories,1,7065.36,,Faith,Individual,Completed
TX02139,2026-04-04,CUST0899,KE,NAIROBI,Office Laptop,Hardware,1,93105.26,M-Pesa,Brian,Corporate,Completed
TX01058,2026-06-06,CUST0408,KE,Kampala,USB-C Hub,Accessories,4,6714.66,,Amina,Individual,Completed
TX04636,2026-06-24,CUST0553,Uganda,MOMBASA,Tablet,Hardware,2,38020.88,Bank Transfer,Irene,SME,Completed
TX00712,2026-02-04,CUST0036,Kenya,Arusha,Laptop Stand,Accessories,4,4659.14,M-Pesa,Irene,Individual,Cancelled
TX03703,2026-05-29,CUST1118,Rwanda,MOMBASA,External SSD,Storage,5,13695.03,Card,Carol,Corporate,Completed
TX00240,2026-03-11,CUST1125,TANZANIA,Dar es Salaam,Office Laptop,Hardware,2,99869.03,Card,David,Corporate,Completed
TX00066,2026-06-10,CUST0105,KE,Nairobi,Laptop Stand,Accessories,2,4403.69,,Irene,Individual,Completed
TX00777,2026-02-27,CUST1139,KENYA,Mombasa,Headset,Accessories,4,4778.64,Card,Amina,Individual,Completed
TX00411,2026-06-23,CUST0057,KE,Kisumu,Wireless Mouse,Accessories,1,1794.36,Cash,Brian,Corporate,Cancelled
TX00531,2026-03-05,CUST0244,KE,Kisumu,External SSD,Storage,5,13050.54,Card,George,Corporate,Cancelled
TX02147,2026-03-01,CUST1086,TANZANIA,NAIROBI,Laptop Stand,Accessories,2,4749.44,Bank Transfer,Amina,SME,Completed
TX00590,2026-04-23,CUST0171,KENYA,Kampala,External SSD,Storage,1,14186.25,Bank Transfer,Faith,SME,Pending
TX02693,2026-06-27,CUST0001,TANZANIA,Arusha,Laptop Bag,Accessories,2,3398.67,Cash,David,SME ,Cancelled
TX03136,2026-04-03,CUST0824,KE,Kigali,Keyboard,Accessories,2,2645.46,Card,Carol,Individual,Cancelled
TX03639,2026-03-16,CUST0963,KENYA,Dar es Salaam,External SSD,Storage,4,13742.02,Cash,John,Individual,Cancelled
TX03906,2026-04-26,CUST0492,Uganda,Kampala,Monitor,Hardware,1,21088.99,Bank Transfer,Amina,SME,Pending
TX02760,2026-04-21,CUST1161,Rwanda,Nairobi,Headset,Accessories,2,5089.92,M-Pesa,David,Individual,Pending
TX01616,2026-01-22,CUST0746,Uganda,Arusha,Headset,Accessories,2,5501.26,Cash,John,Individual,COMPLETED
TX02415,2026-01-07,CUST0873,Tanzania,Arusha,USB-C Hub,Accessories,1,5851.3,Card,John,SME,Completed
TX04880,2026-02-13,CUST0393,Kenya,Mombasa,Headset,Accessories,1,5059.44,Cash,Irene,Individual,Completed
TX04128,2026-03-04,CUST0069,TANZANIA,Mombasa,Monitor,Hardware,1,22189.22,Cash,George,SME,Completed
TX00562,2026-01-25,CUST0841,TANZANIA,Mombasa,Office Laptop,Hardware,1,97412.4,M-Pesa,Brian,Corporate,Cancelled
TX00085,2026-02-24,CUST0759,Tanzania,Arusha,Monitor,Hardware,3,20186.71,Bank Transfer,Carol,Corporate,Completed
TX04630,2026-04-24,CUST0664,KE,Dar es Salaam,Monitor,Hardware,2,23315.73,Bank Transfer,David,Individual,Cancelled
TX03106,2026-03-18,CUST1091,Rwanda,Dar es Salaam,Laptop Stand,Accessories,2,4556.22,Cash,George,Individual,Completed
TX02535,2026-01-09,CUST1196,UGANDA,Nairobi,Office Laptop,Hardware,5,93193.97,Cash,Brian,Individual,Cancelled
TX02145,2026-04-06,CUST0209,Uganda,Dar es Salaam,Monitor,Hardware,2,22480.37,Card,Faith,Individual,Completed
TX01527,2026-04-30,CUST0527,KENYA,Mombasa,Tablet,Hardware,2,45269.6,M-Pesa,Carol,SME,Completed
TX03248,2026-01-30,CUST1078,Kenya,Arusha,USB-C Hub,Accessories,2,6522.55,Bank Transfer,John,Corporate,Completed
TX00735,2026-05-10,CUST0781,TANZANIA,MOMBASA,Tablet,Hardware,2,39651.95,Card,Carol,SME,Completed
TX01363,2026-06-15,CUST0330,KE,NAIROBI,Keyboard,Accessories,2,2698.52,Card,Irene,Individual,Completed
TX03535,2026-04-18,CUST0404,KE,Kisumu,USB-C Hub,Accessories,1,6581.41,Bank Transfer,George,Corporate,Completed
TX00487,2026-01-06,CUST0447,KENYA,MOMBASA,External SSD,Storage,2,13845.72,Bank Transfer,Brian,Corporate,Completed
TX01505,2026-04-28,CUST0518,Rwanda,MOMBASA,Office Laptop,Hardware,1,92062.98,M-Pesa,George,Individual,Completed
TX03299,2026-04-19,CUST0699,Rwanda,Arusha,Monitor,Hardware,5,23694.85,M-Pesa,Amina,SME,Completed
TX03451,2026-02-15,CUST1113,KENYA,Dar es Salaam,USB-C Hub,Accessories,1,6772.85,M-Pesa,Amina,Individual,Cancelled
TX04452,2026-02-13,CUST0379,Tanzania,Dar es Salaam,Tablet,Hardware,1,39432.05,Card,Brian,Corporate,Completed
TX03165,2026-01-06,CUST0156,Kenya,NAIROBI,Tablet,Hardware,1,45144.86,Bank Transfer,Brian,Individual,Pending
TX02973,2026-05-14,CUST0224,Rwanda,Kisumu,USB-C Hub,Accessories,1,6269.04,M-Pesa,David,Individual,Completed
TX01439,2026-06-17,CUST0821,KE,Arusha,Monitor,Hardware,1,23597.44,M-Pesa,George,SME ,COMPLETED
TX00180,2026-02-19,CUST1063,KENYA,Kigali,Wireless Mouse,Accessories,5,1621.78,Bank Transfer,John,Corporate,completed
TX01129,2026-02-16,CUST1005,Rwanda,NAIROBI,Laptop Bag,Accessories,1,3386.58,M-Pesa,Amina,Individual,Completed
TX00080,2026-02-07,CUST1039,TANZANIA,NAIROBI,External SSD,Storage,1,15042.78,Cash,Amina,Corporate,Completed
TX02585,2026-03-03,,Kenya,Kigali,Office Laptop,Hardware,1,91070.15,Cash,Carol,Corporate,Cancelled
TX01910,2026-03-08,CUST0233,KENYA,Mombasa,Laptop Stand,Accessories,1,4640.52,M-Pesa,David,Individual,Completed
TX02772,2026-02-28,CUST0389,KE,Kigali,Keyboard,Accessories,1,2351.71,M-Pesa,Irene,SME,Completed
TX04873,2026-03-22,CUST0603,Kenya,Kigali,Keyboard,Accessories,1,2621.69,Cash,George,Corporate,Completed
TX03104,2026-03-24,CUST0483,TANZANIA,Dar es Salaam,Keyboard,Accessories,1,2742.83,Bank Transfer,Irene,SME,Completed
TX02946,2026-03-10,CUST0931,Kenya,Kisumu,Monitor,Hardware,1,22993.07,Card,Irene,SME,Completed
TX00200,2026-01-24,CUST0302,Kenya,Dar es Salaam,Tablet,Hardware,1,43827.82,Bank Transfer,David,SME,Completed
TX02136,2026-06-15,CUST0322,Uganda,Nairobi,Tablet,Hardware,1,40007.44,Cash,George,Individual,Cancelled
TX00280,2026-03-09,CUST0514,Kenya,MOMBASA,Keyboard,Accessories,1,2615.12,M-Pesa,Faith,SME,Completed
TX00908,2026-01-02,CUST1169,KE,NAIROBI,Tablet,Hardware,3,43286.77,Cash,George,Individual,Completed
TX03409,2026-03-05,CUST1143,KENYA,Kisumu,Laptop Bag,Accessories,1,3775.66,Card,Brian,Individual,Completed
TX01145,2026-03-10,CUST0489,KE,Kampala,Wireless Mouse,Accessories,2,1953.65,M-Pesa,Faith,Corporate,Completed
TX00427,2026-02-04,CUST0166,Rwanda,Kisumu,USB-C Hub,Accessories,2,6256.61,Bank Transfer,George,SME,Cancelled
TX01205,2026-03-31,CUST0547,KE,Nairobi,Tablet,Hardware,1,40303.56,Card,Carol,Individual,completed
TX01455,2026-04-22,CUST0717,Uganda,NAIROBI,Wireless Mouse,Accessories,1,1625.72,M-Pesa,Amina,Corporate,Completed
TX02679,2026-04-11,CUST0002,Tanzania,MOMBASA,USB-C Hub,Accessories,1,6049.79,Card,Brian,Individual,Completed
TX02928,2026-06-26,CUST0304,TANZANIA,Kigali,Laptop Bag,Accessories,2,3223.55,Card,Faith,Corporate,Completed
TX02214,2026-03-24,CUST0692,TANZANIA,Dar es Salaam,Office Laptop,Hardware,1,95906.6,Card,John,Individual,Completed
TX00158,2026-01-17,CUST0521,Tanzania,Dar es Salaam,Keyboard,Accessories,1,2481.05,Card,John,Individual,Cancelled
TX02493,2026-03-28,CUST0756,UGANDA,Kisumu,Office Laptop,Hardware,1,90283.42,Cash,Amina,SME ,Pending
TX04177,2026-05-20,CUST1072,UGANDA,Mombasa,Office Laptop,Hardware,2,89812.23,M-Pesa,Irene,Individual,completed
TX04577,2026-06-19,CUST0651,Tanzania,NAIROBI,Laptop Stand,Accessories,1,4923.6,M-Pesa,Irene,Individual,Pending
TX04151,2026-06-18,CUST0333,Rwanda,Kigali,USB-C Hub,Accessories,2,6824.71,Card,Brian,Individual,Cancelled
TX00229,2026-02-18,CUST0836,KENYA,NAIROBI,External SSD,Storage,2,14861.52,Card,Amina,Individual,Completed
TX03201,2026-01-16,CUST0972,KENYA,Dar es Salaam,External SSD,Storage,2,14190.49,Cash,Brian,Corporate,Completed
TX00927,2026-01-11,CUST0541,Tanzania,Arusha,Laptop Stand,Accessories,3,4462.78,Bank Transfer,Irene,Corporate,Completed
TX04296,2026-03-26,CUST0730,Uganda,Arusha,Office Laptop,Hardware,4,88262.74,Bank Transfer,Faith,Corporate,Completed
TX01621,2026-03-17,CUST1113,Rwanda,Kisumu,Monitor,Hardware,5,21415.07,,George,SME,Completed
TX00030,2026-02-18,CUST1196,Uganda,Mombasa,Laptop Stand,Accessories,1,4499.27,Cash,George,Individual,Completed
TX04014,2026-06-18,CUST0477,KENYA,Mombasa,Monitor,Hardware,1,23806.83,M-Pesa,Carol,Individual,Cancelled
TX01056,2026-04-26,CUST1000,KENYA,MOMBASA,Headset,Accessories,2,4698.76,M-Pesa,John,Individual,Pending
TX04003,2026-06-04,CUST0642,Kenya,Kisumu,Wireless Mouse,Accessories,2,1933.15,Cash,Faith,Individual,Completed
TX00469,2026-05-02,CUST0985,KENYA,Mombasa,Headset,Accessories,1,5137.66,Cash,Amina,SME,Pending
TX02158,2026-03-29,CUST1087,KENYA,,Office Laptop,Hardware,5,94034.51,M-Pesa,Faith,SME,Completed
TX00671,2026-06-16,CUST0989,Tanzania,NAIROBI,Headset,Accessories,1,5143.34,Card,David,SME,Completed
TX04344,2026-05-27,CUST0243,UGANDA,NAIROBI,Wireless Mouse,Accessories,1,1630.65,Bank Transfer,Brian,Corporate,Completed
TX04155,2026-01-27,CUST1142,KE,Kigali,Laptop Bag,Accessories,2,3245.61,Card,John,Individual,Completed
TX01483,2026-03-17,CUST0481,TANZANIA,Kampala,Laptop Stand,Accessories,2,4424.46,M-Pesa,Faith,SME,Completed
TX01428,2026-05-09,CUST0655,Rwanda,Kisumu,Keyboard,Accessories,1,2385.37,Cash,Irene,SME,Completed
TX03025,2026-06-29,CUST0990,Tanzania,Arusha,Monitor,Hardware,3,20993.36,M-Pesa,Brian,Individual,Completed
TX02611,2026-04-22,CUST0507,Uganda,Kigali,Tablet,Hardware,5,41591.68,M-Pesa,Irene,SME,Completed
TX00152,2026-05-14,CUST0459,KE,Nairobi,Monitor,Hardware,2,19908.18,Card,Irene,SME,Completed
TX00656,2026-06-07,CUST0206,UGANDA,Mombasa,Laptop Stand,Accessories,1,4472.47,Card,David,Corporate,Pending
TX02804,2026-06-13,CUST0530,KENYA,Kisumu,Monitor,Hardware,1,23064.28,Card,John,SME,Cancelled
TX02518,2026-04-28,CUST0073,Kenya,Arusha,Tablet,Hardware,3,38450.79,M-Pesa,Irene,Corporate,Completed
TX00241,2026-02-23,CUST0202,KE,Kisumu,Monitor,Hardware,2,23699.26,Card,George,Individual,Pending
TX00625,2026-04-18,CUST0546,KENYA,Kampala,Keyboard,Accessories,1,2382.54,M-Pesa,Brian,SME,Cancelled
TX04054,2026-06-17,CUST0131,KENYA,Kampala,Monitor,Hardware,1,20727.69,Bank Transfer,Irene,Individual,Cancelled
TX04101,2026-06-20,CUST0617,Kenya,,Office Laptop,Hardware,1,94082.44,Card,David,SME,Cancelled
TX00334,2026-01-03,CUST0326,Uganda,NAIROBI,Wireless Mouse,Accessories,1,1955.09,Cash,David,Individual,Completed
TX04048,2026-06-13,CUST0996,KENYA,Kampala,Headset,Accessories,1,5677.86,Cash,Carol,SME,Completed
TX04464,2026-01-30,CUST0324,Uganda,NAIROBI,Tablet,Hardware,1,39912.59,Card,Carol,SME,Cancelled
TX03258,2026-04-12,CUST1031,Uganda,Dar es Salaam,Monitor,Hardware,1,20638.73,Cash,Amina,SME,Completed
TX00169,2026-04-04,CUST0159,Uganda,Nairobi,USB-C Hub,Accessories,1,6184.99,Card,Faith,Individual,Pending
TX03117,2026-05-15,CUST0206,UGANDA,Kampala,Office Laptop,Hardware,2,97531.99,Bank Transfer,Brian,Corporate,Completed
TX04529,2026-03-12,,UGANDA,Dar es Salaam,Laptop Stand,Accessories,1,4432.15,M-Pesa,Faith,Corporate,Cancelled
TX04553,2026-04-04,CUST0688,TANZANIA,Mombasa,Tablet,Hardware,2,40037.41,M-Pesa,John,Corporate,Cancelled
TX00600,2026-05-20,CUST1174,KENYA,Nairobi,Headset,Accessories,2,5408.97,Cash,Amina,Individual,Cancelled
TX00297,2026-03-03,CUST1151,TANZANIA,Kisumu,Keyboard,Accessories,1,2292.2,Bank Transfer,Amina,Corporate,Completed
TX02292,2026-01-28,CUST0413,Uganda,NAIROBI,Headset,Accessories,1,5095.3,Cash,Faith,Corporate,Completed
TX01715,2026-02-11,CUST0456,UGANDA,Kampala,Office Laptop,Hardware,1,93022.88,Cash,Carol,SME,completed
TX04649,2026-06-09,CUST0616,KENYA,Mombasa,Headset,Accessories,5,5316.97,M-Pesa,Amina,Individual,Completed
TX04975,2026-05-29,CUST0197,KENYA,Nairobi,Wireless Mouse,Accessories,1,1704.79,M-Pesa,Amina,Corporate,Completed
TX04482,2026-04-16,CUST0711,Tanzania,MOMBASA,Laptop Stand,Accessories,1,4284.69,M-Pesa,John,Corporate,completed
TX03361,2026-05-14,CUST0862,Kenya,Kigali,Laptop Bag,Accessories,2,3733.51,M-Pesa,Amina,Individual,Cancelled
TX01175,2026-05-01,CUST0776,Tanzania,MOMBASA,Office Laptop,Hardware,2,88059.6,Cash,George,SME,Completed
TX04918,2026-02-21,CUST0130,Kenya,Dar es Salaam,Laptop Bag,Accessories,1,3731.76,Cash,Faith,SME,Completed
TX03865,2026-05-25,CUST0610,KENYA,Dar es Salaam,Keyboard,Accessories,1,2568.02,M-Pesa,Amina,Individual,Completed
TX00811,2026-04-12,CUST0229,KE,Dar es Salaam,Laptop Stand,Accessories,5,4072.34,Card,Amina,SME,Pending
TX01352,2026-05-22,CUST0493,Uganda,Mombasa,Laptop Stand,Accessories,1,4454.75,Bank Transfer,Brian,Individual,Completed
TX01973,2026-06-05,CUST0794,Rwanda,Kigali,Wireless Mouse,Accessories,1,1810.86,Card,David,SME,Completed
TX03373,2026-04-21,CUST0104,TANZANIA,Kisumu,Monitor,Hardware,1,23935.04,Cash,George,Individual,Pending
TX01554,2026-05-03,CUST0703,UGANDA,Kigali,Keyboard,Accessories,1,2437.04,Bank Transfer,Carol,SME,Pending
TX00554,2026-06-17,,TANZANIA,Mombasa,Laptop Bag,Accessories,4,3773.1,Card,George,Corporate,Cancelled
TX01520,2026-04-15,CUST0925,Rwanda,Kigali,External SSD,Storage,1,15764.32,Bank Transfer,John,SME,Completed
TX01877,2026-06-13,CUST0651,Kenya,Kampala,Headset,Accessories,3,5598.12,Card,George,SME,Completed
TX01421,2026-05-11,CUST0601,Rwanda,Arusha,Wireless Mouse,Accessories,4,1847.9,Cash,Carol,Corporate,Pending
TX04241,2026-02-17,CUST0564,Kenya,Kisumu,Tablet,Hardware,5,45471.92,Card,Faith,Individual,Cancelled
TX00764,2026-05-03,CUST1163,Uganda,Arusha,Headset,Accessories,3,5234.16,M-Pesa,Brian,Corporate,Pending
TX02521,2026-03-11,CUST0466,TANZANIA,MOMBASA,Tablet,Hardware,1,42477.03,Bank Transfer,George,SME,Completed
TX00722,2026-05-06,CUST0542,KENYA,Nairobi,USB-C Hub,Accessories,5,6297.6,Card,David,Individual,Completed
TX01376,2026-05-21,CUST1060,Uganda,Mombasa,Headset,Accessories,1,5531.93,M-Pesa,John,Corporate,Cancelled
TX00682,2026-05-20,CUST0084,KE,Mombasa,Tablet,Hardware,1,38951.24,Bank Transfer,Irene,Individual,Pending
TX02233,2026-05-15,CUST0980,Tanzania,Nairobi,Keyboard,Accessories,2,2262.03,Card,Carol,Individual,Completed
TX04327,2026-05-30,CUST1118,Uganda,Kigali,External SSD,Storage,1,14581.29,Card,Carol,Corporate,Cancelled
TX02916,2026-05-03,CUST0549,TANZANIA,Kampala,USB-C Hub,Accessories,2,7106.64,M-Pesa,John,Corporate,Completed
TX03902,2026-03-14,CUST0896,Tanzania,Kisumu,Wireless Mouse,Accessories,3,1940.2,Cash,Faith,SME,Completed
TX01539,2026-02-20,CUST0817,Rwanda,Nairobi,Laptop Bag,Accessories,1,3820.96,M-Pesa,Brian,Individual,Completed
TX02046,2026-05-03,CUST0607,Uganda,MOMBASA,Tablet,Hardware,2,45916.72,M-Pesa,Amina,SME,Pending
TX02068,2026-06-20,CUST0827,Tanzania,Arusha,Keyboard,Accessories,1,2684.52,Card,Brian,SME,completed
TX01594,2026-06-21,CUST0630,Uganda,Dar es Salaam,Tablet,Hardware,1,44462.63,M-Pesa,Irene,Corporate,Pending
TX02701,2026-06-15,CUST0694,Uganda,Kigali,Laptop Bag,Accessories,1,3441.38,Card,Brian,Corporate,Completed
TX00228,2026-04-06,CUST0992,Tanzania,Kampala,Keyboard,Accessories,1,2299.2,Cash,David,Individual,Completed
TX03955,2026-01-06,CUST0123,Uganda,Dar es Salaam,External SSD,Storage,1,14326.52,Cash,John,SME,Completed
TX00545,2026-02-14,CUST0009,UGANDA,Mombasa,Tablet,Hardware,1,42047.85,Cash,George,Individual,Pending
TX04009,2026-01-29,CUST0434,Rwanda,Nairobi,Laptop Stand,Accessories,2,4461.46,Cash,Carol,SME,Completed
TX03730,2026-01-13,CUST1009,KE,Mombasa,External SSD,Storage,1,14202.08,Bank Transfer,Brian,Corporate,Pending
TX03227,2026-01-08,,TANZANIA,Kigali,Headset,Accessories,2,5354.44,Card,Irene,Individual,Completed
TX03249,2026-03-30,CUST0136,Tanzania,Mombasa,External SSD,Storage,2,13373.95,Card,Amina,Individual,Completed
TX02165,2026-05-01,CUST1097,Tanzania,Mombasa,Laptop Stand,Accessories,1,4941.14,Cash,John,Corporate,Pending
TX02749,2026-03-21,CUST0293,Kenya,Kigali,Headset,Accessories,3,5661.92,M-Pesa,David,Individual,Completed
TX00765,2026-05-19,CUST0935,Kenya,Mombasa,Wireless Mouse,Accessories,1,1765.31,Card,John,Corporate,Completed
TX02277,2026-05-19,CUST0647,KENYA,Nairobi,Keyboard,Accessories,5,2665.48,Cash,David,Individual,Pending
TX04092,2026-05-04,CUST0153,Rwanda,NAIROBI,USB-C Hub,Accessories,1,6162.18,Bank Transfer,Amina,Individual,Cancelled
TX00249,2026-05-09,CUST0612,KENYA,Mombasa,Tablet,Hardware,1,43914.69,Card,Amina,SME ,Completed
TX04828,2026-02-13,CUST0104,KENYA,Kampala,Laptop Bag,Accessories,1,3295.65,Cash,David,Individual,Pending
TX01243,2026-04-24,CUST1008,TANZANIA,MOMBASA,Office Laptop,Hardware,1,89625.67,Card,Carol,Corporate,Pending
TX00812,2026-03-11,CUST0875,Kenya,Dar es Salaam,External SSD,Storage,1,13689.27,Bank Transfer,Brian,Corporate,Completed
TX04142,2026-05-12,CUST0122,UGANDA,Arusha,Keyboard,Accessories,2,2510.84,Card,John,Corporate,Pending
TX02312,2026-06-25,CUST0130,TANZANIA,Mombasa,Keyboard,Accessories,3,2629.58,Card,Amina,Corporate,Completed
TX03893,2026-05-13,CUST0992,Uganda,Arusha,Headset,Accessories,1,5236.44,M-Pesa,Faith,SME,Completed
TX00997,2026-01-23,CUST0416,KENYA,Kisumu,External SSD,Storage,1,14841.41,Cash,Brian,Individual,Completed
TX02776,2026-05-06,CUST0447,KENYA,Kigali,Keyboard,Accessories,1,2408.92,Cash,John,Individual,Completed
TX04387,2026-01-08,CUST0132,Tanzania,Kampala,Laptop Stand,Accessories,1,4479.62,Card,David,Corporate,Completed
TX03216,2026-01-16,CUST0545,Uganda,Kisumu,Monitor,Hardware,2,23862.79,Card,Faith,Corporate,Completed
TX01159,2026-01-16,CUST1029,KENYA,Kampala,External SSD,Storage,2,15153.63,Card,Carol,Corporate,Completed
TX04326,2026-05-14,CUST1184,Rwanda,Kisumu,External SSD,Storage,2,14408.7,M-Pesa,Carol,Corporate,Completed
TX02664,2026-04-25,CUST0087,TANZANIA,Kampala,USB-C Hub,Accessories,1,6633.19,Card,Faith,SME,Completed
TX01118,2026-03-26,CUST0785,Uganda,Kisumu,Monitor,Hardware,1,21102.69,Cash,Faith,SME,Pending
TX01050,2026-02-14,CUST0348,Uganda,Kisumu,Keyboard,Accessories,1,2613.85,M-Pesa,Brian,Individual,Completed
TX04199,2026-06-27,CUST0839,TANZANIA,Kigali,Office Laptop,Hardware,1,85684.93,Cash,Carol,SME,Completed
TX01232,2026-02-25,CUST0464,Rwanda,MOMBASA,Keyboard,Accessories,3,2250.12,Card,John,Corporate,Completed
TX00678,2026-03-29,CUST1076,KENYA,Dar es Salaam,Headset,Accessories,1,5592.8,Card,Carol,Individual,Completed
TX02993,2026-01-25,CUST0231,Rwanda,Mombasa,Monitor,Hardware,1,21819.88,Bank Transfer,Amina,Corporate,Completed
TX00081,2026-03-27,CUST0126,Kenya,Dar es Salaam,Laptop Stand,Accessories,1,4557.57,Cash,Amina,Individual,Completed
TX03222,2026-04-30,CUST0208,KENYA,NAIROBI,Headset,Accessories,1,5389.21,M-Pesa,George,SME,Completed
TX02448,2026-01-17,CUST0081,Tanzania,Mombasa,Tablet,Hardware,2,41607.15,Cash,David,Corporate,Cancelled
TX00801,2026-01-31,CUST1078,Rwanda,Nairobi,Laptop Stand,Accessories,2,4921.93,Cash,Brian,SME,Completed
TX01610,2026-02-11,CUST0102,Rwanda,Nairobi,Laptop Bag,Accessories,1,3644.69,M-Pesa,Irene,Individual,Completed
TX04445,2026-04-16,CUST0642,Kenya,Mombasa,Wireless Mouse,Accessories,2,1847.41,M-Pesa,Faith,SME,Completed
TX00556,2026-03-28,CUST0313,Tanzania,NAIROBI,Headset,Accessories,1,5115.13,Bank Transfer,Irene,Corporate,Completed
TX04400,2026-05-02,CUST1014,KE,Arusha,Laptop Stand,Accessories,3,4107.67,Bank Transfer,Faith,SME,Cancelled
TX04967,2026-03-08,CUST1031,KENYA,MOMBASA,Headset,Accessories,4,5066.89,M-Pesa,Amina,Individual,Completed
TX03976,2026-03-03,CUST0508,Kenya,Arusha,USB-C Hub,Accessories,1,6481.6,Cash,Irene,Individual,Completed
TX03341,2026-02-04,CUST0764,Uganda,Kisumu,Laptop Stand,Accessories,2,4850.54,Bank Transfer,Brian,Individual,Cancelled
TX03616,2026-05-25,CUST0642,KE,NAIROBI,Headset,Accessories,2,4984.27,M-Pesa,John,Individual,Pending
TX04415,2026-01-21,CUST0261,Tanzania,Arusha,Laptop Bag,Accessories,2,3736.66,M-Pesa,John,SME,Cancelled
TX01392,2026-01-17,CUST0306,Rwanda,Mombasa,Laptop Bag,Accessories,1,3617.55,Card,Brian,Corporate,completed
TX00089,2026-06-10,CUST0690,Uganda,Mombasa,USB-C Hub,Accessories,2,6050.67,Cash,Brian,Individual,Cancelled
TX04969,2026-02-19,CUST0304,TANZANIA,Dar es Salaam,Keyboard,Accessories,3,2700.54,M-Pesa,Brian,Individual,Completed
TX02210,2026-04-13,CUST0816,Uganda,Nairobi,Keyboard,Accessories,2,2336.68,Cash,Irene,Corporate,Completed
TX00009,2026-03-22,CUST0419,TANZANIA,Mombasa,External SSD,Storage,1,13901.12,M-Pesa,Carol,Individual,COMPLETED
TX03708,2026-03-27,CUST1165,Tanzania,Arusha,Laptop Stand,Accessories,1,4511.21,Cash,David,SME,Completed
TX01757,2026-03-16,CUST0720,UGANDA,Kigali,USB-C Hub,Accessories,2,6579.21,Bank Transfer,Carol,Individual,Cancelled
TX02459,2026-02-16,CUST0368,Uganda,Dar es Salaam,External SSD,Storage,1,14632.75,Card,Carol,Individual,Pending
TX02999,2026-03-04,CUST0780,Uganda,NAIROBI,Wireless Mouse,Accessories,1,1680.32,Bank Transfer,Irene,SME,Pending
TX01222,2026-06-06,CUST1196,TANZANIA,Mombasa,Tablet,Hardware,3,41793.5,M-Pesa,John,Individual,Completed
TX01745,2026-02-07,CUST0535,TANZANIA,MOMBASA,USB-C Hub,Accessories,1,6096.61,M-Pesa,George,Corporate,Completed
TX04917,2026-04-06,CUST0569,KE,MOMBASA,Office Laptop,Hardware,5,93353.35,Card,George,SME,Completed
TX00145,2026-02-28,CUST0816,Rwanda,Nairobi,Laptop Bag,Accessories,3,3708.2,M-Pesa,Faith,Corporate,Completed
TX03756,2026-06-19,CUST0161,KENYA,NAIROBI,Office Laptop,Hardware,1,94042.77,,Brian,Corporate,Completed
TX03072,2026-01-08,CUST0647,Rwanda,MOMBASA,Keyboard,Accessories,1,2487.73,Bank Transfer,Amina,SME,Completed
TX01478,2026-01-07,CUST0536,Uganda,MOMBASA,Laptop Bag,Accessories,1,3472.37,Bank Transfer,Brian,Individual,Completed
TX01469,2026-02-16,CUST0455,UGANDA,Kisumu,Monitor,Hardware,4,20629.35,Card,Irene,SME,Completed
TX02608,2026-06-06,CUST0967,Kenya,Mombasa,Laptop Stand,Accessories,4,4593.61,Cash,John,Corporate,Completed
TX02202,2026-01-13,CUST0268,Uganda,NAIROBI,USB-C Hub,Accessories,2,5864.94,Cash,Brian,Corporate,Completed
TX00799,2026-03-27,CUST0394,Rwanda,MOMBASA,Laptop Stand,Accessories,4,4740.16,Cash,Amina,SME ,Completed
TX04789,2026-06-06,CUST0152,UGANDA,Kisumu,Tablet,Hardware,4,42354.35,M-Pesa,John,SME,Completed
TX01893,2026-01-06,CUST0527,UGANDA,Mombasa,Office Laptop,Hardware,2,104283.22,Card,Irene,Corporate,COMPLETED
TX02788,2026-03-29,CUST0873,Uganda,NAIROBI,USB-C Hub,Accessories,2,6700.1,Bank Transfer,Faith,SME ,Completed
TX00747,2026-05-20,CUST0825,UGANDA,Mombasa,Office Laptop,Hardware,2,95693.99,Bank Transfer,Carol,SME,Completed
TX04394,2026-06-30,CUST0345,TANZANIA,Kigali,Monitor,Hardware,1,23683.91,M-Pesa,Faith,Corporate,Completed
TX04320,2026-05-31,CUST0541,KENYA,Dar es Salaam,Headset,Accessories,1,4920.1,Card,John,Individual,Completed
TX02390,2026-02-02,CUST0382,Kenya,Kigali,Headset,Accessories,2,4766.6,Cash,Amina,Corporate,Cancelled
TX00101,2026-02-20,CUST0779,Kenya,Kigali,External SSD,Storage,1,14938.96,Bank Transfer,Amina,SME,Pending
TX03920,2026-03-02,CUST0591,Uganda,MOMBASA,Monitor,Hardware,5,20425.38,Cash,George,SME,Completed
TX01814,2026-04-16,CUST1122,Rwanda,Arusha,Headset,Accessories,2,5214.53,Cash,David,Individual,Cancelled
TX03387,2026-01-31,CUST0521,TANZANIA,Mombasa,External SSD,Storage,1,13596.6,Card,David,SME,Completed
TX00706,2026-04-13,,UGANDA,MOMBASA,Wireless Mouse,Accessories,3,1640.24,M-Pesa,Amina,Corporate,Completed
TX04920,2026-02-28,CUST0258,TANZANIA,MOMBASA,Laptop Bag,Accessories,2,3492.87,Card,Brian,Individual,Completed
TX04835,2026-06-06,CUST0237,UGANDA,Mombasa,Tablet,Hardware,1,39481.33,Cash,Faith,Individual,Cancelled
TX01935,2026-04-08,CUST0145,Kenya,Kisumu,Office Laptop,Hardware,3,104190.15,Card,Irene,Corporate,COMPLETED
TX02837,2026-02-16,CUST0399,KENYA,Mombasa,External SSD,Storage,3,15773.3,M-Pesa,John,SME,Completed
TX00506,2026-06-03,CUST0818,Uganda,Mombasa,Headset,Accessories,1,5580.18,Bank Transfer,Carol,Individual,Completed
TX02754,2026-03-10,CUST0239,KENYA,Dar es Salaam,External SSD,Storage,1,14555.41,Cash,George,Individual,Completed
TX02111,2026-04-07,CUST0181,Uganda,Kampala,USB-C Hub,Accessories,1,6459.56,Cash,Faith,Individual,Completed
TX00417,2026-05-24,CUST0858,KENYA,Nairobi,Office Laptop,Hardware,1,92924.35,Cash,Brian,Individual,Completed
TX02155,2026-03-27,CUST0217,KENYA,Dar es Salaam,Laptop Stand,Accessories,1,4132.34,Card,Brian,Corporate,Cancelled
TX04278,2026-05-16,CUST0738,TANZANIA,Mombasa,Laptop Bag,Accessories,1,3727.24,Bank Transfer,David,SME,Completed
TX03414,2026-05-17,CUST0132,TANZANIA,Kampala,Laptop Bag,Accessories,2,3404.71,Card,George,SME,Completed
TX02474,2026-01-17,CUST0987,Kenya,MOMBASA,USB-C Hub,Accessories,1,7083.44,Bank Transfer,Amina,Individual,Completed
TX04540,2026-02-17,CUST0742,Tanzania,Arusha,External SSD,Storage,2,13306.4,Cash,Faith,SME,Pending
TX01184,2026-02-22,CUST0860,TANZANIA,Kampala,Monitor,Hardware,1,22485.73,M-Pesa,David,SME,Completed
TX00890,2026-01-26,CUST0604,KENYA,Kampala,USB-C Hub,Accessories,1,6605.26,M-Pesa,Irene,Corporate,Completed
TX04167,2026-06-28,CUST0062,Rwanda,Arusha,Laptop Stand,Accessories,2,4356.12,Cash,Brian,Individual,Pending
TX03380,2026-06-28,CUST1168,Tanzania,Kigali,External SSD,Storage,1,15292.17,Bank Transfer,Carol,SME,Cancelled
TX02926,2026-03-03,CUST0850,Tanzania,MOMBASA,Laptop Bag,Accessories,1,3841.88,Bank Transfer,Faith,SME,Completed
TX04937,2026-02-07,CUST0508,UGANDA,Arusha,Headset,Accessories,4,4737.77,Bank Transfer,Carol,SME,Completed
TX02743,2026-05-11,CUST0467,Rwanda,Kisumu,Keyboard,Accessories,1,2454.61,M-Pesa,Brian,Individual,Cancelled
TX02355,2026-02-08,CUST0037,Uganda,Dar es Salaam,Keyboard,Accessories,1,2682.27,Cash,John,Individual,Completed
TX04900,2026-01-09,CUST1091,KENYA,Mombasa,Laptop Stand,Accessories,1,4879.48,M-Pesa,John,Individual,Completed
TX04446,2026-03-01,CUST1047,KENYA,NAIROBI,Office Laptop,Hardware,1,99358.15,Bank Transfer,Amina,Corporate,Cancelled
TX03839,2026-01-22,CUST0451,Uganda,Kampala,Tablet,Hardware,1,45458.72,Card,Faith,SME,Completed
TX00692,2026-04-12,CUST0993,KE,Nairobi,Keyboard,Accessories,2,2551.45,M-Pesa,Irene,SME ,Completed
TX00298,2026-06-13,CUST0375,Tanzania,NAIROBI,External SSD,Storage,2,15502.25,M-Pesa,Faith,SME,Completed
TX00684,2026-04-27,CUST1140,KE,Dar es Salaam,Keyboard,Accessories,1,2416.89,Card,Carol,Corporate,Completed
TX01742,2026-05-13,CUST0573,Tanzania,Kisumu,External SSD,Storage,1,15053.34,Card,Irene,SME,Pending
TX02338,2026-03-01,CUST0930,Kenya,Kampala,External SSD,Storage,1,14055.74,Cash,Brian,SME,Completed
TX04658,2026-05-16,CUST0426,TANZANIA,Arusha,Headset,Accessories,2,5222.48,Bank Transfer,Amina,Individual,Completed
TX03054,2026-05-02,CUST0307,TANZANIA,Dar es Salaam,Tablet,Hardware,1,43570.04,Bank Transfer,Amina,Corporate,Completed
TX00231,2026-06-02,CUST0846,Rwanda,NAIROBI,Wireless Mouse,Accessories,1,1741.78,Cash,Brian,Individual,Completed
TX00423,2026-03-20,CUST0828,UGANDA,Mombasa,Laptop Stand,Accessories,1,4080.31,Cash,George,SME,Pending
TX04705,2026-05-27,CUST0347,Kenya,MOMBASA,Keyboard,Accessories,2,2451.81,Bank Transfer,John,SME,Pending
TX04908,2026-02-12,CUST0816,Rwanda,Arusha,USB-C Hub,Accessories,2,6326.93,Card,Carol,Individual,Pending
TX03389,2026-05-30,CUST0637,TANZANIA,Dar es Salaam,Keyboard,Accessories,1,2316.01,Bank Transfer,George,Individual,Completed
TX01216,2026-06-14,CUST0393,UGANDA,MOMBASA,Wireless Mouse,Accessories,2,1978.26,Card,David,Individual,Completed
TX02035,2026-06-23,CUST0244,Rwanda,Kampala,Laptop Stand,Accessories,4,4419.53,Cash,John,Corporate,Completed
TX04831,2026-01-21,CUST1020,UGANDA,MOMBASA,Laptop Stand,Accessories,4,4373.29,M-Pesa,Faith,Corporate,Completed
TX01906,2026-06-24,CUST0947,UGANDA,Arusha,Headset,Accessories,1,4827.56,Bank Transfer,Brian,Corporate,Completed
TX03483,2026-04-16,CUST0009,Kenya,Dar es Salaam,Keyboard,Accessories,4,2689.73,Bank Transfer,Brian,SME,Pending
TX01433,2026-01-24,CUST0804,TANZANIA,MOMBASA,USB-C Hub,Accessories,1,6688.93,Bank Transfer,Brian,SME,Completed
TX02658,2026-06-29,CUST0021,KENYA,Arusha,Laptop Stand,Accessories,1,4281.02,Card,Irene,Individual,Completed
TX00878,2026-04-21,CUST0072,TANZANIA,Arusha,Laptop Bag,Accessories,1,3472.08,Card,Brian,Corporate,completed
TX02079,2026-03-20,CUST0613,KE,Dar es Salaam,USB-C Hub,Accessories,1,6334.58,Card,John,Corporate,Pending
TX01506,2026-03-24,CUST0056,Uganda,Kisumu,Keyboard,Accessories,1,2508.98,Card,Brian,SME,Pending
TX00766,2026-02-17,CUST1173,TANZANIA,Mombasa,Headset,Accessories,1,5455.45,Cash,David,SME,Cancelled
TX02645,2026-03-20,CUST0551,Uganda,Dar es Salaam,Laptop Bag,Accessories,2,3602.38,Cash,George,Corporate,Cancelled
TX02663,2026-03-26,CUST0849,Rwanda,Kisumu,Office Laptop,Hardware,1,103367.17,Card,Faith,SME,Pending
TX03759,2026-05-10,CUST0866,Rwanda,,External SSD,Storage,1,14336.05,Bank Transfer,George,Corporate,Completed
TX00643,2026-06-17,CUST0663,UGANDA,Nairobi,Laptop Stand,Accessories,5,4455.25,Bank Transfer,John,SME,Pending
TX04095,2026-06-19,CUST0735,Uganda,Mombasa,Office Laptop,Hardware,4,90458.41,Bank Transfer,Amina,Individual,Completed
TX04797,2026-06-22,CUST0407,Rwanda,Arusha,Keyboard,Accessories,2,2477.06,Cash,Carol,SME,Pending
TX03771,2026-03-21,CUST0105,Kenya,Kisumu,Laptop Stand,Accessories,2,4680.71,Bank Transfer,George,Corporate,Completed
TX00843,2026-04-08,CUST1089,Rwanda,Nairobi,Headset,Accessories,4,5517.3,M-Pesa,Amina,Individual,COMPLETED
TX01737,2026-03-28,CUST1159,Rwanda,NAIROBI,Keyboard,Accessories,3,2379.25,Bank Transfer,Irene,Corporate,Completed
TX03354,2026-05-26,CUST1076,Kenya,Dar es Salaam,Office Laptop,Hardware,2,89703.63,Cash,George,Individual,Completed
TX03408,2026-01-03,CUST0749,Rwanda,Dar es Salaam,Wireless Mouse,Accessories,1,1813.56,Cash,Irene,Individual,Completed
TX01894,2026-01-16,CUST0934,Kenya,MOMBASA,Laptop Stand,Accessories,2,4284.75,M-Pesa,Irene,Individual,Completed
TX01026,2026-06-29,CUST0890,KE,Mombasa,Laptop Stand,Accessories,1,4651.03,Cash,David,Individual,Completed
TX00374,2026-05-28,CUST0428,KE,Kigali,Keyboard,Accessories,4,2363.36,Bank Transfer,Brian,SME,Completed
TX02649,2026-06-12,CUST0024,Rwanda,Kisumu,Laptop Bag,Accessories,3,3663.29,M-Pesa,Amina,SME,Completed
TX00430,2026-02-28,CUST0780,TANZANIA,Kisumu,Headset,Accessories,4,5646.31,Card,David,SME,Pending
TX01262,2026-02-21,CUST0560,Kenya,Mombasa,USB-C Hub,Accessories,1,7021.82,Card,Carol,Corporate,Pending
TX00970,2026-04-11,CUST0798,TANZANIA,Kisumu,External SSD,Storage,1,14994.57,Card,David,Corporate,Completed
TX00150,2026-01-17,CUST0918,KENYA,MOMBASA,USB-C Hub,Accessories,4,6744.25,M-Pesa,Brian,SME,Completed
TX01261,2026-01-18,CUST0806,Uganda,Kisumu,Wireless Mouse,Accessories,1,1928.86,Cash,David,Individual,Pending
TX04973,2026-03-13,CUST0258,Tanzania,Kigali,Tablet,Hardware,4,45947.37,Bank Transfer,Irene,SME ,Completed
TX02805,2026-04-20,CUST0245,Rwanda,Mombasa,Keyboard,Accessories,2,2252.65,Card,John,Corporate,Cancelled
TX04468,2026-02-20,CUST0210,Tanzania,MOMBASA,Monitor,Hardware,3,22186.68,Bank Transfer,George,SME,Cancelled
TX02058,2026-06-13,CUST0457,Kenya,NAIROBI,Headset,Accessories,2,5530.59,Bank Transfer,George,Corporate,Completed
TX00492,2026-02-17,CUST0099,KE,MOMBASA,Headset,Accessories,2,4734.49,Bank Transfer,Carol,Individual,Completed
TX04933,2026-05-28,CUST0938,UGANDA,Dar es Salaam,USB-C Hub,Accessories,2,6506.7,Bank Transfer,George,Corporate,Completed
TX02385,2026-04-26,CUST0893,KE,Kigali,Office Laptop,Hardware,1,86306.18,Bank Transfer,John,Corporate,Completed
TX00013,2026-05-31,CUST1195,Uganda,MOMBASA,Keyboard,Accessories,1,2568.21,M-Pesa,David,Individual,Pending
TX00094,2026-01-23,CUST0665,Tanzania,Nairobi,External SSD,Storage,1,14391.77,M-Pesa,Amina,Corporate,Completed
TX03367,2026-03-14,CUST0445,Uganda,Mombasa,Laptop Bag,Accessories,2,3376.76,Card,George,Corporate,Cancelled
TX04212,2026-06-25,,Uganda,MOMBASA,Laptop Bag,Accessories,1,3709.02,M-Pesa,Amina,SME,Completed
TX02017,2026-05-15,CUST0552,KENYA,Nairobi,USB-C Hub,Accessories,1,6802.2,Cash,Carol,Individual,Completed
TX03817,2026-05-25,CUST1080,Uganda,Kisumu,Wireless Mouse,Accessories,1,1932.72,M-Pesa,Brian,Corporate,Pending
TX04440,2026-03-30,CUST0708,TANZANIA,Kigali,USB-C Hub,Accessories,4,6304.99,Bank Transfer,George,Individual,Completed
TX04002,2026-03-21,CUST1140,Uganda,Nairobi,USB-C Hub,Accessories,2,6200.7,Card,George,Individual,Completed
TX03748,2026-04-21,CUST0262,Tanzania,Mombasa,Keyboard,Accessories,3,2292.58,Card,John,SME,Completed
TX01221,2026-03-31,CUST0874,Kenya,Mombasa,Tablet,Hardware,3,44225.04,Cash,Irene,Individual,Completed
TX03662,2026-06-11,CUST0425,TANZANIA,Mombasa,Keyboard,Accessories,2,2256.83,Bank Transfer,Irene,SME,Completed
TX02380,2026-01-18,CUST0043,Rwanda,Kigali,Laptop Stand,Accessories,3,4372.11,M-Pesa,Brian,Individual,Pending
TX01095,2026-03-29,CUST1014,Tanzania,Arusha,External SSD,Storage,1,13476.04,Card,Faith,Individual,Completed
TX00882,2026-06-24,CUST0743,UGANDA,NAIROBI,Laptop Bag,Accessories,1,3366.72,M-Pesa,George,Individual,Cancelled
TX04097,2026-04-21,CUST0174,Uganda,Nairobi,External SSD,Storage,1,13796.87,Bank Transfer,Brian,Individual,Completed
TX03185,2026-03-15,CUST1200,Rwanda,Mombasa,Headset,Accessories,1,5573.2,M-Pesa,Faith,Individual,Pending
TX02054,2026-02-20,CUST0392,TANZANIA,Kisumu,Office Laptop,Hardware,1,98688.04,Cash,Amina,Corporate,Completed
TX01633,2026-05-06,CUST0512,KE,MOMBASA,Laptop Bag,Accessories,1,3818.27,Card,Amina,Corporate,Completed
TX03283,2026-06-27,CUST0781,KENYA,NAIROBI,External SSD,Storage,1,15183.85,Card,George,Individual,Completed
TX02766,2026-06-23,CUST0082,Rwanda,Dar es Salaam,Laptop Bag,Accessories,4,3667.73,M-Pesa,Carol,SME,Cancelled
TX02722,2026-03-03,CUST0453,Tanzania,Mombasa,USB-C Hub,Accessories,2,6862.54,M-Pesa,David,Corporate,Pending
TX00832,2026-03-22,CUST0376,Rwanda,NAIROBI,Tablet,Hardware,2,43359.63,Bank Transfer,Irene,Corporate,Cancelled
TX04442,2026-03-14,CUST0450,Rwanda,Mombasa,Office Laptop,Hardware,2,87414.45,Bank Transfer,John,Corporate,Completed
TX01631,2026-12-31,CUST0064,TANZANIA,Dar es Salaam,Monitor,Hardware,1,22285.34,Card,John,SME,Cancelled
TX01535,2026-05-16,CUST0331,KENYA,Kigali,Monitor,Hardware,1,21926.29,M-Pesa,David,Corporate,Completed
TX04928,2026-06-07,CUST0544,KENYA,Arusha,Tablet,Hardware,3,41762.19,Card,George,SME,Completed
TX02813,2026-03-18,CUST0890,Tanzania,Dar es Salaam,Keyboard,Accessories,2,2612.49,M-Pesa,John,Corporate,Pending
TX02828,2026-02-22,CUST0271,TANZANIA,NAIROBI,Headset,Accessories,1,5334.21,M-Pesa,David,SME,Completed
TX01967,2026-02-06,CUST0536,TANZANIA,MOMBASA,Wireless Mouse,Accessories,1,1710.82,M-Pesa,David,SME,Completed
TX00394,2026-06-17,CUST0092,KE,Kampala,Laptop Stand,Accessories,1,4836.35,Card,Brian,Corporate,Completed
TX04627,2026-02-03,CUST0855,KENYA,Arusha,Headset,Accessories,1,5533.94,M-Pesa,John,Corporate,Completed
TX03434,2026-01-27,CUST0299,KE,Arusha,Monitor,Hardware,3,19920.94,Cash,George,SME,Completed
TX03327,2026-04-11,CUST0914,Kenya,MOMBASA,Keyboard,Accessories,2,2524.12,Card,David,SME,Completed
TX00133,2026-05-03,CUST0029,Rwanda,Mombasa,Headset,Accessories,1,5079.32,Card,Amina,Individual,Cancelled
TX03009,2026-02-12,CUST0682,Tanzania,Kigali,USB-C Hub,Accessories,2,6560.19,M-Pesa,Brian,Individual,Completed
TX01946,2026-01-10,CUST1176,Tanzania,NAIROBI,External SSD,Storage,5,13926.34,Cash,John,Corporate,Pending
TX03755,2026-05-20,CUST0359,Uganda,NAIROBI,USB-C Hub,Accessories,1,6136.4,M-Pesa,John,SME,Completed
TX01306,2026-02-24,CUST0177,TANZANIA,Arusha,Office Laptop,Hardware,3,97651.68,Bank Transfer,Faith,Individual,Completed
TX00486,2026-04-03,CUST0288,KENYA,MOMBASA,Headset,Accessories,3,5241.91,Card,Brian,Corporate,Cancelled
TX03078,2026-02-28,CUST0534,Uganda,Kampala,Keyboard,Accessories,1,2734.54,M-Pesa,Irene,SME,Completed
TX04769,2026-05-04,CUST0876,Rwanda,Kampala,Tablet,Hardware,1,42028.36,Cash,Faith,SME ,Completed
TX04594,2026-06-17,CUST1094,Uganda,Dar es Salaam,Tablet,Hardware,1,38209.77,Cash,Irene,Corporate,Completed
TX00806,2026-06-29,CUST0689,Rwanda,NAIROBI,Keyboard,Accessories,5,2306.19,M-Pesa,David,SME ,Completed
TX00288,2026-05-04,CUST0602,Rwanda,MOMBASA,USB-C Hub,Accessories,3,5914.35,Bank Transfer,Faith,Individual,Completed
TX04380,2026-06-30,CUST0519,Rwanda,Kampala,Tablet,Hardware,2,39432.61,Bank Transfer,David,SME,Completed
TX03231,2026-05-13,CUST0968,UGANDA,Kigali,Headset,Accessories,1,5384.04,Card,Carol,SME,Completed
TX04064,2026-06-07,CUST0769,KE,Kampala,Laptop Bag,Accessories,5,3621.26,Cash,George,SME,Completed
TX01982,2026-04-08,CUST0666,KE,Kampala,Laptop Bag,Accessories,1,3416.82,Cash,George,Individual,Completed
TX01057,2026-05-15,CUST0259,UGANDA,Nairobi,Laptop Bag,Accessories,5,3846.0,Cash,Carol,Corporate,Completed
TX01719,2026-05-01,CUST0460,KE,Arusha,Headset,Accessories,5,5544.8,Bank Transfer,Irene,Individual,Completed
TX04281,2026-05-19,CUST0178,Rwanda,Kisumu,Laptop Stand,Accessories,1,4082.5,M-Pesa,Amina,Individual,Cancelled
TX01045,2026-06-30,CUST1194,TANZANIA,Kisumu,External SSD,Storage,1,15539.28,Bank Transfer,Faith,Individual,Cancelled
TX04304,2026-02-22,CUST0342,Tanzania,NAIROBI,Monitor,Hardware,5,21275.89,Bank Transfer,David,Corporate,Pending
TX04978,2026-03-07,CUST0193,Tanzania,Kampala,Keyboard,Accessories,5,2559.04,Cash,Carol,Corporate,Completed
TX03465,2026-01-30,CUST0055,Rwanda,Mombasa,USB-C Hub,Accessories,4,6536.21,Cash,Amina,SME,Completed
TX01724,2026-06-05,CUST0694,Uganda,Kampala,External SSD,Storage,4,14458.26,Cash,David,Individual,Pending
TX03831,2026-04-25,CUST0604,Uganda,Arusha,Monitor,Hardware,2,20674.92,M-Pesa,Brian,Individual,Cancelled
TX03808,2026-01-03,CUST0211,TANZANIA,Dar es Salaam,Headset,Accessories,2,5197.89,M-Pesa,Brian,SME,Completed
TX00473,2026-04-03,CUST0585,Rwanda,Kampala,Tablet,Hardware,2,41697.45,Bank Transfer,John,SME,Pending
TX03221,2026-03-21,CUST0133,Rwanda,,Tablet,Hardware,1,42458.82,M-Pesa,Faith,Corporate,Cancelled
TX03198,2026-01-24,CUST0401,Kenya,Mombasa,Keyboard,Accessories,2,2401.73,Cash,Brian,SME,Completed
TX00110,2026-03-28,CUST1032,Uganda,Nairobi,Tablet,Hardware,1,43209.6,M-Pesa,Amina,Corporate,Completed
TX02893,2026-05-18,CUST0851,UGANDA,Nairobi,Tablet,Hardware,3,45919.92,Cash,John,Corporate,Completed
TX00472,2026-06-29,CUST0503,KENYA,Kigali,External SSD,Storage,2,15655.32,Bank Transfer,Faith,Individual,Completed
TX01774,2026-02-10,CUST0482,TANZANIA,Nairobi,Office Laptop,Hardware,1,103548.57,Card,John,SME ,Pending
TX02347,2026-02-05,CUST0758,Uganda,Dar es Salaam,USB-C Hub,Accessories,1,7131.03,Card,Irene,SME,Completed
TX00578,2026-06-21,CUST1147,Kenya,Kampala,USB-C Hub,Accessories,1,6967.58,Bank Transfer,Brian,Individual,Completed
TX01947,2026-02-10,CUST0505,UGANDA,Mombasa,USB-C Hub,Accessories,5,6453.45,M-Pesa,Carol,SME,Completed
TX02192,2026-03-16,CUST0498,KE,Nairobi,Keyboard,Accessories,1,2492.87,Cash,Irene,SME,Pending
TX03750,2026-03-14,CUST0587,KENYA,NAIROBI,Laptop Bag,Accessories,1,3185.67,Card,George,Corporate,Completed
TX04246,2026-01-13,CUST0086,Kenya,Kampala,Tablet,Hardware,3,39255.66,M-Pesa,Amina,Corporate,Completed
TX04800,2026-02-26,CUST0952,Tanzania,Kigali,External SSD,Storage,2,14161.44,Cash,Irene,Individual,Completed
TX04127,2026-03-02,CUST0222,Uganda,Kampala,External SSD,Storage,1,14745.89,M-Pesa,Irene,Individual,Completed
TX04349,2026-03-07,CUST0258,Rwanda,Kigali,Headset,Accessories,2,4965.41,Bank Transfer,John,Corporate,Pending
TX01965,2026-05-28,CUST1013,KE,Mombasa,Laptop Bag,Accessories,1,3809.0,M-Pesa,Irene,Individual,Cancelled
TX03130,2026-04-22,CUST0816,UGANDA,MOMBASA,Laptop Bag,Accessories,5,3735.22,Cash,George,Corporate,COMPLETED
TX04324,2026-05-07,CUST0579,UGANDA,Kigali,Tablet,Hardware,1,41421.78,Card,Amina,Corporate,Completed
TX02843,2026-04-09,CUST0608,UGANDA,Mombasa,Monitor,Hardware,3,21705.98,Card,Carol,Corporate,COMPLETED
TX03260,2026-06-07,CUST0908,UGANDA,Kisumu,Office Laptop,Hardware,5,92369.96,M-Pesa,Amina,SME,COMPLETED
TX02406,2026-05-25,CUST1002,Tanzania,Mombasa,Keyboard,Accessories,3,2312.43,Cash,Brian,Corporate,Cancelled
TX01271,2026-02-14,CUST1107,KE,Kampala,Laptop Stand,Accessories,2,4632.9,M-Pesa,Brian,Individual,Completed
TX02064,2026-03-02,CUST0804,KENYA,Mombasa,Office Laptop,Hardware,1,92363.97,Card,Amina,Individual,Completed
TX01033,2026-01-19,CUST0707,Tanzania,Mombasa,Laptop Stand,Accessories,1,4231.02,Bank Transfer,Brian,Corporate,Completed
TX01984,2026-01-07,CUST0085,UGANDA,Kampala,Laptop Stand,Accessories,1,4910.95,Card,Faith,SME,Cancelled
TX02756,2026-03-14,CUST0870,Uganda,Arusha,Office Laptop,Hardware,1,90306.1,Bank Transfer,Amina,SME,Completed
TX00752,2026-03-01,CUST1024,Uganda,Kisumu,External SSD,Storage,2,14166.81,Card,Brian,Individual,Completed
TX02243,2026-04-22,CUST0357,UGANDA,MOMBASA,Laptop Stand,Accessories,2,4165.03,Cash,Amina,SME ,Completed
TX00587,2026-01-09,CUST0612,Kenya,NAIROBI,Laptop Stand,Accessories,1,4426.83,Card,John,SME,Completed
TX02835,2026-02-07,CUST0998,UGANDA,Kisumu,Laptop Stand,Accessories,1,4295.2,Card,David,Individual,Completed
TX02573,2026-02-18,CUST0560,Kenya,MOMBASA,Wireless Mouse,Accessories,2,1665.29,M-Pesa,George,Corporate,Completed
TX01879,2026-06-29,CUST0547,Uganda,Nairobi,Laptop Stand,Accessories,2,4082.11,Bank Transfer,Irene,Individual,Completed
TX02400,2026-04-23,CUST0768,UGANDA,Kisumu,External SSD,Storage,2,15304.38,Card,John,SME ,Pending
TX02969,2026-05-13,CUST0434,Tanzania,Mombasa,Laptop Stand,Accessories,1,4225.95,Card,Amina,SME,Completed
TX03746,2026-03-28,CUST1145,Rwanda,Arusha,Keyboard,Accessories,3,2279.33,Bank Transfer,Faith,Individual,Completed
TX01213,2026-01-17,CUST0761,KENYA,Nairobi,Keyboard,Accessories,1,2384.75,M-Pesa,Amina,Corporate,Completed
TX01540,2026-05-07,CUST0048,Rwanda,Nairobi,Headset,Accessories,1,5288.9,M-Pesa,Amina,Corporate,Cancelled
TX00415,2026-03-02,CUST1160,Uganda,NAIROBI,Wireless Mouse,Accessories,2,1794.24,M-Pesa,Brian,SME,Completed
TX01933,2026-06-09,CUST1027,KE,Kampala,Tablet,Hardware,1,40503.35,Bank Transfer,Faith,SME,Pending
TX03314,2026-02-03,CUST1143,KE,MOMBASA,Laptop Stand,Accessories,2,4387.78,Card,Faith,Corporate,Completed
TX01188,2026-06-27,CUST0314,Uganda,Kisumu,Wireless Mouse,Accessories,1,1851.31,Bank Transfer,David,Individual,Pending
TX02306,2026-03-16,CUST0383,Uganda,Mombasa,Headset,Accessories,1,5648.11,Bank Transfer,Faith,SME,Completed
TX01198,2026-01-03,CUST0979,TANZANIA,Mombasa,Wireless Mouse,Accessories,1,1859.33,Cash,Brian,Corporate,Cancelled
TX00438,2026-04-05,CUST0366,Kenya,Arusha,Tablet,Hardware,2,42865.53,Cash,David,Corporate,Pending
TX04712,2026-04-26,CUST0510,KE,Kigali,Wireless Mouse,Accessories,2,1876.81,Cash,Irene,SME,Pending
TX00808,2026-05-02,CUST1036,Kenya,Dar es Salaam,Tablet,Hardware,2,39489.87,Bank Transfer,Irene,Individual,Completed
TX01472,2026-05-08,CUST0378,Kenya,Arusha,Monitor,Hardware,1,24067.52,Cash,Irene,SME,Pending
TX00291,2026-04-19,CUST0445,Rwanda,Kisumu,External SSD,Storage,1,14241.96,Cash,Amina,Individual,Completed
TX03836,2026-02-11,CUST0776,Rwanda,Dar es Salaam,Office Laptop,Hardware,1,86152.64,Cash,Brian,SME,Completed
TX01449,2026-02-20,CUST0052,KENYA,Kampala,Tablet,Hardware,2,44366.67,M-Pesa,Carol,Corporate,Completed
TX00253,2026-05-23,CUST0492,Rwanda,MOMBASA,USB-C Hub,Accessories,3,5878.37,Cash,John,SME,Pending
TX03551,2026-05-12,CUST0881,KENYA,Nairobi,External SSD,Storage,1,13491.07,Bank Transfer,Brian,SME,completed
TX03952,2026-04-07,CUST1009,Kenya,Nairobi,Monitor,Hardware,2,21767.38,Cash,John,Corporate,Completed
TX00351,2026-06-11,CUST0362,Rwanda,NAIROBI,Wireless Mouse,Accessories,2,1762.27,Cash,George,Corporate,Pending
TX04103,2026-02-14,CUST0514,Uganda,Kigali,Office Laptop,Hardware,1,99276.86,M-Pesa,Amina,SME,Pending
TX00347,2026-03-19,CUST0302,Tanzania,Kampala,Tablet,Hardware,2,38440.41,M-Pesa,Irene,SME,Completed
TX02124,2026-05-28,CUST1054,KE,MOMBASA,Wireless Mouse,Accessories,2,1735.97,Card,Irene,Individual,Pending
TX04303,2026-05-10,CUST0611,Kenya,Dar es Salaam,Headset,Accessories,2,4833.11,Cash,Faith,SME,Completed
TX00458,2026-02-13,CUST1122,TANZANIA,Nairobi,Laptop Bag,Accessories,3,3799.87,Cash,Amina,Corporate,Completed
TX04480,2026-04-07,CUST1116,Tanzania,Kampala,Laptop Stand,Accessories,1,4909.37,Cash,David,SME,Completed
TX00091,2026-03-10,CUST0236,TANZANIA,Nairobi,External SSD,Storage,2,15353.44,Card,George,Individual,Cancelled
TX01659,2026-06-08,CUST0766,Uganda,Nairobi,Wireless Mouse,Accessories,1,1932.42,Cash,Faith,Corporate,Completed
TX04750,2026-04-29,CUST0831,Tanzania,Dar es Salaam,Laptop Bag,Accessories,2,3750.6,Card,Faith,SME,Completed
TX03041,2026-04-04,CUST0140,Tanzania,NAIROBI,Keyboard,Accessories,1,2581.15,Card,Faith,Individual,Pending
TX02648,2026-06-10,CUST0221,Tanzania,Arusha,Office Laptop,Hardware,3,99236.53,M-Pesa,Faith,Individual,Completed
TX03871,2026-06-15,CUST0684,UGANDA,NAIROBI,Wireless Mouse,Accessories,1,1669.25,Cash,John,Corporate,Completed
TX00027,2026-06-10,CUST0801,Kenya,MOMBASA,Wireless Mouse,Accessories,2,1854.71,Card,Faith,Corporate,Completed
TX01630,2026-03-20,CUST0559,KE,NAIROBI,Keyboard,Accessories,4,2323.4,M-Pesa,George,Corporate,Completed
TX04616,2026-02-04,CUST0858,Uganda,Kampala,Tablet,Hardware,2,41001.97,Cash,Carol,Individual,Completed
TX00585,2026-06-20,CUST0848,KENYA,Nairobi,USB-C Hub,Accessories,1,6916.33,Card,Irene,SME,Completed
TX03800,2026-01-17,CUST0655,KENYA,Kigali,Headset,Accessories,2,5544.55,M-Pesa,Carol,Corporate,Cancelled
TX04082,2026-04-02,CUST0672,KE,Kampala,Wireless Mouse,Accessories,5,1787.48,M-Pesa,Amina,SME ,Completed
TX04670,2026-02-28,CUST1168,TANZANIA,Mombasa,Tablet,Hardware,1,38470.81,M-Pesa,Brian,SME,Cancelled
TX03998,2026-05-29,CUST0820,TANZANIA,NAIROBI,Laptop Stand,Accessories,2,4472.48,M-Pesa,George,Corporate,Cancelled
TX03886,2026-02-21,CUST0779,Kenya,Arusha,Wireless Mouse,Accessories,1,1624.07,Bank Transfer,John,Individual,Cancelled
TX03077,2026-06-18,CUST0101,KE,NAIROBI,Keyboard,Accessories,1,2587.17,Card,Amina,Corporate,Completed
TX03829,2026-01-20,CUST0290,Tanzania,Nairobi,External SSD,Storage,4,15693.52,M-Pesa,Brian,Individual,Completed
TX03246,2026-03-28,CUST0209,Rwanda,Arusha,USB-C Hub,Accessories,1,6314.5,Card,Carol,Individual,Cancelled
TX02673,2026-03-31,CUST0357,KENYA,Dar es Salaam,USB-C Hub,Accessories,2,7093.35,Card,David,SME ,Completed
TX01104,2026-04-19,CUST0801,KE,Nairobi,Wireless Mouse,Accessories,1,1952.87,M-Pesa,George,Corporate,Completed
TX04073,2026-01-04,CUST0350,TANZANIA,Mombasa,Headset,Accessories,1,5646.61,Cash,Carol,SME,Completed
TX04355,2026-06-06,CUST0545,Kenya,Kampala,Tablet,Hardware,2,43175.91,Card,Faith,Corporate,Completed
TX00255,2026-06-10,CUST0629,UGANDA,Kigali,Office Laptop,Hardware,4,103879.77,Cash,Irene,SME,Completed
TX04640,2026-03-15,CUST1079,Tanzania,Dar es Salaam,Office Laptop,Hardware,1,93269.92,Cash,John,Corporate,Completed
TX01780,2026-06-01,CUST0991,Kenya,Arusha,Monitor,Hardware,3,23600.76,Card,Carol,SME,Cancelled
TX02037,2026-06-09,CUST0399,TANZANIA,MOMBASA,Laptop Bag,Accessories,1,3605.31,Bank Transfer,Irene,SME ,Completed
TX04382,2026-02-27,CUST0580,KENYA,Kampala,External SSD,Storage,1,13359.75,Card,John,Corporate,Cancelled
TX02592,2026-05-29,CUST1050,TANZANIA,MOMBASA,Office Laptop,Hardware,1,87446.94,Bank Transfer,Irene,Individual,Completed
TX03838,2026-01-09,CUST1078,TANZANIA,Arusha,Wireless Mouse,Accessories,5,1703.64,Cash,John,SME,Completed
TX03556,2026-01-07,CUST1067,Rwanda,Dar es Salaam,Laptop Bag,Accessories,4,3785.6,Cash,David,Individual,Cancelled
TX04761,2026-06-11,CUST1082,TANZANIA,NAIROBI,Monitor,Hardware,1,19861.33,Cash,Carol,SME,Completed
TX01752,2026-03-28,CUST0754,Uganda,Kampala,Monitor,Hardware,1,21312.78,Bank Transfer,Brian,Corporate,Pending
TX04851,2026-04-23,CUST0985,Uganda,Dar es Salaam,Monitor,Hardware,2,20199.05,Cash,Amina,Corporate,Completed
TX00316,2026-06-20,CUST0906,UGANDA,Kampala,Headset,Accessories,1,5175.92,Card,John,SME,Completed
TX04253,2026-04-18,CUST0515,Uganda,MOMBASA,Office Laptop,Hardware,1,103148.06,Cash,Brian,SME,Cancelled
TX01591,2026-01-29,CUST0123,KE,Arusha,Laptop Stand,Accessories,2,4192.7,Card,Carol,SME,Cancelled
TX02768,2026-02-11,CUST0959,Kenya,Kigali,Headset,Accessories,1,5002.43,Card,David,Corporate,Pending
TX02358,2026-04-05,CUST0919,Uganda,Kampala,Tablet,Hardware,4,41581.8,Cash,David,Individual,Pending
TX04501,2026-06-10,CUST0250,Kenya,Nairobi,Tablet,Hardware,4,45546.24,Card,Amina,Individual,Completed
TX00070,2026-02-26,CUST0624,Tanzania,Kisumu,Keyboard,Accessories,2,2676.09,Bank Transfer,Irene,Corporate,Completed
TX04053,2026-03-27,CUST0779,Tanzania,Dar es Salaam,Laptop Stand,Accessories,2,4716.55,Bank Transfer,David,Individual,Completed
TX04437,2026-06-14,CUST0187,Rwanda,Kigali,Laptop Bag,Accessories,1,3587.9,M-Pesa,Irene,Individual,Completed
TX00995,2026-01-23,CUST0816,KENYA,Arusha,Wireless Mouse,Accessories,2,1654.47,Cash,Faith,SME,Completed
TX01053,2026-01-14,CUST0245,Tanzania,Dar es Salaam,Headset,Accessories,2,5469.24,Card,Faith,Corporate,Completed
TX03761,2026-02-15,CUST0951,Rwanda,Nairobi,External SSD,Storage,2,13701.04,Card,Brian,SME,Pending
TX04847,2026-03-10,CUST0318,Rwanda,Kampala,Office Laptop,Hardware,1,95574.16,Cash,Carol,Individual,COMPLETED
TX00388,2026-06-05,CUST0379,UGANDA,Kigali,USB-C Hub,Accessories,1,7007.07,M-Pesa,Carol,SME,Completed
TX02477,2026-04-14,CUST0943,Kenya,Dar es Salaam,Keyboard,Accessories,1,2420.99,Card,Brian,Individual,Completed
TX01565,2026-02-17,CUST0033,Rwanda,Kampala,Wireless Mouse,Accessories,1,1631.32,Cash,Carol,Corporate,Completed
TX04328,2026-01-18,CUST0912,Rwanda,Arusha,Headset,Accessories,1,5335.86,M-Pesa,Brian,Corporate,Completed
TX02183,2026-01-27,CUST0872,Uganda,Mombasa,Office Laptop,Hardware,1,94527.8,Bank Transfer,Amina,Individual,Completed
TX02167,2026-02-21,CUST0515,KENYA,Kisumu,Office Laptop,Hardware,1,89347.48,M-Pesa,Irene,SME,completed
TX01074,2026-04-17,CUST0851,Rwanda,Mombasa,Tablet,Hardware,1,38092.31,Card,Carol,Corporate,Completed
TX00222,2026-06-29,CUST0554,Rwanda,NAIROBI,Tablet,Hardware,1,45063.15,M-Pesa,Brian,Individual,Pending
TX04270,2026-03-12,CUST0047,KENYA,Arusha,Monitor,Hardware,1,21001.43,M-Pesa,Carol,Corporate,Completed
TX02639,2026-02-06,CUST0351,UGANDA,Kampala,External SSD,Storage,1,13724.77,Card,Faith,Individual,Completed
TX02576,2026-04-30,CUST0339,KE,Kigali,Monitor,Hardware,4,23272.25,Cash,Carol,Corporate,Completed
TX04926,2026-01-02,CUST0353,UGANDA,Mombasa,External SSD,Storage,1,14704.59,Bank Transfer,Carol,Individual,Completed
TX01176,2026-03-22,CUST0498,Kenya,Kisumu,External SSD,Storage,3,13793.14,Card,Brian,Individual,Completed
TX01544,2026-03-29,CUST1172,Tanzania,Arusha,Laptop Stand,Accessories,2,4515.85,M-Pesa,Brian,Individual,Completed
TX02367,2026-05-20,CUST1052,Tanzania,Kampala,USB-C Hub,Accessories,1,6310.37,Bank Transfer,Irene,Individual,Completed
TX02331,2026-03-09,CUST0555,Uganda,Kisumu,USB-C Hub,Accessories,1,5899.35,Card,Amina,Corporate,Cancelled
TX04049,2026-04-16,CUST0909,Uganda,Arusha,Office Laptop,Hardware,2,94957.99,M-Pesa,Brian,Individual,Pending
TX00178,2026-01-20,CUST0797,TANZANIA,Kisumu,Monitor,Hardware,1,20051.18,M-Pesa,Irene,Corporate,Completed
TX03110,2026-01-25,CUST0637,UGANDA,Kisumu,Monitor,Hardware,1,23656.55,Bank Transfer,Faith,Corporate,Pending
TX04330,2026-06-28,CUST0672,KE,Kisumu,Wireless Mouse,Accessories,3,1868.48,M-Pesa,Irene,SME,Pending
TX00658,2026-05-29,CUST0604,Tanzania,Mombasa,Headset,Accessories,3,5158.77,M-Pesa,Irene,SME,Completed
TX04413,2026-04-03,,Kenya,MOMBASA,Wireless Mouse,Accessories,1,1802.76,Bank Transfer,David,Corporate,Completed
TX02227,2026-01-04,CUST0023,Rwanda,MOMBASA,Headset,Accessories,1,4731.62,M-Pesa,Amina,SME,Cancelled
TX02698,2026-05-09,CUST0917,Uganda,NAIROBI,Keyboard,Accessories,2,2464.89,Card,Brian,Corporate,Completed
TX01601,2026-01-31,CUST1112,KENYA,Kigali,Office Laptop,Hardware,1,87095.08,Card,Carol,Individual,Completed
TX03983,2026-05-15,CUST0916,TANZANIA,Nairobi,Office Laptop,Hardware,1,101007.94,M-Pesa,Carol,Corporate,Completed
TX04941,2026-06-01,CUST0199,TANZANIA,MOMBASA,Keyboard,Accessories,1,2665.84,Bank Transfer,George,Corporate,COMPLETED
TX02703,2026-06-16,CUST0094,UGANDA,MOMBASA,USB-C Hub,Accessories,1,6857.32,M-Pesa,John,SME,Completed
TX04746,2026-05-27,CUST0472,Rwanda,MOMBASA,Laptop Bag,Accessories,1,3345.55,Card,Faith,SME,Pending
TX03768,2026-01-19,CUST0373,KE,Dar es Salaam,Tablet,Hardware,1,38677.05,Card,Carol,Individual,Pending
TX01336,2026-06-06,CUST0913,KENYA,MOMBASA,Office Laptop,Hardware,1,90468.37,Card,Brian,Individual,Completed
TX00654,2026-04-23,CUST1138,Tanzania,MOMBASA,Monitor,Hardware,4,21097.76,M-Pesa,Brian,Corporate,Cancelled
TX04808,2026-06-09,CUST0179,Kenya,Kigali,Wireless Mouse,Accessories,2,1885.53,Bank Transfer,Amina,Individual,Pending
TX03012,2026-05-12,CUST0677,Tanzania,NAIROBI,USB-C Hub,Accessories,4,5991.27,Bank Transfer,Irene,SME,Completed
TX01617,2026-02-10,CUST0275,Uganda,Kisumu,Laptop Stand,Accessories,3,4423.26,Bank Transfer,John,SME,Completed
TX04663,2026-01-02,CUST0515,KENYA,Kigali,Wireless Mouse,Accessories,1,1860.92,Cash,Amina,SME,Completed
TX03003,2026-06-29,CUST0022,Rwanda,NAIROBI,Tablet,Hardware,2,39148.65,M-Pesa,Carol,SME,Completed
TX03650,2026-04-27,CUST0386,KE,Mombasa,Monitor,Hardware,1,22654.0,Card,Irene,SME ,Completed
TX02173,2026-05-12,CUST0955,TANZANIA,NAIROBI,Laptop Bag,Accessories,2,3818.79,Cash,Amina,Individual,Completed
TX00220,2026-03-06,CUST0213,TANZANIA,Kisumu,Laptop Stand,Accessories,2,4173.4,Card,Brian,Individual,Pending
TX02125,2026-02-06,CUST0283,Kenya,Kisumu,Laptop Stand,Accessories,4,4556.94,Card,Carol,SME,Cancelled
TX03481,2026-03-02,CUST0739,TANZANIA,Dar es Salaam,USB-C Hub,Accessories,1,7007.63,Cash,John,Individual,Cancelled
TX01039,2026-05-27,CUST0553,Uganda,Kampala,Monitor,Hardware,3,22212.96,M-Pesa,Faith,SME,Completed
TX00044,2026-04-06,CUST1016,TANZANIA,Mombasa,USB-C Hub,Accessories,2,5908.9,M-Pesa,Faith,Corporate,Completed
TX00211,2026-01-10,CUST0793,Tanzania,MOMBASA,Wireless Mouse,Accessories,1,1700.50,M-Pesa,George,Individual,Completed
TX04680,2026-02-13,CUST0504,Rwanda,NAIROBI,Headset,Accessories,1,4997.5,Cash,Faith,Individual,Completed
TX00355,2026-04-27,CUST0718,Uganda,MOMBASA,Office Laptop,Hardware,2,92562.76,M-Pesa,Brian,Individual,Cancelled
TX01048,2026-05-03,CUST0484,Uganda,Kampala,Keyboard,Accessories,1,2486.59,Cash,Carol,Corporate,Completed
TX02318,2026-04-07,CUST0314,TANZANIA,Kampala,Headset,Accessories,1,5607.18,Card,Carol,Individual,Completed
TX04350,2026-02-28,CUST1113,KENYA,Arusha,Monitor,Hardware,1,21839.94,Card,David,Individual,Completed
TX02269,2026-02-19,CUST1148,Kenya,Kisumu,Monitor,Hardware,1,21398.89,Cash,John,Individual,Completed
TX00368,2026-04-11,CUST0753,KE,Kisumu,Monitor,Hardware,4,22581.5,M-Pesa,Irene,Individual,Cancelled
TX01700,2026-06-03,CUST0769,TANZANIA,Arusha,Tablet,Hardware,2,46064.31,Cash,Amina,SME,Completed
TX03847,2026-03-26,CUST0887,KE,MOMBASA,Headset,Accessories,2,4920.82,Bank Transfer,David,Individual,Completed
TX01618,2026-04-17,CUST0276,KENYA,NAIROBI,Monitor,Hardware,5,22361.33,Card,Carol,SME,Cancelled
TX00136,2026-05-23,CUST0964,TANZANIA,Kigali,Office Laptop,Hardware,1,102796.44,Cash,Carol,SME,Completed
TX03892,2026-05-18,CUST0641,KE,Kigali,Wireless Mouse,Accessories,3,1788.74,Bank Transfer,George,Individual,Pending
TX00048,2026-03-16,CUST0729,UGANDA,NAIROBI,Keyboard,Accessories,1,2309.08,M-Pesa,Faith,Individual,Pending
TX01537,2026-06-25,CUST0884,Uganda,Nairobi,Laptop Stand,Accessories,3,4906.32,Bank Transfer,George,Individual,Completed
TX02930,2026-03-13,CUST1143,Tanzania,MOMBASA,Monitor,Hardware,1,21061.65,Card,David,SME,Completed
TX02093,2026-02-27,CUST1071,Rwanda,Kigali,Wireless Mouse,Accessories,2,1843.67,Bank Transfer,David,Corporate,Completed
TX02471,2026-01-26,CUST0392,KE,Mombasa,USB-C Hub,Accessories,4,6062.82,M-Pesa,David,SME,Pending
TX02848,2026-02-27,CUST0745,UGANDA,MOMBASA,USB-C Hub,Accessories,2,6012.59,M-Pesa,John,Corporate,Completed
TX01861,2026-03-04,CUST0971,Tanzania,Kisumu,USB-C Hub,Accessories,1,6282.04,Cash,Amina,Corporate,Cancelled
TX03050,2026-02-17,CUST0323,KE,Kigali,Laptop Bag,Accessories,2,3220.32,M-Pesa,Amina,Individual,Completed
TX00062,2026-03-31,CUST0540,Uganda,MOMBASA,External SSD,Storage,2,13854.41,Cash,Faith,Individual,Completed
TX01075,2026-01-13,CUST0098,UGANDA,MOMBASA,Tablet,Hardware,3,41370.02,Cash,Faith,Corporate,Completed
TX04408,2026-06-16,CUST0575,KE,Dar es Salaam,Laptop Stand,Accessories,5,4416.54,Card,Irene,SME,Completed
TX00096,2026-06-04,CUST0157,TANZANIA,Nairobi,Keyboard,Accessories,1,2319.64,Card,Amina,Individual,Completed
TX00479,2026-06-11,CUST1029,TANZANIA,Kigali,USB-C Hub,Accessories,2,5949.54,Card,David,SME,Completed
TX01016,2026-02-23,CUST0349,Kenya,Dar es Salaam,Wireless Mouse,Accessories,1,1879.91,Bank Transfer,Amina,SME,Completed
TX02650,2026-01-31,CUST0361,UGANDA,Kigali,USB-C Hub,Accessories,2,6794.77,M-Pesa,George,SME ,Completed
TX03066,2026-01-03,CUST0058,KE,Dar es Salaam,External SSD,Storage,1,15308.88,Card,John,SME,Completed
TX02814,2026-05-10,CUST0876,Kenya,Kampala,Headset,Accessories,3,5378.39,Card,Irene,SME,Completed
TX02053,2026-03-28,CUST0306,Uganda,Kigali,Office Laptop,Hardware,1,104221.79,M-Pesa,George,Corporate,Pending
TX01169,2026-04-01,CUST0703,KENYA,Mombasa,Monitor,Hardware,1,19899.31,M-Pesa,Irene,SME,Completed
TX01663,2026-06-19,CUST0450,KE,MOMBASA,Tablet,Hardware,1,41546.11,Card,Irene,Corporate,Completed
TX01819,2026-05-30,CUST1005,UGANDA,Kigali,Tablet,Hardware,2,41277.61,M-Pesa,George,Corporate,Completed
TX00323,2026-03-06,CUST0437,UGANDA,Dar es Salaam,Headset,Accessories,4,5014.36,M-Pesa,Faith,Corporate,Completed
TX04517,2026-01-29,CUST0992,Kenya,NAIROBI,Office Laptop,Hardware,5,102912.24,Cash,George,SME,Cancelled
TX02943,2026-02-13,CUST0019,KE,Kisumu,Tablet,Hardware,2,38669.16,Cash,Faith,Individual,Completed
TX03033,2026-05-08,CUST0307,UGANDA,MOMBASA,Monitor,Hardware,2,21961.94,Cash,George,SME,Completed
TX02260,2026-03-02,CUST0396,Uganda,Mombasa,Monitor,Hardware,2,21204.21,M-Pesa,Brian,Corporate,Completed
TX01293,2026-02-12,CUST0040,TANZANIA,Kampala,Laptop Bag,Accessories,5,3257.18,Bank Transfer,Amina,Corporate,Completed
TX01002,2026-03-27,CUST0516,UGANDA,Kigali,Laptop Bag,Accessories,1,3278.24,Card,Irene,Corporate,Completed
TX01426,2026-04-05,CUST0308,KE,Arusha,Monitor,Hardware,1,22253.63,Bank Transfer,Brian,SME,COMPLETED
TX01863,2026-01-24,CUST0278,KE,Kampala,Laptop Bag,Accessories,2,3605.62,M-Pesa,John,Individual,Completed
TX00804,2026-03-11,CUST0489,KENYA,Kampala,Laptop Bag,Accessories,2,3610.56,Card,Irene,SME,Completed
TX00292,2026-04-01,CUST1005,Rwanda,Kigali,Tablet,Hardware,4,44698.07,Bank Transfer,Irene,Individual,Cancelled
TX04078,2026-04-07,CUST0269,TANZANIA,NAIROBI,Laptop Stand,Accessories,2,4445.97,M-Pesa,Irene,SME,Completed
TX04753,2026-01-11,CUST0837,Kenya,NAIROBI,Office Laptop,Hardware,1,103898.48,Card,Carol,Individual,Pending
TX00534,2026-02-04,CUST0920,KENYA,Kigali,Tablet,Hardware,1,38152.5,Bank Transfer,David,SME,Pending
TX02595,2026-06-06,CUST0830,Kenya,Kigali,Laptop Stand,Accessories,1,4333.47,Card,David,SME,Cancelled
TX04425,2026-02-08,CUST1096,TANZANIA,Mombasa,Tablet,Hardware,2,41493.43,Cash,Faith,Corporate,Completed
TX03103,2026-01-14,CUST0038,KENYA,Arusha,Keyboard,Accessories,1,2283.15,Cash,Faith,SME,Pending
TX01744,2026-04-11,CUST0938,KE,NAIROBI,Laptop Bag,Accessories,2,3352.18,M-Pesa,Brian,Individual,COMPLETED
TX02624,2026-06-05,CUST0800,TANZANIA,Kigali,Keyboard,Accessories,1,2599.8,Cash,Irene,SME,Completed
TX02362,2026-04-04,CUST0290,Uganda,MOMBASA,Headset,Accessories,1,4711.28,Cash,George,Corporate,Completed
TX03782,2026-03-12,CUST0445,Tanzania,Dar es Salaam,External SSD,Storage,2,13396.34,M-Pesa,Irene,Corporate,Completed
TX04488,2026-06-07,CUST0047,Tanzania,Kampala,Laptop Bag,Accessories,1,3390.72,M-Pesa,David,SME,Cancelled
TX00429,2026-03-15,CUST0939,KE,NAIROBI,Monitor,Hardware,5,23129.61,M-Pesa,David,Corporate,Pending
TX03995,2026-01-21,CUST0061,Uganda,Dar es Salaam,Headset,Accessories,1,5492.71,Bank Transfer,Amina,Corporate,Pending
TX02143,2026-03-17,CUST0126,Kenya,Kampala,Headset,Accessories,1,4910.47,Cash,George,SME,Cancelled
TX01193,2026-03-03,CUST0376,Tanzania,Kisumu,Wireless Mouse,Accessories,1,1714.65,Bank Transfer,Faith,Individual,Completed
TX02842,2026-01-09,CUST0842,UGANDA,MOMBASA,USB-C Hub,Accessories,1,7053.6,Bank Transfer,John,Corporate,Pending
TX02504,2026-02-16,CUST0345,Rwanda,MOMBASA,Tablet,Hardware,2,45179.5,Cash,Brian,SME,Completed
TX01747,2026-03-01,CUST0467,Tanzania,NAIROBI,Office Laptop,Hardware,1,104209.03,,Irene,Individual,Pending
TX02460,2026-03-16,CUST1155,KENYA,Kisumu,External SSD,Storage,1,14112.51,Card,Brian,Corporate,Completed
TX03699,2026-03-18,,Tanzania,Kisumu,Laptop Stand,Accessories,1,4163.87,Card,David,Individual,Cancelled
TX01859,2026-03-08,CUST1185,UGANDA,Kampala,Keyboard,Accessories,1,2442.43,Bank Transfer,Brian,Individual,Pending
TX01703,2026-05-16,CUST0891,KE,Kampala,Monitor,Hardware,1,21170.58,Cash,Brian,Corporate,completed
TX02532,2026-06-26,CUST1174,Kenya,Kisumu,Monitor,Hardware,2,23023.25,Card,Amina,SME,Completed
TX00829,2026-01-24,CUST0311,Tanzania,MOMBASA,Laptop Bag,Accessories,1,3391.94,M-Pesa,John,Individual,Completed
TX01676,2026-03-14,CUST0741,Tanzania,Mombasa,Laptop Bag,Accessories,5,3521.84,Card,Irene,Individual,Cancelled
TX04600,2026-01-05,CUST0937,KE,Kampala,Wireless Mouse,Accessories,1,1949.25,M-Pesa,Carol,SME,Completed
TX05000,2026-06-19,CUST0948,Rwanda,Dar es Salaam,Keyboard,Accessories,3,2655.14,M-Pesa,Carol,Individual,Completed
TX01619,2026-03-15,CUST0129,Kenya,Dar es Salaam,Wireless Mouse,Accessories,1,1686.96,Cash,George,Corporate,Pending
TX01225,2026-03-12,CUST0854,TANZANIA,Mombasa,Laptop Bag,Accessories,2,3209.31,Card,Faith,Corporate,Completed
TX01607,2026-06-05,CUST1019,Rwanda,Dar es Salaam,Monitor,Hardware,2,21789.25,Cash,David,SME,Completed
TX00788,2026-06-13,,KE,Kampala,Tablet,Hardware,1,38115.56,Card,Irene,Individual,Pending
TX03436,2026-02-11,CUST1053,KE,Nairobi,Keyboard,Accessories,1,2390.83,M-Pesa,John,SME,Pending
TX03339,2026-02-19,CUST0006,UGANDA,Kigali,Headset,Accessories,1,4922.33,Bank Transfer,Faith,Individual,Completed
TX01955,2026-01-11,CUST0638,Kenya,MOMBASA,Keyboard,Accessories,4,2668.45,Cash,Irene,SME,Completed
TX02304,2026-02-16,CUST0217,Rwanda,Dar es Salaam,Laptop Stand,Accessories,1,4262.84,M-Pesa,David,SME,Completed
TX02314,2026-03-16,CUST0685,TANZANIA,Kampala,Laptop Bag,Accessories,2,3234.37,M-Pesa,Amina,SME,Pending
TX02887,2026-06-28,CUST0524,UGANDA,NAIROBI,External SSD,Storage,3,14625.48,M-Pesa,Carol,Corporate,Completed
TX04657,2026-06-13,CUST0946,Kenya,Kigali,Tablet,Hardware,2,46092.88,Bank Transfer,Carol,SME,Cancelled
TX04684,2026-02-06,CUST1134,Tanzania,MOMBASA,External SSD,Storage,1,15826.56,Card,George,Corporate,Pending
TX01097,2026-06-16,CUST0536,Rwanda,Mombasa,Monitor,Hardware,2,21371.86,Card,George,Corporate,Pending
TX04982,2026-05-30,CUST1033,Rwanda,Kisumu,USB-C Hub,Accessories,1,6613.25,Card,George,SME,Completed
TX03352,2026-03-26,CUST0882,Kenya,MOMBASA,Laptop Stand,Accessories,1,4415.83,Cash,John,SME,Completed
TX02623,2026-01-13,CUST0230,KE,NAIROBI,Office Laptop,Hardware,2,99230.36,M-Pesa,Brian,Individual,Completed
TX01102,2026-04-04,CUST0762,Uganda,Kigali,External SSD,Storage,1,13237.02,Card,John,SME,Completed
TX02232,2026-02-10,CUST1087,Rwanda,Kisumu,Keyboard,Accessories,2,2688.15,Card,John,SME,Completed
TX00071,2026-06-15,CUST0738,KE,Dar es Salaam,Laptop Stand,Accessories,2,4683.67,Card,Brian,SME,COMPLETED
TX01011,2026-03-02,CUST0393,UGANDA,Kigali,Monitor,Hardware,1,19801.07,Cash,Brian,SME ,Completed
TX01236,2026-01-13,CUST0335,Rwanda,MOMBASA,Laptop Bag,Accessories,1,3205.82,Cash,Faith,SME,Completed
TX02175,2026-05-13,CUST0433,KENYA,MOMBASA,USB-C Hub,Accessories,5,6442.43,M-Pesa,Carol,Individual,Pending
TX02237,2026-06-21,CUST0886,TANZANIA,MOMBASA,Tablet,Hardware,2,44933.77,Bank Transfer,Faith,Individual,Completed
TX03356,2026-03-12,CUST0811,Tanzania,Nairobi,Monitor,Hardware,1,20933.84,M-Pesa,Carol,Corporate,Cancelled
TX01091,2026-02-28,CUST0524,UGANDA,Dar es Salaam,Laptop Stand,Accessories,1,4203.14,Cash,Irene,SME,Cancelled
TX01282,2026-04-12,CUST0359,Kenya,Nairobi,Laptop Bag,Accessories,1,3536.99,Card,Brian,Individual,Completed
TX01865,2026-05-04,CUST0632,KE,Kampala,Laptop Bag,Accessories,1,3270.0,M-Pesa,John,Corporate,completed
TX03653,2026-04-20,CUST0037,Tanzania,Dar es Salaam,USB-C Hub,Accessories,1,6222.87,Card,Amina,Corporate,Completed
TX00725,2026-06-20,CUST1186,UGANDA,Arusha,Wireless Mouse,Accessories,1,1730.12,M-Pesa,George,Corporate,Completed
TX01254,2026-01-27,CUST0180,Uganda,Kigali,External SSD,Storage,1,14059.29,M-Pesa,Irene,SME,Cancelled
TX01721,2026-02-24,CUST0916,Kenya,Kisumu,Headset,Accessories,2,4888.77,M-Pesa,John,Corporate,Completed
TX04609,2026-04-08,CUST1088,Tanzania,Kigali,External SSD,Storage,1,14715.14,Cash,Irene,Corporate,Completed
TX02006,2026-05-08,CUST0277,Tanzania,Arusha,Office Laptop,Hardware,2,89857.1,Cash,Amina,SME,Pending
TX02496,2026-05-21,CUST0569,UGANDA,NAIROBI,Keyboard,Accessories,2,2446.85,Bank Transfer,Faith,Corporate,Completed
TX02188,2026-06-04,CUST0711,KE,Dar es Salaam,Laptop Stand,Accessories,4,4819.21,Cash,Amina,SME,Pending
TX03881,2026-05-24,CUST0944,Kenya,Dar es Salaam,USB-C Hub,Accessories,1,6807.24,Bank Transfer,Irene,Individual,Completed
TX03128,2026-02-15,CUST0920,Uganda,Kigali,Headset,Accessories,1,5645.07,M-Pesa,David,Individual,Completed
TX01035,2026-04-20,CUST1118,Rwanda,Kigali,Monitor,Hardware,1,22863.37,M-Pesa,Carol,Individual,Pending
TX00953,2026-01-06,CUST0213,Kenya,Kigali,Headset,Accessories,2,5488.99,Card,Brian,Individual,Completed
TX02826,2026-04-22,CUST1129,Rwanda,Kampala,Keyboard,Accessories,3,2379.74,Bank Transfer,George,SME,Completed
TX01903,2026-02-05,CUST0530,KENYA,Nairobi,Office Laptop,Hardware,1,98211.21,M-Pesa,George,Corporate,Completed
TX00743,2026-06-07,CUST0393,Tanzania,Dar es Salaam,Headset,Accessories,2,4888.95,M-Pesa,Carol,Individual,Pending
TX04406,2026-01-25,CUST0539,UGANDA,Dar es Salaam,Tablet,Hardware,1,42249.9,Card,Brian,SME,Completed
TX03107,2026-04-04,,TANZANIA,Kigali,Keyboard,Accessories,1,2633.29,Cash,David,Corporate,Completed
TX04162,2026-03-22,CUST0713,UGANDA,Kisumu,Headset,Accessories,2,5673.27,Card,Brian,Corporate,Completed
TX04256,2026-06-03,CUST0014,Rwanda,Kisumu,External SSD,Storage,1,14751.6,Cash,David,Corporate,Cancelled
TX03439,2026-03-11,CUST1103,Uganda,Nairobi,Headset,Accessories,1,4684.51,M-Pesa,Carol,Individual,Pending
TX02026,2026-05-16,CUST0221,Uganda,Kigali,Monitor,Hardware,2,20644.84,Bank Transfer,George,Corporate,Completed
TX03694,2026-02-11,CUST0349,Rwanda,Kigali,Headset,Accessories,3,5006.6,M-Pesa,Irene,Corporate,Pending
TX01667,2026-06-18,CUST0501,UGANDA,Kisumu,Laptop Stand,Accessories,4,4463.49,Bank Transfer,Faith,Individual,Completed
TX04913,2026-01-17,CUST0940,KE,Kisumu,USB-C Hub,Accessories,1,6350.82,Cash,Amina,Individual,Completed
TX02317,2026-04-02,CUST0922,Tanzania,Kampala,Wireless Mouse,Accessories,2,1780.69,Bank Transfer,Irene,Corporate,Pending
TX03651,2026-06-25,CUST0991,Uganda,Dar es Salaam,External SSD,Storage,1,13055.76,M-Pesa,George,Individual,Pending
TX03049,2026-01-17,CUST1013,Tanzania,Kigali,USB-C Hub,Accessories,1,6605.1,Bank Transfer,John,SME,Pending
TX01748,2026-04-06,CUST0130,Rwanda,Nairobi,Wireless Mouse,Accessories,5,1736.84,Bank Transfer,Faith,SME,Pending
TX03725,2026-06-12,CUST0207,KE,Kampala,Keyboard,Accessories,2,2404.88,M-Pesa,David,SME,Completed
TX01346,2026-05-23,CUST0805,TANZANIA,Kisumu,Office Laptop,Hardware,1,103915.57,M-Pesa,Brian,SME,Completed
TX00234,2026-05-30,CUST0534,Rwanda,Kampala,External SSD,Storage,2,13573.72,Cash,Faith,Individual,Completed
TX01076,2026-04-18,CUST1102,KE,Mombasa,Laptop Bag,Accessories,2,3299.62,Card,Brian,Individual,Completed
TX04641,2026-02-20,CUST0155,TANZANIA,Dar es Salaam,Monitor,Hardware,2,21037.14,Bank Transfer,Irene,SME ,Completed
TX00849,2026-02-12,CUST0789,KE,Kisumu,Laptop Stand,Accessories,1,4379.97,Card,Amina,SME,Completed
TX00634,2026-01-02,CUST0687,Rwanda,Nairobi,Headset,Accessories,1,4726.96,M-Pesa,Faith,SME,Completed
TX01718,2026-06-18,CUST1070,TANZANIA,Nairobi,USB-C Hub,Accessories,3,5859.62,M-Pesa,Amina,SME,Completed
TX00416,2026-04-09,CUST0044,Rwanda,MOMBASA,Laptop Stand,Accessories,2,4365.18,M-Pesa,Carol,Corporate,Pending
TX02500,2026-05-08,CUST0665,KE,Dar es Salaam,Keyboard,Accessories,1,2493.76,M-Pesa,Irene,Corporate,Completed
TX01789,2026-03-06,CUST0465,Uganda,Nairobi,Monitor,Hardware,2,20029.03,Card,George,SME,Cancelled
TX01371,2026-06-19,CUST0512,Uganda,Kampala,USB-C Hub,Accessories,2,6538.88,Bank Transfer,Faith,Individual,Completed
TX01030,2026-05-19,CUST0716,KENYA,Mombasa,Headset,Accessories,3,5022.55,M-Pesa,Brian,SME,Pending
TX03504,2026-06-20,CUST0697,Uganda,Mombasa,Tablet,Hardware,2,38661.29,Cash,George,SME,Completed
TX04667,2026-04-15,CUST0854,Kenya,NAIROBI,Laptop Bag,Accessories,1,3454.21,Bank Transfer,David,Corporate,Completed
TX00018,2026-03-22,CUST0113,Kenya,Arusha,Headset,Accessories,1,4992.91,Card,Brian,SME,Completed
TX03293,2026-04-02,CUST0566,KENYA,Mombasa,Keyboard,Accessories,2,2467.07,Cash,David,Individual,Pending
TX04741,2026-02-14,CUST0014,Uganda,Kigali,Laptop Bag,Accessories,2,3644.68,Bank Transfer,Brian,Corporate,Pending
TX02777,2026-06-19,CUST0984,Uganda,Kampala,Laptop Bag,Accessories,5,3361.52,Card,Irene,Individual,Completed
TX03921,2026-01-07,CUST0072,Uganda,Kigali,Monitor,Hardware,1,24069.6,Cash,Brian,Corporate,Cancelled
TX00597,2026-06-14,CUST0179,UGANDA,Kampala,Wireless Mouse,Accessories,1,1915.65,M-Pesa,Carol,Individual,Completed
TX02371,2026-02-13,CUST0161,KENYA,Nairobi,Tablet,Hardware,4,45218.92,Bank Transfer,George,SME,Completed
TX02225,2026-04-19,CUST0996,Kenya,NAIROBI,Laptop Bag,Accessories,2,3843.76,Card,David,Individual,Completed
TX02060,2026-04-29,CUST0150,Kenya,Dar es Salaam,Keyboard,Accessories,2,2395.5,Bank Transfer,Carol,SME,Cancelled
TX02697,2026-02-19,CUST1158,UGANDA,Kampala,Laptop Bag,Accessories,1,3266.77,Cash,Faith,Individual,Completed
TX04354,2026-06-16,CUST0630,Tanzania,Dar es Salaam,Keyboard,Accessories,2,2542.65,Bank Transfer,Carol,SME,Pending
TX03716,2026-03-20,CUST0501,TANZANIA,Dar es Salaam,Keyboard,Accessories,1,2311.65,M-Pesa,David,Corporate,Completed
TX00372,2026-01-14,CUST0701,Rwanda,Nairobi,Laptop Bag,Accessories,1,3737.3,Bank Transfer,David,Corporate,Completed
TX01420,2026-04-28,CUST0731,Rwanda,MOMBASA,USB-C Hub,Accessories,3,6404.1,Card,Carol,Individual,Pending
TX01874,2026-04-22,CUST0852,Rwanda,Arusha,Laptop Stand,Accessories,3,4565.02,Card,Brian,SME,Cancelled
TX01292,2026-02-07,CUST0697,Rwanda,Arusha,Tablet,Hardware,1,41159.68,Cash,Carol,Corporate,Completed
TX00599,2026-03-12,CUST1186,Uganda,Kisumu,Laptop Bag,Accessories,2,3771.73,Card,Faith,SME,Completed
TX00677,2026-03-27,CUST0509,KE,Mombasa,USB-C Hub,Accessories,3,6448.43,Cash,Faith,Individual,Completed
TX00239,2026-01-12,CUST1038,KENYA,Kampala,Monitor,Hardware,2,23531.41,M-Pesa,Brian,Individual,Completed
TX03794,2026-05-03,CUST0960,TANZANIA,Kampala,Keyboard,Accessories,1,2383.72,Card,,Individual,Completed
TX02524,2026-04-21,CUST1034,KENYA,Nairobi,Laptop Stand,Accessories,1,4733.97,Cash,Faith,SME ,Cancelled
TX02705,2026-06-06,CUST0690,Tanzania,Kigali,Laptop Stand,Accessories,2,4598.52,Card,Faith,Individual,Cancelled
TX04770,2026-03-08,CUST0608,UGANDA,Kigali,Tablet,Hardware,2,45723.22,Card,Carol,SME,Completed
TX02171,2026-01-05,CUST0629,Rwanda,Kisumu,Wireless Mouse,Accessories,1,1764.29,Card,Brian,Individual,Completed
TX00076,2026-05-29,CUST0645,KENYA,Kampala,Tablet,Hardware,1,44703.04,M-Pesa,David,SME,Cancelled
TX04520,2026-05-10,CUST1032,UGANDA,Nairobi,External SSD,Storage,3,14758.23,Cash,Amina,Corporate,Completed
TX02630,2026-05-12,CUST1149,Kenya,Kampala,Headset,Accessories,5,4859.51,Bank Transfer,Brian,Individual,Completed
TX03700,2026-06-13,CUST0925,Kenya,Dar es Salaam,USB-C Hub,Accessories,2,6778.22,Bank Transfer,Faith,Individual,Cancelled
TX03999,2026-04-04,CUST0149,UGANDA,Nairobi,Office Laptop,Hardware,2,102610.43,Cash,Faith,Corporate,Completed
TX02846,2026-05-10,CUST0845,UGANDA,Kampala,Keyboard,Accessories,2,2297.33,Bank Transfer,Faith,Individual,Pending
TX02417,2026-06-12,CUST1167,Tanzania,MOMBASA,Monitor,Hardware,2,23738.64,M-Pesa,David,Individual,Completed
TX02005,2026-04-06,CUST1167,Uganda,MOMBASA,Headset,Accessories,2,5256.13,Card,Brian,Corporate,Completed
TX02352,2026-06-22,CUST1135,Uganda,Kigali,Headset,Accessories,1,4936.85,Card,Irene,SME ,Pending
TX01615,2026-01-04,CUST0589,KE,Arusha,Keyboard,Accessories,4,2717.46,Card,John,Individual,Completed
TX03726,2026-01-04,CUST0313,KENYA,NAIROBI,USB-C Hub,Accessories,3,6457.4,Bank Transfer,Faith,SME,Pending
TX04323,2026-01-02,CUST1069,Uganda,Dar es Salaam,Headset,Accessories,1,4740.02,Cash,Amina,Individual,completed
TX00932,2026-04-06,CUST0775,Uganda,NAIROBI,USB-C Hub,Accessories,2,6071.34,M-Pesa,Faith,Individual,Pending
TX01130,2026-05-08,CUST0658,UGANDA,Arusha,USB-C Hub,Accessories,5,6143.65,M-Pesa,George,SME,Completed
TX00097,2026-03-07,CUST0517,Uganda,Kampala,Laptop Stand,Accessories,2,4178.82,Bank Transfer,Brian,Individual,Completed
TX00857,2026-06-07,CUST0253,KENYA,NAIROBI,Laptop Bag,Accessories,3,3714.7,Bank Transfer,John,Corporate,Completed
TX04617,2026-04-29,CUST0909,Uganda,Dar es Salaam,USB-C Hub,Accessories,1,6246.02,Card,Carol,Corporate,Completed
TX02343,2026-06-14,CUST0090,KE,Kampala,Tablet,Hardware,2,39134.48,Bank Transfer,Carol,SME,Completed
TX00622,2026-01-06,CUST1179,TANZANIA,Mombasa,USB-C Hub,Accessories,2,6361.73,M-Pesa,Carol,Individual,Completed
TX02375,2026-06-13,,UGANDA,Kisumu,Headset,Accessories,1,5154.55,Cash,Irene,Corporate,Completed
TX03760,2026-05-02,CUST0270,Uganda,Kampala,Laptop Bag,Accessories,3,3541.12,M-Pesa,Irene,SME,Cancelled
TX00567,2026-04-30,CUST0549,KENYA,MOMBASA,Laptop Stand,Accessories,1,4862.9,Card,David,Individual,Pending
TX01706,2026-02-16,CUST0408,Tanzania,MOMBASA,Keyboard,Accessories,1,2317.97,Card,Carol,SME,Cancelled
TX03722,2026-01-05,CUST0196,Kenya,Arusha,Tablet,Hardware,2,45833.31,Bank Transfer,Brian,Individual,Completed
TX00749,2026-01-16,CUST0884,Rwanda,NAIROBI,External SSD,Storage,2,15562.71,Cash,Faith,Individual,Completed
TX01514,2026-06-26,CUST0516,Kenya,Kampala,Monitor,Hardware,1,23786.89,Card,John,Individual,COMPLETED
TX00052,2026-04-09,CUST1049,Rwanda,Kigali,Monitor,Hardware,2,22580.08,Cash,Carol,Individual,Completed
TX01042,2026-06-16,CUST0530,KENYA,Arusha,Wireless Mouse,Accessories,2,1759.73,M-Pesa,Faith,Corporate,Completed
TX01979,2026-04-24,CUST0166,Tanzania,Kampala,Keyboard,Accessories,1,2379.7,Card,David,Individual,Cancelled
TX03526,2026-03-17,CUST0065,Tanzania,Mombasa,Laptop Bag,Accessories,1,3448.26,M-Pesa,George,Individual,Completed
TX03180,2026-03-21,CUST0412,TANZANIA,Mombasa,Monitor,Hardware,3,21047.15,Bank Transfer,Faith,Corporate,Completed
TX00535,2026-05-26,CUST0508,Tanzania,Kigali,Monitor,Hardware,1,22289.74,M-Pesa,John,Corporate,Completed
TX04055,2026-05-11,CUST1169,Uganda,Kigali,Monitor,Hardware,1,21184.29,Cash,David,SME,Completed
TX04582,2026-03-22,CUST0011,Tanzania,NAIROBI,Laptop Stand,Accessories,3,4713.05,Cash,David,Individual,Cancelled
TX03508,2026-06-05,CUST0830,KENYA,NAIROBI,External SSD,Storage,2,15189.08,Bank Transfer,Faith,Corporate,Completed
TX00444,2026-04-09,CUST1136,Rwanda,Arusha,Laptop Stand,Accessories,1,4752.5,Cash,George,Corporate,Completed
TX02690,2026-03-27,CUST0271,Tanzania,Kisumu,External SSD,Storage,2,14205.53,Card,Amina,Individual,Pending
TX00196,2026-06-01,CUST1178,Kenya,Arusha,Office Laptop,Hardware,2,88820.7,Bank Transfer,Faith,SME ,Completed
TX02883,2026-06-13,CUST0039,Kenya,Mombasa,External SSD,Storage,1,14926.48,Bank Transfer,Amina,Individual,Cancelled
TX03610,2026-03-31,CUST1049,Uganda,Nairobi,Headset,Accessories,2,4699.87,Card,Irene,Individual,Cancelled
TX01437,2026-02-08,CUST0926,UGANDA,Dar es Salaam,Laptop Bag,Accessories,1,3220.16,Bank Transfer,Brian,Individual,Completed
TX04141,2026-01-30,CUST0374,UGANDA,MOMBASA,Laptop Bag,Accessories,4,3546.9,Card,Brian,SME,Completed
TX03113,2026-01-11,CUST1177,Tanzania,Kampala,Tablet,Hardware,2,43273.01,M-Pesa,Carol,Corporate,Completed
TX04848,2026-03-22,CUST1179,TANZANIA,Kisumu,Tablet,Hardware,1,44853.23,M-Pesa,Amina,SME,Completed
TX04203,2026-05-01,CUST0330,Uganda,Dar es Salaam,Office Laptop,Hardware,2,103058.3,M-Pesa,David,Corporate,Completed
TX02647,2026-04-11,CUST0768,TANZANIA,Kigali,Tablet,Hardware,1,45826.03,Bank Transfer,Brian,Individual,Completed
TX03027,2026-02-06,CUST0231,Rwanda,Kampala,Laptop Bag,Accessories,1,3589.35,Bank Transfer,Brian,SME,completed
TX01019,2026-01-17,CUST0753,KENYA,Kampala,Laptop Bag,Accessories,4,3514.11,Card,John,Individual,Completed
TX00645,2026-04-09,CUST0482,Tanzania,Arusha,Office Laptop,Hardware,2,102851.36,Card,Brian,Individual,Pending
TX00894,2026-01-27,CUST1170,Rwanda,Mombasa,Office Laptop,Hardware,1,90340.58,Card,Amina,Individual,completed
TX04980,2026-02-10,CUST0363,KE,NAIROBI,Tablet,Hardware,1,40286.88,Cash,Irene,Individual,Completed
TX04760,2026-01-25,CUST0045,Kenya,Kigali,Keyboard,Accessories,1,2455.99,Cash,George,SME,Cancelled
TX04989,2026-06-28,CUST0061,TANZANIA,Arusha,External SSD,Storage,4,15726.81,Cash,Faith,SME,Completed
TX00121,2026-02-20,CUST0794,Tanzania,Nairobi,Tablet,Hardware,1,40772.52,M-Pesa,Faith,Corporate,Pending
TX03823,2026-06-19,CUST0291,KENYA,Arusha,USB-C Hub,Accessories,1,6742.9,M-Pesa,John,SME,Cancelled
TX02275,2026-01-17,CUST0877,UGANDA,MOMBASA,Office Laptop,Hardware,1,85731.2,Cash,Amina,Individual,Completed
TX03292,2026-04-26,CUST0101,Tanzania,MOMBASA,Wireless Mouse,Accessories,1,1870.01,Bank Transfer,Carol,Corporate,Cancelled
TX04968,2026-05-27,CUST0815,UGANDA,Arusha,Monitor,Hardware,1,22220.86,Cash,David,Corporate,Cancelled
TX04385,2026-05-11,CUST0655,Uganda,Kampala,Laptop Stand,Accessories,1,4607.37,Card,Amina,SME,Completed
TX02319,2026-04-29,,Uganda,Kisumu,External SSD,Storage,4,15902.11,M-Pesa,Irene,Individual,Pending
TX00135,2026-06-07,CUST0324,Tanzania,Arusha,Laptop Bag,Accessories,1,3227.33,Card,George,Individual,Completed
TX03883,2026-06-17,CUST1148,Uganda,Nairobi,Tablet,Hardware,1,44751.33,M-Pesa,George,Corporate,Completed
TX03397,2026-04-09,CUST1041,Kenya,Arusha,Laptop Stand,Accessories,3,4584.36,Bank Transfer,John,SME,Completed
TX04682,2026-05-02,CUST1057,Uganda,Dar es Salaam,Monitor,Hardware,1,19874.97,M-Pesa,John,Corporate,Pending
TX03195,2026-04-14,CUST0734,Rwanda,Kampala,Tablet,Hardware,2,39814.59,Cash,David,Individual,Completed
TX00185,2026-03-04,CUST1185,Rwanda,Kampala,Tablet,Hardware,1,39138.01,M-Pesa,Amina,Individual,Completed
TX03259,2026-01-13,CUST0693,KE,Dar es Salaam,Laptop Stand,Accessories,1,4752.58,Bank Transfer,Irene,SME,Pending
TX01746,2026-05-15,CUST0133,Kenya,Nairobi,External SSD,Storage,1,14008.0,Card,Irene,Individual,Cancelled
TX00512,2026-05-18,CUST0846,Uganda,Nairobi,Laptop Stand,Accessories,2,4557.53,M-Pesa,Brian,SME,Cancelled
TX04431,2026-03-26,CUST0387,Rwanda,Dar es Salaam,Laptop Bag,Accessories,2,3450.7,M-Pesa,David,SME,Completed
TX00063,2026-06-10,CUST0461,Kenya,Kigali,Monitor,Hardware,5,22871.91,Cash,John,Individual,Pending
TX03254,2026-02-21,CUST0798,TANZANIA,Kigali,Wireless Mouse,Accessories,1,1828.29,M-Pesa,Amina,Individual,Pending
TX03909,2026-02-08,CUST0526,Tanzania,NAIROBI,USB-C Hub,Accessories,2,7082.7,Bank Transfer,Irene,SME,Completed
TX03845,2026-05-03,CUST0213,Kenya,Dar es Salaam,Tablet,Hardware,1,45944.43,M-Pesa,Faith,SME,Completed
TX03705,2026-02-25,CUST0132,Tanzania,Dar es Salaam,Headset,Accessories,1,5309.13,M-Pesa,Irene,Individual,Cancelled
TX02224,2026-01-11,CUST0708,KENYA,Kisumu,Laptop Stand,Accessories,1,4674.11,Bank Transfer,Carol,Corporate,Cancelled
TX00252,2026-01-21,CUST0690,KENYA,Kigali,Monitor,Hardware,1,20075.67,M-Pesa,Carol,Corporate,COMPLETED
TX00626,2026-01-12,CUST0938,KE,Nairobi,Laptop Bag,Accessories,1,3361.94,M-Pesa,Brian,SME,Completed
TX00912,2026-06-30,CUST0558,TANZANIA,Kigali,Tablet,Hardware,1,38622.0,M-Pesa,Brian,Corporate,Pending
TX02373,2026-02-09,CUST0726,TANZANIA,NAIROBI,Laptop Bag,Accessories,2,3735.08,Bank Transfer,Amina,SME ,Completed
TX04950,2026-03-22,CUST0102,Rwanda,Mombasa,Laptop Bag,Accessories,1,3306.24,Card,Amina,SME,Pending
TX03960,2026-04-12,CUST1000,Tanzania,Mombasa,Headset,Accessories,1,5068.64,Card,John,Corporate,Completed
TX00123,2026-03-22,CUST0365,Uganda,MOMBASA,USB-C Hub,Accessories,2,6129.42,Bank Transfer,Brian,Individual,Cancelled
TX02268,2026-03-07,CUST0202,KENYA,Kigali,USB-C Hub,Accessories,2,6308.4,Card,Faith,SME,Completed
TX01785,2026-04-06,CUST0632,Rwanda,Kisumu,Keyboard,Accessories,2,2452.45,M-Pesa,Irene,SME,Completed
TX03306,2026-02-27,,Tanzania,Dar es Salaam,Wireless Mouse,Accessories,2,1838.65,Card,David,Individual,Completed
TX02537,2026-05-10,CUST0256,KENYA,Kigali,Office Laptop,Hardware,2,104394.17,M-Pesa,Carol,Corporate,Completed
TX01256,2026-03-08,CUST0558,Kenya,Mombasa,Monitor,Hardware,1,20949.28,M-Pesa,Faith,Corporate,Completed
TX00568,2026-04-13,CUST1175,Uganda,Dar es Salaam,Monitor,Hardware,1,22794.11,M-Pesa,George,SME,Pending
TX01850,2026-05-21,CUST0358,KENYA,NAIROBI,Keyboard,Accessories,1,2415.59,Cash,David,Individual,Pending
TX04942,2026-03-06,CUST0023,Tanzania,NAIROBI,Laptop Stand,Accessories,1,4737.78,M-Pesa,David,Corporate,Pending
TX00694,2026-02-20,CUST0210,Uganda,Mombasa,Headset,Accessories,2,5461.87,Card,David,Individual,Completed
TX03635,2026-05-20,CUST0369,TANZANIA,Dar es Salaam,Tablet,Hardware,1,44799.01,M-Pesa,David,Corporate,Completed
TX03461,2026-02-04,CUST1102,Uganda,Arusha,External SSD,Storage,3,15628.92,Cash,Faith,Individual,Completed
TX00978,2026-01-08,CUST0041,TANZANIA,NAIROBI,Wireless Mouse,Accessories,1,1748.82,Cash,Carol,Individual,Completed
TX03257,2026-03-17,CUST1175,Tanzania,NAIROBI,Office Laptop,Hardware,1,98177.54,Cash,Amina,Individual,Completed
TX03146,2026-01-22,CUST0511,TANZANIA,MOMBASA,External SSD,Storage,5,14109.47,Cash,John,SME,Pending
TX03911,2026-03-11,CUST0778,Tanzania,Kampala,Monitor,Hardware,3,22595.0,Bank Transfer,Faith,SME,Completed
TX03432,2026-03-23,CUST0738,KENYA,Kigali,Office Laptop,Hardware,2,98090.78,M-Pesa,Faith,Individual,Pending
TX00721,2026-04-02,CUST0520,TANZANIA,Nairobi,Office Laptop,Hardware,2,86959.12,Cash,Brian,SME ,Completed
TX02803,2026-05-10,CUST0842,Rwanda,Mombasa,USB-C Hub,Accessories,3,6802.05,M-Pesa,John,Individual,Completed
TX04279,2026-01-09,CUST0726,UGANDA,Mombasa,Monitor,Hardware,1,23344.01,M-Pesa,Brian,Corporate,Completed
TX02105,2026-03-29,CUST0571,Rwanda,Kigali,Keyboard,Accessories,5,2280.39,Cash,Carol,Individual,Pending
TX01922,2026-04-02,CUST0525,Uganda,Kampala,Tablet,Hardware,1,38492.65,M-Pesa,David,SME,Completed
TX03313,2026-03-09,CUST0478,KENYA,NAIROBI,Tablet,Hardware,1,45898.36,M-Pesa,George,Corporate,Completed
TX00603,2026-03-19,CUST1178,Tanzania,Dar es Salaam,Headset,Accessories,3,5208.47,Bank Transfer,Irene,SME ,Pending
TX03825,2026-05-21,CUST0936,Rwanda,Kisumu,USB-C Hub,Accessories,2,6208.89,Cash,Irene,Corporate,Completed
TX04721,2026-05-10,CUST1191,TANZANIA,Dar es Salaam,USB-C Hub,Accessories,1,6732.27,M-Pesa,John,Individual,Completed
TX01322,2026-04-15,CUST1193,Uganda,Kigali,Laptop Stand,Accessories,1,4664.24,Cash,Irene,Corporate,Cancelled
TX03796,2026-01-13,CUST0371,Rwanda,MOMBASA,External SSD,Storage,2,14758.37,Card,George,Individual,Completed
TX04426,2026-05-05,CUST0518,UGANDA,Arusha,Laptop Stand,Accessories,1,4928.74,Bank Transfer,Faith,Individual,Cancelled
TX00319,2026-06-13,CUST0194,Kenya,Nairobi,External SSD,Storage,4,15433.59,Bank Transfer,John,Corporate,Completed
TX02793,2026-06-06,CUST0579,UGANDA,Mombasa,Headset,Accessories,2,4969.97,Cash,Irene,Corporate,Completed
TX00916,2026-03-26,CUST0461,Rwanda,Kampala,Monitor,Hardware,1,20656.01,Bank Transfer,Faith,Corporate,Pending
TX00275,2026-04-30,CUST0550,KE,NAIROBI,Laptop Bag,Accessories,3,3150.13,Card,David,Individual,Cancelled
TX04951,2026-06-23,CUST0983,TANZANIA,NAIROBI,Laptop Bag,Accessories,4,3209.23,M-Pesa,Faith,SME,Completed
TX00550,2026-01-25,CUST1142,TANZANIA,Kisumu,External SSD,Storage,2,15843.16,Card,Irene,SME,Completed
TX02388,2026-03-01,CUST1017,Rwanda,Arusha,Monitor,Hardware,5,22436.47,Bank Transfer,David,Corporate,Completed
TX01593,2026-05-25,CUST0724,Tanzania,Dar es Salaam,Monitor,Hardware,1,22055.81,Cash,Amina,Corporate,Cancelled
TX04972,2026-03-17,CUST1122,Uganda,MOMBASA,Wireless Mouse,Accessories,1,1927.25,Card,George,Corporate,Completed
TX03040,2026-04-03,CUST0206,Rwanda,Kisumu,Wireless Mouse,Accessories,3,1890.64,Cash,Faith,Corporate,Completed
TX00606,2026-06-19,CUST0056,Kenya,Mombasa,Monitor,Hardware,2,20864.09,Cash,Amina,Corporate,Completed
TX01021,2026-02-03,CUST0724,TANZANIA,Kigali,Tablet,Hardware,1,38867.08,Bank Transfer,John,Individual,Completed
TX00528,2026-01-04,CUST0305,Uganda,Kampala,Office Laptop,Hardware,3,91257.33,Bank Transfer,George,SME,Completed
TX04238,2026-01-04,CUST0398,UGANDA,Nairobi,Office Laptop,Hardware,2,88439.91,M-Pesa,Amina,Individual,Completed
TX03766,2026-01-18,CUST0549,KENYA,Mombasa,Laptop Stand,Accessories,3,4923.78,Cash,George,Corporate,Completed
TX04102,2026-05-21,CUST0146,KENYA,Mombasa,Office Laptop,Hardware,1,103615.78,Card,Brian,SME,Completed
TX00830,2026-03-16,CUST1187,Tanzania,Nairobi,External SSD,Storage,3,13175.96,Bank Transfer,Faith,Individual,Completed
TX03904,2026-06-20,CUST0208,UGANDA,Dar es Salaam,Tablet,Hardware,1,46036.0,Cash,Irene,Corporate,Completed
TX04905,2026-01-28,CUST1191,UGANDA,Arusha,Laptop Bag,Accessories,1,3347.95,M-Pesa,Faith,SME,Cancelled
TX04060,2026-01-25,CUST1085,KE,Kisumu,Tablet,Hardware,1,43208.3,Card,George,Corporate,Completed
TX04332,2026-04-08,CUST0073,TANZANIA,MOMBASA,Tablet,Hardware,5,46193.62,Card,Carol,SME,Cancelled
TX00299,2026-06-05,CUST0847,Rwanda,Mombasa,Tablet,Hardware,2,39700.74,M-Pesa,Irene,Corporate,Completed
TX00069,2026-04-02,CUST0250,Rwanda,NAIROBI,Monitor,Hardware,1,22755.48,Card,George,SME,COMPLETED
TX04261,2026-06-19,CUST0415,Uganda,Dar es Salaam,External SSD,Storage,1,14371.29,Bank Transfer,Irene,Corporate,Completed
TX04236,2026-05-27,CUST0374,UGANDA,Kigali,Monitor,Hardware,2,22002.55,Cash,David,Corporate,Completed
TX04421,2026-03-24,CUST0714,TANZANIA,Mombasa,Headset,Accessories,4,4979.79,Cash,David,Individual,Completed
TX03856,2026-06-09,CUST0880,Uganda,Mombasa,External SSD,Storage,2,13161.12,Card,Brian,SME,Completed
TX03885,2026-01-23,CUST0242,Tanzania,Arusha,USB-C Hub,Accessories,5,7135.55,Bank Transfer,George,Corporate,Completed
TX02276,2026-03-12,CUST0938,KENYA,Kigali,Laptop Stand,Accessories,4,4338.0,Bank Transfer,David,Individual,Completed
TX01413,2026-01-01,CUST0766,KENYA,Kisumu,Laptop Bag,Accessories,1,3162.98,Bank Transfer,Irene,Corporate,Pending
TX00151,2026-01-14,CUST0716,KENYA,NAIROBI,Laptop Bag,Accessories,1,3202.29,Cash,Carol,Corporate,Pending
TX00757,2026-02-01,CUST1158,Uganda,Nairobi,Keyboard,Accessories,1,2732.76,Cash,Carol,Individual,Completed
TX03412,2026-03-21,CUST0313,TANZANIA,Kigali,USB-C Hub,Accessories,2,6060.0,Bank Transfer,Carol,Corporate,completed
TX02555,2026-06-05,CUST0296,Kenya,Kigali,Wireless Mouse,Accessories,1,1680.52,M-Pesa,Carol,SME,Completed
TX01150,2026-01-14,CUST0279,UGANDA,Kisumu,Wireless Mouse,Accessories,1,1687.99,Bank Transfer,Irene,Individual,Completed
TX03784,2026-02-06,CUST1063,Uganda,,Keyboard,Accessories,1,2474.19,Cash,Brian,Individual,Completed
TX04346,2026-04-02,CUST0118,Tanzania,Nairobi,Keyboard,Accessories,1,2543.69,Card,Carol,Corporate,Completed
TX02556,2026-02-27,CUST1136,Tanzania,Kisumu,Laptop Stand,Accessories,5,4580.49,Bank Transfer,George,Individual,Completed
TX04351,2026-03-12,CUST0072,Tanzania,Kisumu,Headset,Accessories,2,5353.32,Cash,David,Individual,Completed
TX00377,2026-02-28,CUST0050,Tanzania,Arusha,Laptop Stand,Accessories,2,4414.07,Cash,Amina,Corporate,Completed
TX03685,2026-05-14,CUST0792,UGANDA,Kampala,Keyboard,Accessories,4,2715.01,Bank Transfer,Faith,Corporate,Completed
TX03037,2026-02-02,CUST0043,Kenya,,Wireless Mouse,Accessories,1,1882.84,Card,George,Individual,Cancelled
TX00860,2026-06-29,CUST0508,Rwanda,Kisumu,External SSD,Storage,1,15405.32,Cash,Carol,Individual,Completed
TX02283,2026-03-14,CUST0060,Uganda,Nairobi,Keyboard,Accessories,2,2437.05,Card,Carol,Corporate,Pending
TX01500,2026-04-14,CUST1064,Tanzania,NAIROBI,Keyboard,Accessories,4,2611.99,Card,Brian,Individual,Completed
TX00379,2026-05-28,CUST0338,Tanzania,Arusha,Headset,Accessories,1,5115.07,Bank Transfer,Brian,Individual,Pending
TX04433,2026-03-22,CUST0166,KENYA,Mombasa,Laptop Stand,Accessories,2,4318.35,M-Pesa,Brian,SME,Completed
TX01515,2026-04-03,CUST0757,Rwanda,Arusha,Laptop Stand,Accessories,1,4661.56,Cash,Amina,Corporate,Pending
TX02896,2026-04-07,CUST0888,KENYA,Kisumu,Monitor,Hardware,1,22639.35,,John,SME,Cancelled
TX01003,2026-02-18,CUST0762,KE,Dar es Salaam,Laptop Stand,Accessories,5,4063.37,Bank Transfer,Brian,Corporate,Completed
TX01406,2026-03-19,CUST0302,KE,Nairobi,Wireless Mouse,Accessories,1,1779.33,Card,Carol,Individual,Cancelled
TX02003,2026-05-01,CUST0726,KENYA,Kigali,Tablet,Hardware,1,38918.05,Card,Amina,SME,Completed
TX04449,2026-03-14,CUST0417,Rwanda,NAIROBI,External SSD,Storage,2,13721.55,Bank Transfer,George,Individual,Completed
TX04483,2026-04-24,CUST1078,KENYA,Kisumu,Wireless Mouse,Accessories,1,1764.92,Cash,Carol,SME,Pending
TX04994,2026-02-23,,Kenya,Kisumu,Tablet,Hardware,1,38747.16,Bank Transfer,John,SME,Completed
TX03008,2026-03-18,CUST0343,Rwanda,MOMBASA,Tablet,Hardware,2,45107.89,Card,Carol,SME,Completed
TX02349,2026-04-14,CUST0742,TANZANIA,Kisumu,Laptop Stand,Accessories,2,4176.94,Bank Transfer,Irene,Individual,Cancelled
TX02933,2026-03-04,CUST0957,UGANDA,Kampala,USB-C Hub,Accessories,1,7040.27,M-Pesa,Amina,Corporate,Pending
TX00795,2026-04-01,CUST0337,Kenya,MOMBASA,Headset,Accessories,2,4771.67,Card,David,SME,Completed
TX02615,2026-05-12,CUST0890,KE,NAIROBI,USB-C Hub,Accessories,2,6078.91,Bank Transfer,Brian,SME,Completed
TX00842,2026-01-21,CUST0900,Kenya,Dar es Salaam,Wireless Mouse,Accessories,2,1669.78,Cash,Faith,SME ,Completed
TX01730,2026-01-14,CUST0272,UGANDA,Kampala,USB-C Hub,Accessories,1,5900.61,M-Pesa,Irene,SME,Completed
TX01372,2026-04-28,CUST0352,UGANDA,Nairobi,Wireless Mouse,Accessories,40,95000,M-Pesa,Faith,SME,Completed
TX00176,2026-01-01,CUST0972,KENYA,Kigali,Tablet,Hardware,1,39225.97,M-Pesa,Amina,SME,Pending
TX04161,2026-02-14,CUST0828,TANZANIA,Arusha,USB-C Hub,Accessories,1,6634.9,Card,Amina,Individual,Completed
TX02834,2026-03-07,CUST0284,TANZANIA,Kisumu,Office Laptop,Hardware,2,95926.7,Cash,Brian,Corporate,Pending
TX02577,2026-01-21,CUST0329,KENYA,Kisumu,Laptop Stand,Accessories,1,4668.49,Card,Brian,Corporate,Cancelled
TX00046,2026-03-06,CUST1192,Uganda,Mombasa,Laptop Bag,Accessories,2,3724.45,Card,Carol,Individual,Completed
TX03769,2026-01-12,CUST1092,UGANDA,Nairobi,USB-C Hub,Accessories,2,6226.24,Bank Transfer,David,Individual,Completed
TX04585,2026-01-13,CUST1115,Kenya,Arusha,Monitor,Hardware,3,20014.94,M-Pesa,Irene,SME,Completed
TX01872,2026-03-14,CUST0929,Rwanda,Nairobi,External SSD,Storage,2,13609.74,M-Pesa,Irene,Corporate,Completed
TX04317,2026-01-06,CUST0912,Rwanda,Mombasa,External SSD,Storage,3,13586.91,M-Pesa,Carol,SME,Completed
TX00897,2026-02-17,CUST0296,Kenya,Dar es Salaam,Monitor,Hardware,2,21807.79,Card,George,Individual,Pending
TX01596,2026-01-12,CUST1121,UGANDA,NAIROBI,External SSD,Storage,1,15785.17,Bank Transfer,Irene,Corporate,Cancelled
TX03228,2026-06-06,CUST0998,Kenya,Nairobi,USB-C Hub,Accessories,2,6373.14,M-Pesa,Amina,Corporate,Completed
TX03519,2026-01-02,CUST0140,Tanzania,Arusha,Tablet,Hardware,3,38737.06,Cash,David,Individual,Completed
TX04879,2026-05-07,CUST0702,KE,Kampala,Keyboard,Accessories,2,2487.94,Cash,Amina,SME ,Completed
TX04862,2026-01-06,CUST0212,Uganda,Kampala,Keyboard,Accessories,2,2426.37,Card,Brian,Corporate,Cancelled
TX01783,2026-03-12,CUST0811,Rwanda,NAIROBI,Wireless Mouse,Accessories,1,1924.3,Bank Transfer,John,Individual,Cancelled
TX03785,2026-05-13,CUST0322,Rwanda,MOMBASA,Wireless Mouse,Accessories,3,1756.16,Card,Brian,SME,Completed
TX01670,2026-02-11,CUST0958,Kenya,,External SSD,Storage,2,15530.71,Cash,John,Corporate,Pending
TX02506,2026-04-26,CUST0037,Uganda,,Office Laptop,Hardware,1,89708.46,M-Pesa,George,Corporate,Completed
TX00284,2026-01-21,CUST0505,Tanzania,Arusha,Office Laptop,Hardware,1,88631.67,M-Pesa,Carol,Corporate,Completed
TX01627,2026-04-22,CUST0963,Kenya,Arusha,Keyboard,Accessories,4,2748.83,M-Pesa,David,SME,Pending
TX02750,2026-01-20,CUST0690,Tanzania,Kampala,Office Laptop,Hardware,1,100109.28,Cash,Irene,Corporate,Pending
TX01362,2026-02-11,CUST0930,KE,Nairobi,Office Laptop,Hardware,1,86119.86,Cash,Brian,SME,Cancelled
TX01418,2026-01-06,CUST0797,Tanzania,MOMBASA,Keyboard,Accessories,2,2380.06,Bank Transfer,John,Individual,Completed
TX03905,2026-03-22,CUST1178,Tanzania,MOMBASA,External SSD,Storage,1,15825.99,Bank Transfer,Amina,Corporate,Completed
TX01753,2026-06-13,CUST0166,Uganda,Kisumu,Keyboard,Accessories,1,2664.72,M-Pesa,George,Corporate,Cancelled
TX04958,2026-06-16,CUST1185,KENYA,NAIROBI,Tablet,Hardware,1,45847.54,Cash,John,Individual,Completed
TX02979,2026-01-11,CUST0554,Uganda,Nairobi,Tablet,Hardware,1,43826.81,Cash,Brian,SME,Pending
TX01486,2026-06-21,CUST0216,UGANDA,Arusha,Headset,Accessories,2,5614.04,M-Pesa,Faith,SME,Completed
TX04693,2026-02-02,CUST0092,Kenya,Mombasa,Keyboard,Accessories,2,2660.14,Cash,Carol,SME,Cancelled
TX01210,2026-03-04,CUST0275,Uganda,Mombasa,Tablet,Hardware,1,38855.55,Card,John,Corporate,Completed
TX03207,2026-03-16,CUST0740,UGANDA,Kisumu,Laptop Bag,Accessories,1,3251.96,Bank Transfer,Faith,Corporate,Completed
TX02421,2026-02-20,CUST0111,UGANDA,Mombasa,Monitor,Hardware,1,23898.94,Card,Irene,Individual,Completed
TX02785,2026-06-02,CUST0908,Kenya,Kisumu,Tablet,Hardware,2,39203.95,Card,Carol,SME,Completed
TX02956,2026-05-11,CUST0855,Kenya,Kisumu,Laptop Stand,Accessories,1,4162.53,M-Pesa,Brian,Corporate,Completed
TX01339,2026-01-15,CUST0272,Tanzania,Kampala,Laptop Stand,Accessories,1,4232.05,Cash,Faith,SME,Pending
TX01085,2026-05-10,CUST0286,Rwanda,Kisumu,Laptop Stand,Accessories,4,4791.29,Cash,David,Corporate,Completed
TX04348,2026-06-10,CUST0697,Kenya,Kisumu,Laptop Bag,Accessories,2,3516.66,Card,George,Corporate,Completed
TX04634,2026-06-23,CUST0555,TANZANIA,Nairobi,Laptop Bag,Accessories,2,3525.29,Cash,George,Corporate,Pending
TX01920,2026-04-14,CUST1047,Rwanda,Nairobi,Tablet,Hardware,4,43703.91,M-Pesa,Irene,Individual,Completed
TX01579,2026-03-22,CUST0563,KENYA,Kampala,Headset,Accessories,2,5252.45,M-Pesa,Amina,Corporate,Completed
TX02104,2026-03-15,CUST0024,TANZANIA,Mombasa,Laptop Stand,Accessories,2,4739.56,Cash,George,SME ,Completed
TX00100,2026-04-21,CUST0683,TANZANIA,Arusha,Tablet,Hardware,1,39709.75,Cash,David,Individual,completed
TX01741,2026-06-15,CUST0791,KENYA,Nairobi,Keyboard,Accessories,5,2715.81,Card,Carol,Corporate,Completed
TX01393,2026-05-27,CUST0797,KENYA,Arusha,USB-C Hub,Accessories,2,6202.5,Bank Transfer,Irene,SME,Cancelled
TX01438,2026-06-16,CUST1187,KE,Dar es Salaam,Wireless Mouse,Accessories,2,1730.0,Card,Irene,Corporate,Pending
TX03264,2026-05-29,CUST1184,UGANDA,Arusha,External SSD,Storage,1,15247.69,Card,Irene,Corporate,Pending
TX00352,2026-03-27,,Uganda,Arusha,Laptop Bag,Accessories,1,3696.94,Cash,Amina,Individual,Pending
TX02827,2026-01-16,CUST0193,Rwanda,NAIROBI,Laptop Stand,Accessories,1,4215.28,Bank Transfer,Brian,Individual,Pending
TX02534,2026-04-22,CUST1196,Uganda,Kisumu,Monitor,Hardware,1,20242.34,Card,Irene,Individual,Cancelled
TX02604,2026-04-22,CUST1084,TANZANIA,Kampala,Office Laptop,Hardware,1,95720.38,Cash,David,Corporate,Completed
TX04258,2026-04-07,CUST0798,KENYA,Arusha,Tablet,Hardware,3,45170.96,M-Pesa,Carol,Corporate,Completed
TX00719,2026-03-23,CUST1196,Rwanda,MOMBASA,Wireless Mouse,Accessories,2,1712.57,Bank Transfer,John,Corporate,Completed
TX03133,2026-04-16,CUST0328,UGANDA,MOMBASA,Tablet,Hardware,1,44345.44,Cash,Brian,SME,Pending
TX04447,2026-05-16,CUST0229,Tanzania,Kisumu,Laptop Bag,Accessories,2,3798.7,Cash,Faith,Individual,Completed
TX03372,2026-04-07,CUST0353,Rwanda,Dar es Salaam,Wireless Mouse,Accessories,1,1909.36,Bank Transfer,Brian,Corporate,Pending
TX03486,2026-04-13,CUST0007,Kenya,MOMBASA,Tablet,Hardware,1,38686.61,Card,Brian,Corporate,Completed
TX00309,2026-04-14,CUST0762,Uganda,NAIROBI,Monitor,Hardware,1,24172.93,Bank Transfer,Faith,Corporate,Cancelled
TX04280,2026-03-14,CUST0412,KE,MOMBASA,Keyboard,Accessories,5,2283.12,Card,John,Individual,Completed
TX00834,2026-05-14,CUST1072,KENYA,Dar es Salaam,Monitor,Hardware,1,21730.14,Card,Irene,Corporate,Completed
TX00367,2026-01-09,CUST0010,KE,NAIROBI,Headset,Accessories,2,5417.69,Card,Amina,Individual,Completed
TX02281,2026-04-01,CUST0892,KENYA,MOMBASA,Monitor,Hardware,1,23570.75,Cash,Amina,Individual,Completed
TX03090,2026-04-09,CUST0604,UGANDA,Dar es Salaam,Office Laptop,Hardware,1,98409.63,Card,Amina,SME,Completed
TX01882,2026-01-26,CUST0169,Tanzania,NAIROBI,External SSD,Storage,5,15109.41,Bank Transfer,Brian,SME ,Pending
TX03894,2026-02-16,CUST0371,Rwanda,NAIROBI,Office Laptop,Hardware,2,100993.38,Card,Amina,Corporate,Cancelled
TX02789,2026-06-18,CUST0221,Kenya,Kigali,Headset,Accessories,1,5566.44,Cash,Irene,SME ,Completed
TX00950,2026-04-08,CUST0317,UGANDA,Kigali,Headset,Accessories,2,5609.73,Card,John,Individual,Pending
TX04852,2026-02-28,CUST0637,Rwanda,,Tablet,Hardware,1,40192.94,Bank Transfer,Irene,SME,Completed
TX00020,2026-01-24,CUST0884,Kenya,Kampala,Monitor,Hardware,1,21426.48,Card,George,SME,Pending
TX03671,2026-02-09,CUST0061,UGANDA,Kisumu,Tablet,Hardware,1,44939.69,Cash,Amina,SME,Pending
TX02128,2026-06-07,CUST0665,KENYA,Mombasa,Headset,Accessories,1,5124.03,Cash,Brian,Corporate,Cancelled
TX02234,2026-05-19,CUST0423,UGANDA,Kisumu,External SSD,Storage,1,15124.16,M-Pesa,Brian,SME,Completed
TX00219,2026-03-03,CUST0405,TANZANIA,NAIROBI,Laptop Stand,Accessories,1,4917.44,Card,George,Corporate,Completed
TX03666,2026-06-23,CUST1151,KE,Kigali,Office Laptop,Hardware,1,91072.46,Card,David,Corporate,Completed
TX00439,2026-01-11,CUST1095,Rwanda,Mombasa,Laptop Stand,Accessories,5,4785.28,Cash,Brian,SME,Completed
TX03733,2026-02-27,CUST0079,Rwanda,NAIROBI,Laptop Stand,Accessories,1,4875.86,Cash,Faith,Corporate,Completed
TX02907,2026-04-25,CUST0524,KENYA,Nairobi,USB-C Hub,Accessories,5,6130.36,M-Pesa,George,Corporate,Completed
TX01655,2026-02-11,CUST1091,Kenya,Kigali,Wireless Mouse,Accessories,2,1865.35,Bank Transfer,Amina,Corporate,Completed
TX03407,2026-03-05,CUST0313,Uganda,,Headset,Accessories,5,5643.88,Bank Transfer,Amina,Individual,Pending
TX03555,2026-03-05,CUST0283,KE,Arusha,USB-C Hub,Accessories,1,6634.97,Card,David,Individual,Completed
TX03231,2026-05-13,CUST0968,UGANDA,Kigali,Headset,Accessories,1,5384.04,Card,Carol,SME,completed
TX04727,2026-01-26,CUST0779,Kenya,MOMBASA,Laptop Bag,Accessories,3,3513.86,Card,Amina,Individual,Completed
TX04061,2026-02-16,CUST0828,UGANDA,Kampala,Office Laptop,Hardware,2,103583.97,Cash,Faith,Individual,Completed
TX02860,2026-06-25,CUST0472,TANZANIA,Arusha,Wireless Mouse,Accessories,1,1693.65,Cash,David,Corporate,Completed
TX00803,2026-02-28,CUST0852,Uganda,Nairobi,Monitor,Hardware,1,20967.01,Cash,Brian,Individual,Completed
TX03108,2026-03-18,CUST0496,KENYA,Dar es Salaam,External SSD,Storage,4,13279.58,Bank Transfer,Brian,Individual,Completed
TX02305,2026-01-14,CUST0624,KENYA,Dar es Salaam,Keyboard,Accessories,1,2322.15,M-Pesa,John,Individual,Cancelled
TX03854,2026-02-02,CUST0784,Tanzania,Dar es Salaam,Monitor,Hardware,1,23474.02,Cash,Faith,SME ,Cancelled
TX01414,2026-01-23,CUST0399,TANZANIA,Kampala,Wireless Mouse,Accessories,1,1681.13,Card,Carol,Corporate,Completed
TX00583,2026-06-08,CUST0921,TANZANIA,Dar es Salaam,Office Laptop,Hardware,1,88681.74,Card,George,Corporate,Pending
TX00204,2026-01-08,CUST0453,Tanzania,MOMBASA,USB-C Hub,Accessories,2,6799.85,M-Pesa,Faith,Corporate,Cancelled
TX04420,2026-04-02,CUST1007,TANZANIA,NAIROBI,Office Laptop,Hardware,1,92778.95,Card,Amina,Corporate,Pending
TX03538,2026-04-22,CUST0637,UGANDA,Kisumu,Monitor,Hardware,2,20077.06,Cash,Faith,Corporate,Completed
TX00945,2026-03-23,CUST0885,Rwanda,Mombasa,Tablet,Hardware,5,40161.02,Bank Transfer,Amina,Corporate,Completed
TX02527,2026-02-02,CUST0374,Rwanda,Mombasa,Tablet,Hardware,2,42435.03,Cash,Brian,Corporate,Pending
TX02253,2026-03-14,CUST0699,KENYA,MOMBASA,External SSD,Storage,2,14296.01,Card,Amina,SME,Cancelled
TX03529,2026-05-28,CUST1197,Uganda,Nairobi,Office Laptop,Hardware,2,93183.28,Cash,David,Individual,Completed
TX03358,2026-06-11,CUST0299,UGANDA,Arusha,Monitor,Hardware,2,22265.66,Card,John,Corporate,Completed
TX00965,2026-01-17,CUST0288,UGANDA,Kigali,External SSD,Storage,2,15765.1,Card,Irene,Corporate,Completed
TX01096,2026-06-04,CUST1102,TANZANIA,Dar es Salaam,External SSD,Storage,1,14983.18,Cash,Amina,SME ,Cancelled
TX02030,2026-06-19,CUST0255,Uganda,MOMBASA,Keyboard,Accessories,4,2507.63,Card,George,Corporate,Completed
TX03135,2026-05-14,CUST0592,Rwanda,Kigali,External SSD,Storage,3,14377.92,,Brian,Corporate,Completed
TX02198,2026-04-30,CUST1099,Uganda,Kampala,Laptop Stand,Accessories,2,4887.75,M-Pesa,David,Individual,Completed
TX03471,2026-02-14,CUST0052,Tanzania,Arusha,Tablet,Hardware,2,38931.1,Cash,David,Corporate,Pending
TX00518,2026-02-04,CUST0326,UGANDA,MOMBASA,USB-C Hub,Accessories,1,6909.86,Bank Transfer,Amina,Corporate,Pending
TX02370,2026-05-08,CUST1043,Rwanda,Mombasa,Headset,Accessories,5,4988.15,Cash,Carol,Individual,Pending
TX03474,2026-03-16,CUST0479,Rwanda,NAIROBI,Office Laptop,Hardware,4,85939.78,M-Pesa,Irene,SME,completed
TX01944,2026-06-25,CUST0084,KENYA,Kigali,Laptop Bag,Accessories,1,3492.93,Bank Transfer,George,SME,Completed
TX00669,2026-01-15,CUST0920,Kenya,Kigali,External SSD,Storage,2,13089.62,Cash,Faith,Corporate,Completed
TX04276,2026-01-02,CUST0916,KENYA,NAIROBI,Monitor,Hardware,2,21500.9,Cash,John,Corporate,Cancelled
TX02481,2026-04-15,CUST0873,TANZANIA,,Wireless Mouse,Accessories,1,1802.31,M-Pesa,Carol,SME ,Cancelled
TX04991,2026-06-12,CUST0062,UGANDA,MOMBASA,USB-C Hub,Accessories,2,6000.98,Card,Brian,Individual,Pending
TX03853,2026-06-11,CUST0211,KENYA,NAIROBI,Tablet,Hardware,1,39727.94,Cash,Irene,SME,Completed
TX02610,2026-03-04,CUST0840,KENYA,MOMBASA,Keyboard,Accessories,1,2619.48,Card,Brian,Corporate,Cancelled
TX02293,2026-03-19,CUST0889,TANZANIA,MOMBASA,Monitor,Hardware,2,23187.38,M-Pesa,David,Individual,Cancelled
TX04461,2026-06-21,CUST0299,Rwanda,Dar es Salaam,External SSD,Storage,3,13379.11,Card,Carol,Individual,Cancelled
TX02195,2026-06-24,CUST0469,KE,Arusha,Headset,Accessories,4,5035.66,M-Pesa,Faith,SME,Cancelled
TX04106,2026-02-20,CUST0631,KE,Kisumu,Laptop Bag,Accessories,1,3247.02,Card,George,SME,Cancelled
TX03514,2026-06-12,CUST0098,KE,Kigali,Wireless Mouse,Accessories,1,1783.6,M-Pesa,Irene,Individual,Completed
TX04924,2026-02-10,CUST0968,Kenya,MOMBASA,Monitor,Hardware,5,20624.62,Bank Transfer,Irene,SME,Completed
TX00760,2026-04-01,CUST0288,Rwanda,Kampala,External SSD,Storage,1,13408.34,Cash,Brian,SME,Completed
TX04031,2026-05-20,CUST0587,KENYA,Kisumu,USB-C Hub,Accessories,1,6758.89,Cash,Carol,Individual,Completed
TX01989,2026-05-11,CUST1078,TANZANIA,Kampala,Office Laptop,Hardware,2,98034.36,Card,Irene,Corporate,Pending
TX00215,2026-06-08,CUST0983,KE,NAIROBI,Wireless Mouse,Accessories,1,1640.94,Bank Transfer,Amina,Corporate,Completed
TX04740,2026-05-09,CUST0897,Uganda,Dar es Salaam,Keyboard,Accessories,2,2431.99,Bank Transfer,George,Individual,Pending
TX03966,2026-05-08,CUST0378,Uganda,Kampala,Tablet,Hardware,2,42150.1,Bank Transfer,David,SME,Completed
TX02116,2026-05-01,CUST0560,Rwanda,Nairobi,Tablet,Hardware,2,38450.26,Card,Carol,Individual,Completed
TX03857,2026-02-10,CUST0714,Rwanda,Nairobi,USB-C Hub,Accessories,2,6859.31,Bank Transfer,Brian,Corporate,Completed
TX00197,2026-05-26,CUST0993,KENYA,Kigali,External SSD,Storage,3,14278.84,Bank Transfer,Brian,Individual,Completed
TX01116,2026-03-18,CUST0173,Kenya,MOMBASA,USB-C Hub,Accessories,1,6408.48,Bank Transfer,Amina,Individual,Completed
TX02723,2026-04-11,CUST1163,KE,MOMBASA,Wireless Mouse,Accessories,4,1782.94,Bank Transfer,Amina,Corporate,Completed
TX04146,2026-01-26,CUST0555,TANZANIA,Kampala,External SSD,Storage,1,14193.27,Card,Amina,Individual,Pending
TX00888,2026-06-12,CUST0510,Rwanda,Kigali,Laptop Stand,Accessories,2,4288.33,M-Pesa,Faith,Individual,Cancelled
TX01425,2026-04-19,CUST0156,Uganda,Arusha,Office Laptop,Hardware,1,98856.35,Card,Faith,Individual,Completed
TX02888,2026-06-19,CUST0381,UGANDA,Kampala,Headset,Accessories,1,5093.01,M-Pesa,Carol,SME,Completed
TX00569,2026-01-20,CUST0209,TANZANIA,NAIROBI,Keyboard,Accessories,3,2325.69,M-Pesa,Brian,Individual,Completed
TX01731,2026-04-10,CUST1106,Rwanda,Kigali,USB-C Hub,Accessories,1,6984.91,M-Pesa,Carol,Individual,Completed
TX03574,2026-06-27,CUST1063,KENYA,Kigali,Laptop Bag,Accessories,1,3353.8,Card,David,Corporate,Completed
TX00140,2026-06-27,CUST0062,UGANDA,Mombasa,Office Laptop,Hardware,4,104403.25,M-Pesa,John,Corporate,Completed
TX01294,2026-01-24,CUST1060,Uganda,MOMBASA,Headset,Accessories,2,4926.81,M-Pesa,Brian,SME ,COMPLETED
TX04392,2026-04-28,CUST1063,Uganda,Nairobi,Laptop Bag,Accessories,3,3389.38,Bank Transfer,Brian,Corporate,Cancelled
TX01635,2026-04-22,CUST0696,TANZANIA,MOMBASA,Tablet,Hardware,2,40017.83,Cash,Irene,Corporate,Cancelled
TX00464,2026-04-09,CUST0796,Tanzania,Mombasa,Laptop Bag,Accessories,2,3585.88,M-Pesa,Brian,SME,Cancelled
TX02408,2026-02-25,CUST0891,Uganda,MOMBASA,Office Laptop,Hardware,1,97789.88,Card,Amina,SME,Completed
TX00595,2026-05-06,CUST0425,KE,MOMBASA,Keyboard,Accessories,1,2469.32,Card,Brian,Individual,Pending
TX02246,2026-06-18,CUST0023,Rwanda,Arusha,USB-C Hub,Accessories,3,6922.09,Cash,David,Individual,Completed
TX00451,2026-03-13,CUST0185,UGANDA,Kampala,USB-C Hub,Accessories,3,6221.42,Card,George,Corporate,Cancelled
TX01836,2026-05-01,CUST0265,Kenya,Kisumu,Laptop Bag,Accessories,4,3772.86,M-Pesa,David,Corporate,Completed
TX01887,2026-04-13,CUST0447,TANZANIA,NAIROBI,Office Laptop,Hardware,1,87167.37,Bank Transfer,Irene,Individual,Completed
TX03321,2026-04-16,CUST1090,UGANDA,MOMBASA,Headset,Accessories,2,4718.76,Bank Transfer,David,Corporate,Cancelled
TX01551,2026-03-07,CUST1050,Tanzania,Dar es Salaam,Monitor,Hardware,1,19911.49,M-Pesa,Faith,Individual,Completed
TX01273,2026-03-26,CUST0245,KENYA,NAIROBI,Laptop Stand,Accessories,1,4805.14,Cash,Brian,SME,Completed
TX02087,2026-05-29,CUST0848,KENYA,Arusha,Laptop Stand,Accessories,2,4666.37,Card,David,Corporate,Completed
TX04865,2026-03-06,CUST0174,Rwanda,Dar es Salaam,USB-C Hub,Accessories,1,6890.32,Cash,Irene,Individual,Completed
TX04085,2026-01-09,CUST0824,Kenya,Dar es Salaam,USB-C Hub,Accessories,3,6262.09,Bank Transfer,Irene,SME,Completed
TX03804,2026-06-16,,Kenya,NAIROBI,Tablet,Hardware,1,38356.6,Card,David,Individual,Pending
TX04372,2026-01-26,CUST0023,Kenya,MOMBASA,Headset,Accessories,1,4729.42,M-Pesa,,Corporate,Completed
TX03492,2026-01-02,CUST0531,Kenya,Arusha,USB-C Hub,Accessories,2,6726.85,Card,Amina,Corporate,Completed
TX04758,2026-04-25,CUST0016,Kenya,MOMBASA,Tablet,Hardware,2,43511.24,Cash,Brian,Corporate,Completed
TX01000,2026-02-02,CUST0229,KENYA,Mombasa,Headset,Accessories,5,4959.01,Bank Transfer,Irene,Corporate,Cancelled
TX02313,2026-04-24,CUST0110,Kenya,Mombasa,Laptop Bag,Accessories,2,3577.84,M-Pesa,Amina,SME ,Completed
TX04294,2026-02-07,CUST0168,UGANDA,Dar es Salaam,USB-C Hub,Accessories,1,6572.11,M-Pesa,Irene,Individual,Completed
TX00193,2026-05-16,CUST0670,KE,Mombasa,Monitor,Hardware,1,21053.44,Card,Brian,Individual,Completed
TX03874,2026-02-04,CUST0327,Rwanda,NAIROBI,USB-C Hub,Accessories,2,6119.32,Card,Brian,Individual,Cancelled
TX04249,2026-03-15,CUST0243,KE,Kampala,Headset,Accessories,1,5510.81,Cash,John,SME,Completed
TX04768,2026-05-24,CUST0769,Uganda,NAIROBI,Keyboard,Accessories,1,2528.93,Card,George,Individual,Completed
TX04300,2026-06-15,CUST0813,Rwanda,MOMBASA,Laptop Bag,Accessories,1,3462.4,Card,George,Corporate,Pending
TX04498,2026-02-16,CUST0595,KE,Arusha,Tablet,Hardware,2,40287.11,M-Pesa,Carol,Corporate,Completed
TX02092,2026-03-26,CUST0487,TANZANIA,Dar es Salaam,Laptop Bag,Accessories,1,3651.91,Bank Transfer,Irene,Corporate,Completed
TX02643,2026-02-11,CUST0518,Uganda,Dar es Salaam,Keyboard,Accessories,1,2563.03,Card,Amina,SME,Completed
TX04441,2026-05-09,CUST0599,Rwanda,Dar es Salaam,Monitor,Hardware,2,22760.59,Bank Transfer,Brian,Corporate,Completed
TX01778,2026-03-14,CUST0478,Kenya,Kisumu,Tablet,Hardware,3,43499.14,Cash,John,Corporate,Completed
TX03593,2026-03-04,CUST0874,KE,Kisumu,External SSD,Storage,2,14103.66,M-Pesa,Faith,Individual,Completed
TX04839,2026-04-19,CUST1035,KENYA,Kisumu,Laptop Bag,Accessories,4,3487.7,Card,Amina,SME,Completed
TX01434,2026-01-06,CUST0369,UGANDA,Mombasa,Laptop Bag,Accessories,1,3578.96,Bank Transfer,John,Corporate,Completed
TX02752,2026-05-18,CUST1082,UGANDA,NAIROBI,Laptop Bag,Accessories,2,3340.4,Card,Amina,SME,Completed
TX03079,2026-01-12,CUST1062,UGANDA,Kigali,External SSD,Storage,3,13309.96,Bank Transfer,Carol,SME,Completed
TX04829,2026-04-11,CUST0229,Kenya,Kisumu,Office Laptop,Hardware,2,89102.34,Card,Carol,Corporate,Cancelled
TX03139,2026-06-12,CUST0049,Uganda,Dar es Salaam,Laptop Bag,Accessories,4,3452.59,Bank Transfer,Irene,Corporate,Completed
TX02597,2026-02-08,CUST1124,Rwanda,Kisumu,Headset,Accessories,1,5039.15,Cash,Brian,Individual,Cancelled
TX04996,2026-02-07,CUST0045,Rwanda,Nairobi,External SSD,Storage,1,14199.59,Bank Transfer,Amina,Corporate,Cancelled
TX00192,2026-05-21,CUST0787,Uganda,Kisumu,Office Laptop,Hardware,2,92721.42,Card,George,SME ,Cancelled
TX01555,2026-01-04,CUST0317,TANZANIA,Dar es Salaam,Headset,Accessories,1,5705.81,Bank Transfer,George,Corporate,Completed
TX01787,2026-01-11,CUST0945,Kenya,Dar es Salaam,Laptop Stand,Accessories,1,4796.57,Card,Amina,Corporate,Completed
TX03083,2026-04-15,CUST0601,Rwanda,Dar es Salaam,Wireless Mouse,Accessories,1,1941.33,Cash,George,SME ,Completed
TX03704,2026-04-16,CUST0880,Tanzania,MOMBASA,Monitor,Hardware,1,21982.61,Card,Carol,Corporate,Completed
TX01269,2026-01-29,CUST0106,Uganda,Nairobi,Headset,Accessories,2,5202.39,Bank Transfer,Faith,Individual,Completed
TX03047,2026-03-30,CUST0992,Rwanda,Kampala,Headset,Accessories,2,5203.36,Bank Transfer,Carol,SME,Completed
TX01698,2026-02-15,CUST1180,KENYA,Kampala,Headset,Accessories,4,5643.1,M-Pesa,George,Individual,Completed
TX04038,2026-01-18,CUST0849,Kenya,Mombasa,Monitor,Hardware,1,20858.59,Bank Transfer,Amina,Individual,Pending
TX03775,2026-03-19,CUST0113,Tanzania,Kisumu,Laptop Bag,Accessories,4,3408.62,Bank Transfer,David,Individual,Completed
TX02877,2026-05-27,CUST0321,KE,Mombasa,Tablet,Hardware,1,39317.35,Cash,Faith,Corporate,Cancelled
TX03520,2026-05-31,CUST0164,KENYA,,Tablet,Hardware,1,42209.23,Card,John,Individual,Pending
TX00313,2026-06-28,CUST0974,KE,Kigali,Laptop Bag,Accessories,2,3458.86,Bank Transfer,Brian,Corporate,Pending
TX03190,2026-04-09,CUST1170,UGANDA,Kampala,Keyboard,Accessories,1,2471.92,Card,Amina,Individual,Completed
TX00167,2026-04-29,CUST0695,UGANDA,Arusha,Tablet,Hardware,1,41749.53,Cash,Carol,SME,Pending
TX03850,2026-03-10,CUST0023,Uganda,Arusha,Tablet,Hardware,2,46094.73,M-Pesa,Carol,Individual,Completed
TX04436,2026-01-10,CUST0224,Rwanda,NAIROBI,USB-C Hub,Accessories,1,6368.31,Cash,John,Corporate,Pending
TX01025,2026-04-24,CUST0909,KE,Nairobi,Laptop Stand,Accessories,1,4094.24,Card,,Corporate,Completed
TX02218,2026-06-10,CUST0511,TANZANIA,NAIROBI,External SSD,Storage,2,15779.74,Card,Faith,SME,Completed
TX03887,2026-02-07,CUST0848,Uganda,NAIROBI,Tablet,Hardware,3,44761.88,Cash,Carol,Individual,Completed
TX01323,2026-03-23,CUST0553,Kenya,Kampala,Laptop Bag,Accessories,1,3489.54,Cash,,Individual,Cancelled
TX01919,2026-01-06,CUST0457,Tanzania,Nairobi,External SSD,Storage,1,15917.1,Cash,Amina,Corporate,Completed
TX03569,2026-05-06,CUST1056,KENYA,Kampala,Headset,Accessories,2,4971.12,Bank Transfer,Brian,Individual,Pending
TX01127,2026-03-11,CUST1165,Rwanda,Arusha,Laptop Stand,Accessories,2,4717.65,Cash,Irene,Corporate,Completed
TX02487,2026-01-04,CUST0860,KENYA,NAIROBI,Tablet,Hardware,1,43737.97,Card,George,Corporate,Completed
TX04226,2026-05-29,CUST0090,Kenya,MOMBASA,Tablet,Hardware,2,44664.45,Bank Transfer,John,SME ,Completed
TX00153,2026-05-21,CUST0039,Kenya,Mombasa,Wireless Mouse,Accessories,1,1978.96,Bank Transfer,Irene,Individual,Completed
TX02620,2026-01-02,CUST1156,Rwanda,MOMBASA,Office Laptop,Hardware,1,88400.08,Card,David,Individual,Pending
TX04765,2026-03-18,CUST0229,UGANDA,NAIROBI,Headset,Accessories,1,4772.98,M-Pesa,Carol,SME,Pending
TX02695,2026-01-25,CUST0794,Kenya,Kampala,Laptop Stand,Accessories,2,4777.18,Cash,George,Corporate,Pending
TX01558,2026-05-04,CUST0350,UGANDA,Kampala,Monitor,Hardware,1,20146.21,Card,Faith,Individual,Cancelled
TX02618,2026-01-01,CUST0311,Kenya,Kampala,Wireless Mouse,Accessories,1,1684.25,Bank Transfer,Irene,Individual,Completed
TX01972,2026-05-22,CUST0645,Tanzania,Arusha,Laptop Bag,Accessories,4,3176.15,M-Pesa,Faith,SME,Pending
TX02965,2026-04-28,CUST0229,Kenya,Kampala,Tablet,Hardware,1,43307.21,Bank Transfer,Irene,SME ,Completed
TX02479,2026-05-30,CUST0381,Rwanda,,External SSD,Storage,1,13726.95,M-Pesa,Amina,Corporate,Cancelled
TX04901,2026-02-10,CUST0261,KE,NAIROBI,Tablet,Hardware,5,38787.26,M-Pesa,George,Individual,Completed
TX02998,2026-01-25,CUST0662,Uganda,Kampala,Keyboard,Accessories,1,2407.45,Cash,Irene,SME,Completed
TX04945,2026-04-15,CUST0962,KENYA,Arusha,Laptop Stand,Accessories,2,4741.11,M-Pesa,Carol,SME,Cancelled
TX00032,2026-06-10,CUST0128,Rwanda,Dar es Salaam,Laptop Bag,Accessories,1,3363.99,Card,Amina,SME,Completed
TX00938,2026-05-04,CUST0486,Tanzania,Nairobi,Monitor,Hardware,5,20534.05,Cash,George,Corporate,COMPLETED
TX02222,2026-03-28,CUST0650,TANZANIA,NAIROBI,Keyboard,Accessories,1,2641.0,Cash,Brian,Individual,completed
TX00753,2026-01-21,CUST0057,Kenya,Kigali,Headset,Accessories,3,5284.57,Bank Transfer,Amina,SME,Completed
TX03859,2026-06-26,CUST1008,KENYA,NAIROBI,Headset,Accessories,1,4962.65,Bank Transfer,David,SME,Completed
TX00310,2026-04-28,CUST0064,UGANDA,MOMBASA,Laptop Stand,Accessories,1,4817.3,Bank Transfer,Faith,SME,Completed
TX02536,2026-04-24,CUST0684,Rwanda,NAIROBI,Laptop Bag,Accessories,1,3490.19,M-Pesa,George,Individual,Completed
TX04183,2026-05-29,CUST0254,TANZANIA,Arusha,Monitor,Hardware,1,22742.97,Card,Amina,Individual,Completed
TX04939,2026-05-14,CUST1139,TANZANIA,MOMBASA,USB-C Hub,Accessories,1,7011.04,M-Pesa,David,Individual,Cancelled
TX02182,2026-03-13,CUST0018,KE,Kigali,USB-C Hub,Accessories,2,6953.29,Card,Brian,Individual,Completed
TX00496,2026-01-08,CUST0090,Uganda,Kisumu,Laptop Bag,Accessories,1,3372.29,Cash,David,SME,Pending
TX00206,2026-04-14,CUST0321,UGANDA,MOMBASA,Headset,Accessories,1,4838.51,M-Pesa,George,Individual,Completed
TX01136,2026-02-17,CUST1051,KE,Dar es Salaam,Monitor,Hardware,1,22381.62,Card,John,SME,Pending
TX02765,2026-04-22,CUST0592,KE,Kampala,USB-C Hub,Accessories,1,7043.35,M-Pesa,Faith,SME,Pending
TX03478,2026-02-09,CUST0905,UGANDA,Mombasa,Keyboard,Accessories,3,2726.57,Bank Transfer,Brian,SME,Completed
TX04455,2026-04-16,CUST0572,Tanzania,MOMBASA,Tablet,Hardware,1,40916.02,Bank Transfer,Amina,Corporate,Completed
TX00306,2026-03-10,CUST0305,Tanzania,MOMBASA,Monitor,Hardware,1,24071.27,M-Pesa,Brian,Individual,Pending
TX03997,2026-02-19,CUST0414,TANZANIA,Kisumu,USB-C Hub,Accessories,1,5941.12,Bank Transfer,Carol,SME ,completed
TX01895,2026-05-17,CUST0259,KENYA,NAIROBI,Laptop Bag,Accessories,2,3826.8,Cash,Irene,Individual,Completed
TX01062,2026-02-22,CUST0546,Tanzania,MOMBASA,Office Laptop,Hardware,1,88856.22,Cash,Amina,Individual,Completed
TX00844,2026-04-23,CUST0909,UGANDA,Nairobi,Laptop Bag,Accessories,1,3848.74,Card,Carol,SME,Completed
TX02806,2026-03-05,CUST1128,KE,Nairobi,Keyboard,Accessories,1,2389.67,Bank Transfer,Faith,Individual,Completed
TX04796,2026-01-27,CUST1178,Kenya,Arusha,Laptop Bag,Accessories,2,3412.09,Card,,SME,Completed
TX00212,2026-05-05,CUST0899,Rwanda,Kampala,Monitor,Hardware,2,20412.47,Bank Transfer,Amina,SME,Completed
TX01109,2026-01-25,CUST1190,KE,Kisumu,Keyboard,Accessories,1,2681.05,Bank Transfer,Amina,SME,Completed
TX03846,2026-01-18,CUST0176,UGANDA,Kigali,Keyboard,Accessories,2,2344.48,Cash,Carol,SME,Pending
TX00680,2026-02-09,CUST0814,Rwanda,Kigali,External SSD,Storage,2,14090.12,Card,Faith,Corporate,Pending
TX00566,2026-01-08,CUST0191,Uganda,Kigali,Wireless Mouse,Accessories,3,1913.79,Card,John,Individual,Completed
TX04150,2026-05-04,CUST0528,TANZANIA,Kampala,Headset,Accessories,2,5221.38,Cash,John,Individual,Pending
TX03707,2026-04-25,CUST0145,Kenya,NAIROBI,Wireless Mouse,Accessories,1,1856.3,Bank Transfer,John,SME,Cancelled
TX00681,2026-01-02,CUST0180,KE,Nairobi,USB-C Hub,Accessories,2,6256.68,Card,David,Corporate,Completed
TX00181,2026-03-21,CUST0746,TANZANIA,MOMBASA,Wireless Mouse,Accessories,1,1811.61,Cash,Irene,SME,Completed
TX02751,2026-06-24,CUST0143,Tanzania,Kisumu,External SSD,Storage,1,13581.06,Cash,David,SME ,Pending
TX03669,2026-06-28,CUST0888,UGANDA,Dar es Salaam,Monitor,Hardware,2,21488.36,Card,John,Corporate,Completed
TX04399,2026-02-02,CUST0508,Kenya,NAIROBI,Wireless Mouse,Accessories,1,1850.1,Card,Carol,Corporate,Pending
TX04435,2026-06-26,CUST0119,KE,Dar es Salaam,Tablet,Hardware,1,39286.43,Card,George,Individual,Completed
TX00279,2026-04-30,CUST0089,Rwanda,Nairobi,Monitor,Hardware,1,20864.33,Card,Carol,Individual,Completed
TX01182,2026-03-06,,TANZANIA,NAIROBI,Laptop Bag,Accessories,1,3474.57,Cash,Irene,Corporate,Cancelled
TX01996,2026-01-29,CUST0733,UGANDA,Kisumu,Laptop Stand,Accessories,5,4731.1,Card,Faith,SME,Completed
TX00433,2026-04-03,CUST0654,TANZANIA,Nairobi,External SSD,Storage,2,14370.0,Card,David,SME,Cancelled
TX00290,2026-05-19,CUST0127,TANZANIA,Mombasa,Keyboard,Accessories,3,2537.39,Card,Faith,Individual,Pending
TX01028,2026-05-28,CUST1053,KE,Dar es Salaam,Tablet,Hardware,4,38091.82,Card,Faith,Individual,Pending
TX00536,2026-05-12,CUST1090,Tanzania,Dar es Salaam,Monitor,Hardware,2,22104.12,Cash,David,SME,Cancelled
TX03552,2026-06-17,CUST1087,Uganda,NAIROBI,Wireless Mouse,Accessories,1,1628.07,Cash,John,SME,Pending
TX00189,2026-06-23,CUST1027,Tanzania,NAIROBI,USB-C Hub,Accessories,1,6634.48,M-Pesa,Brian,SME,Completed
TX03612,2026-05-04,CUST1177,TANZANIA,Nairobi,Laptop Bag,Accessories,1,3351.15,Cash,Brian,Individual,Pending
TX04052,2026-02-12,CUST1048,KE,NAIROBI,Laptop Stand,Accessories,1,4586.81,Card,David,SME,Completed
TX01361,2026-06-12,CUST0911,KE,NAIROBI,Wireless Mouse,Accessories,4,1961.7,Bank Transfer,Carol,Corporate,Completed
TX00271,2026-04-18,CUST0862,Kenya,Kisumu,Office Laptop,Hardware,1,96467.74,Bank Transfer,Carol,Corporate,Completed
TX01756,2026-03-21,CUST0592,KENYA,Kampala,Laptop Bag,Accessories,1,3323.88,Card,George,Corporate,Cancelled
TX04152,2026-04-02,CUST0691,Rwanda,,Wireless Mouse,Accessories,1,1766.92,Cash,Faith,Individual,Completed
TX02230,2026-05-27,CUST1135,UGANDA,Nairobi,USB-C Hub,Accessories,1,5855.67,M-Pesa,John,Corporate,Completed
TX03826,2026-06-04,CUST0554,KE,MOMBASA,External SSD,Storage,5,14635.59,Bank Transfer,David,SME,Cancelled
TX00112,2026-02-15,CUST0452,Tanzania,Arusha,External SSD,Storage,1,13755.2,Cash,Faith,SME,Completed
TX01171,2026-01-02,CUST0813,UGANDA,Mombasa,Laptop Bag,Accessories,1,3477.46,Bank Transfer,Faith,Corporate,Cancelled
TX04457,2026-01-11,CUST0990,Kenya,Nairobi,Tablet,Hardware,1,39083.82,M-Pesa,Irene,SME,completed
TX00221,2026-05-19,CUST0308,Rwanda,MOMBASA,Laptop Stand,Accessories,1,4108.16,Cash,Irene,Individual,Pending
TX03815,2026-04-26,CUST0945,TANZANIA,MOMBASA,Tablet,Hardware,3,45774.76,Card,Carol,SME,Cancelled
TX00628,2026-01-02,CUST0636,Kenya,Kigali,External SSD,Storage,25,22000,M-Pesa,David,SME,Completed
TX04662,2026-05-08,CUST0188,Rwanda,NAIROBI,Keyboard,Accessories,3,2483.25,Bank Transfer,John,SME,Pending
TX04607,2026-03-11,CUST0581,KENYA,MOMBASA,Headset,Accessories,2,5447.23,Card,Amina,SME,Completed
TX03741,2026-03-01,CUST1101,Tanzania,Kisumu,Tablet,Hardware,2,45255.46,Card,Carol,SME,Completed
TX00791,2026-04-29,CUST0345,UGANDA,Dar es Salaam,Tablet,Hardware,2,41648.92,Cash,David,Individual,Completed
TX02078,2026-01-12,CUST0649,KE,NAIROBI,Monitor,Hardware,4,20760.29,Bank Transfer,Faith,Individual,Pending
TX00462,2026-06-05,CUST0273,KE,Dar es Salaam,Laptop Stand,Accessories,5,4651.08,Card,Carol,SME,Completed
TX04474,2026-06-14,CUST0341,KE,Kampala,Wireless Mouse,Accessories,1,1812.76,Card,John,Corporate,Completed
TX00552,2026-02-20,CUST0887,Uganda,Arusha,Tablet,Hardware,3,44777.23,Card,Irene,SME,Completed
TX01211,2026-02-07,CUST1196,TANZANIA,Arusha,Laptop Stand,Accessories,2,4405.82,Bank Transfer,Amina,Individual,Completed
TX03232,2026-06-01,CUST0550,KE,Dar es Salaam,Headset,Accessories,1,5385.31,Cash,Faith,SME,Completed
TX00199,2026-01-02,CUST0263,Kenya,Kigali,Tablet,Hardware,1,43108.93,M-Pesa,Brian,Corporate,Completed
TX02678,2026-05-14,CUST0255,Tanzania,Arusha,Tablet,Hardware,1,43033.98,M-Pesa,Irene,Individual,Completed
TX01768,2026-03-24,CUST0512,Tanzania,Kigali,Office Laptop,Hardware,2,91486.36,Cash,Brian,Corporate,Completed
TX00403,2026-05-06,CUST0416,Tanzania,Nairobi,Wireless Mouse,Accessories,1,1814.89,Card,Carol,SME,Completed
TX03168,2026-03-21,CUST0759,UGANDA,Dar es Salaam,Laptop Bag,Accessories,1,3722.02,M-Pesa,Amina,SME,Completed
TX02578,2026-03-04,CUST0425,Tanzania,MOMBASA,Laptop Stand,Accessories,1,4947.37,Bank Transfer,Brian,Individual,Completed
TX04842,2026-05-06,CUST0743,UGANDA,Dar es Salaam,Laptop Stand,Accessories,1,4607.44,Bank Transfer,Brian,Corporate,Completed
TX03940,2026-03-12,CUST0476,TANZANIA,Dar es Salaam,Laptop Stand,Accessories,1,4346.97,Card,John,Individual,Pending
TX03618,2026-01-27,CUST0100,KENYA,NAIROBI,USB-C Hub,Accessories,1,7144.39,Bank Transfer,George,Individual,Completed
TX04537,2026-03-14,CUST0824,KE,Nairobi,Wireless Mouse,Accessories,1,1892.9,Card,Irene,Corporate,Completed
TX00651,2026-06-16,CUST0561,KE,Kampala,Laptop Bag,Accessories,1,3190.17,Card,George,Corporate,Completed
TX00709,2026-03-20,CUST0115,KENYA,Nairobi,USB-C Hub,Accessories,3,6596.11,Cash,Carol,Individual,Completed
TX01570,2026-05-16,CUST0526,KENYA,MOMBASA,Laptop Stand,Accessories,2,4413.63,M-Pesa,Faith,Corporate,Pending
TX04487,2026-03-08,CUST1107,Tanzania,Kampala,USB-C Hub,Accessories,1,6878.38,Card,Irene,Individual,Pending
TX03467,2026-04-20,CUST0170,Rwanda,Nairobi,Tablet,Hardware,1,40436.06,M-Pesa,Irene,Corporate,Cancelled
TX02414,2026-05-15,CUST0011,Tanzania,Mombasa,Wireless Mouse,Accessories,1,1940.67,Cash,Carol,SME,Completed
TX01880,2026-05-16,CUST0106,Tanzania,NAIROBI,External SSD,Storage,2,14494.55,Bank Transfer,Faith,SME,Completed
TX00315,2026-03-10,CUST0943,Tanzania,Mombasa,Laptop Bag,Accessories,3,3193.72,Card,Faith,Corporate,Pending
TX03149,2026-05-11,CUST0860,Rwanda,Mombasa,Wireless Mouse,Accessories,2,1944.7,M-Pesa,George,SME,Cancelled
TX04691,2026-06-09,CUST0507,UGANDA,Dar es Salaam,Monitor,Hardware,1,21500.37,Bank Transfer,Brian,SME,Completed
TX00114,2026-02-16,CUST0746,KENYA,Nairobi,Keyboard,Accessories,2,2460.71,Bank Transfer,Brian,Corporate,Pending
TX00961,2026-03-09,CUST1161,Rwanda,Kampala,Laptop Bag,Accessories,4,3529.67,Card,Brian,Corporate,Completed
TX03015,2026-02-25,CUST0894,KENYA,Kigali,Headset,Accessories,2,5544.99,M-Pesa,George,Corporate,Completed
TX02334,2026-01-10,CUST0952,Tanzania,Dar es Salaam,USB-C Hub,Accessories,4,5902.22,Card,Faith,Corporate,Completed
TX04801,2026-05-21,CUST1144,UGANDA,Kisumu,Tablet,Hardware,2,45535.05,Card,Brian,Individual,Completed
TX03442,2026-01-03,CUST0161,Uganda,Kampala,Wireless Mouse,Accessories,3,1820.56,M-Pesa,Faith,SME ,Completed
TX00039,2026-05-04,CUST0657,UGANDA,NAIROBI,Keyboard,Accessories,2,2613.05,Cash,Irene,Corporate,Completed
TX01673,2026-01-17,CUST0226,UGANDA,Arusha,Laptop Stand,Accessories,1,4710.48,Cash,John,Individual,Completed
TX03312,2026-04-11,CUST0522,Kenya,Kigali,Keyboard,Accessories,1,2600.94,M-Pesa,Amina,Individual,Completed
TX04044,2026-02-06,CUST0781,TANZANIA,Nairobi,Headset,Accessories,1,5217.24,M-Pesa,Irene,Individual,Completed
TX03536,2026-03-12,CUST0180,TANZANIA,Arusha,USB-C Hub,Accessories,1,5932.45,Cash,Faith,SME,Completed
TX04603,2026-02-24,CUST1189,Kenya,Kigali,Wireless Mouse,Accessories,1,1810.68,Bank Transfer,Faith,Individual,Completed
TX01927,2026-05-05,CUST0107,Kenya,MOMBASA,Laptop Bag,Accessories,1,3189.86,M-Pesa,Amina,Corporate,Completed
TX04284,2026-01-02,CUST1192,Rwanda,Mombasa,Laptop Bag,Accessories,2,3318.38,Bank Transfer,Irene,SME,Completed
TX02102,2026-03-02,CUST0695,TANZANIA,Kigali,Office Laptop,Hardware,2,97235.12,Bank Transfer,Brian,Corporate,COMPLETED
TX00327,2026-04-06,CUST0294,KENYA,NAIROBI,Office Laptop,Hardware,1,95211.45,M-Pesa,Irene,SME,Cancelled
TX00605,2026-04-13,CUST0583,Uganda,Kampala,Headset,Accessories,3,5264.34,Card,Brian,SME,Completed
TX04259,2026-05-03,CUST0673,Tanzania,Nairobi,Tablet,Hardware,1,38680.75,M-Pesa,Irene,SME,Completed
TX03127,2026-04-02,CUST1170,Tanzania,NAIROBI,Office Laptop,Hardware,1,87137.29,Bank Transfer,Faith,Individual,Pending
TX03820,2026-03-26,CUST0755,Uganda,Mombasa,Office Laptop,Hardware,2,90206.72,Bank Transfer,David,SME,Completed
TX02550,2026-05-04,CUST0794,KENYA,Kigali,Tablet,Hardware,1,41763.45,M-Pesa,Faith,Individual,Completed
TX04688,2026-04-10,CUST1055,Uganda,Kisumu,External SSD,Storage,1,13349.11,Cash,Brian,Individual,Completed
TX02963,2026-04-28,CUST0968,UGANDA,Mombasa,Headset,Accessories,1,4720.71,Card,Irene,Corporate,Completed
TX01492,2026-01-01,CUST1131,KENYA,Kigali,Laptop Bag,Accessories,1,3770.15,M-Pesa,Brian,SME,Completed
TX03693,2026-06-17,CUST0193,TANZANIA,Dar es Salaam,Laptop Stand,Accessories,1,4824.3,Card,Brian,Corporate,Completed
TX04248,2026-04-03,CUST0522,Kenya,Dar es Salaam,Laptop Bag,Accessories,2,3739.49,M-Pesa,Carol,Corporate,Completed
TX04779,2026-03-22,CUST0170,Rwanda,Arusha,Office Laptop,Hardware,1,88937.95,Card,George,SME,Pending
TX01729,2026-05-19,CUST0143,Rwanda,Kampala,Laptop Stand,Accessories,4,4452.15,Card,Faith,SME,Completed
TX00790,2026-05-20,CUST0567,KENYA,Dar es Salaam,USB-C Hub,Accessories,1,6757.22,Bank Transfer,Brian,SME,Completed
TX02342,2026-02-26,CUST0042,Kenya,Mombasa,Wireless Mouse,Accessories,4,1792.99,Card,Faith,Corporate,Completed
TX04519,2026-01-18,CUST0669,Tanzania,Kisumu,Wireless Mouse,Accessories,1,1655.04,Cash,Brian,Corporate,Completed
TX02940,2026-05-10,CUST0450,TANZANIA,Kampala,Laptop Stand,Accessories,1,4177.18,Cash,David,Corporate,Completed
TX00872,2026-01-23,CUST0469,KENYA,Dar es Salaam,Office Laptop,Hardware,2,90813.8,Cash,Amina,Individual,Completed
TX02587,2026-03-12,CUST0674,Uganda,MOMBASA,Laptop Stand,Accessories,4,4677.0,Cash,Irene,Individual,Completed
TX01407,2026-06-11,CUST0018,KENYA,Arusha,Monitor,Hardware,2,20524.55,Bank Transfer,Carol,Corporate,Completed
TX02634,2026-05-04,CUST0720,UGANDA,Kigali,Laptop Bag,Accessories,1,3386.03,Bank Transfer,George,SME,Pending
TX00074,2026-04-21,CUST0848,Tanzania,Mombasa,Wireless Mouse,Accessories,2,1745.07,Bank Transfer,Carol,SME,completed
TX03265,2026-06-21,CUST1124,TANZANIA,Kampala,Headset,Accessories,1,5538.12,Card,Carol,SME,Completed
TX01504,2026-02-23,CUST0039,UGANDA,Nairobi,Wireless Mouse,Accessories,2,1726.95,Card,Irene,SME,Completed
TX01422,2026-04-11,CUST0910,TANZANIA,Kigali,Wireless Mouse,Accessories,1,1843.88,Cash,John,SME,Completed
TX03120,2026-05-08,CUST0707,Rwanda,MOMBASA,Headset,Accessories,1,5383.75,Card,Carol,Corporate,Completed
TX00093,2026-03-30,CUST1066,KE,MOMBASA,Keyboard,Accessories,1,2657.29,M-Pesa,Brian,Corporate,Pending
TX04650,2026-02-18,CUST0478,Tanzania,Arusha,Laptop Bag,Accessories,1,3351.18,Cash,Carol,Corporate,Completed
TX03941,2026-02-01,CUST0369,Tanzania,Mombasa,Monitor,Hardware,2,21184.66,Card,David,Individual,Completed
TX02851,2026-03-06,CUST0222,TANZANIA,Mombasa,USB-C Hub,Accessories,3,6438.49,Card,John,SME,Cancelled
TX02989,2026-05-02,CUST0169,Rwanda,NAIROBI,Laptop Stand,Accessories,2,4088.29,Bank Transfer,George,Individual,Completed
TX01832,2026-04-11,CUST1199,Rwanda,Kigali,Monitor,Hardware,2,22073.28,M-Pesa,Amina,SME,Pending
TX00495,2026-01-07,CUST0575,KE,Arusha,Monitor,Hardware,5,22194.47,Cash,David,Individual,Cancelled
TX03247,2026-01-26,CUST0630,TANZANIA,Arusha,Keyboard,Accessories,1,2536.26,M-Pesa,David,SME,Completed
TX04131,2026-03-24,CUST0811,Rwanda,Kampala,Laptop Stand,Accessories,1,4316.75,,Brian,SME ,Completed
TX01341,2026-06-17,CUST1130,UGANDA,Kisumu,Tablet,Hardware,1,44407.88,M-Pesa,Brian,SME,Completed
TX01165,2026-06-17,CUST0104,Rwanda,Dar es Salaam,Wireless Mouse,Accessories,2,1904.89,M-Pesa,David,Corporate,Completed
TX02992,2026-04-24,CUST1067,Kenya,Kigali,Laptop Bag,Accessories,2,3458.89,Bank Transfer,John,Corporate,Cancelled
TX01838,2026-02-28,CUST1170,KE,Nairobi,Headset,Accessories,1,4876.78,Cash,Faith,SME ,Completed
TX01584,2026-05-13,CUST1169,TANZANIA,Kisumu,Office Laptop,Hardware,1,88790.87,M-Pesa,David,SME,Completed
TX02252,2026-02-04,CUST0889,UGANDA,MOMBASA,Wireless Mouse,Accessories,2,1966.96,M-Pesa,Irene,SME,Completed
TX01808,2026-06-25,CUST0728,KENYA,Kampala,Office Laptop,Hardware,3,90383.12,M-Pesa,John,Individual,Cancelled
TX00619,2026-06-17,CUST0746,UGANDA,MOMBASA,External SSD,Storage,2,14983.52,M-Pesa,Irene,SME ,Completed
TX01804,2026-04-28,CUST0044,UGANDA,Kampala,Keyboard,Accessories,4,2719.17,Card,Amina,Individual,Pending
TX02442,2026-03-05,CUST0688,Kenya,Kigali,External SSD,Storage,2,14495.73,Bank Transfer,Faith,Corporate,Completed
TX03974,2026-01-21,CUST0616,Uganda,MOMBASA,Monitor,Hardware,1,22338.8,Bank Transfer,Amina,Corporate,Completed
TX01296,2026-01-11,CUST1186,Uganda,Kigali,Headset,Accessories,1,5551.24,Card,George,Corporate,Pending
TX04093,2026-05-26,CUST0727,KE,Nairobi,Headset,Accessories,2,5037.15,M-Pesa,Irene,Corporate,Cancelled
TX04557,2026-06-30,CUST0471,KE,NAIROBI,USB-C Hub,Accessories,1,6910.82,,Brian,SME,Pending
TX00870,2026-02-26,CUST0971,TANZANIA,Nairobi,Office Laptop,Hardware,1,98909.42,M-Pesa,Faith,Corporate,Completed
TX02811,2026-04-10,CUST0983,Tanzania,Nairobi,Laptop Bag,Accessories,1,3328.54,M-Pesa,George,Corporate,Cancelled
TX01043,2026-06-21,CUST1101,Uganda,Kampala,Headset,Accessories,3,4948.26,M-Pesa,David,Corporate,Completed
TX04220,2026-05-17,CUST0569,TANZANIA,Kisumu,Tablet,Hardware,1,43781.32,M-Pesa,John,Corporate,completed
TX00357,2026-05-25,CUST0354,UGANDA,Nairobi,Tablet,Hardware,3,44114.89,Cash,Faith,Individual,Cancelled
TX01163,2026-03-14,CUST0699,KENYA,Kisumu,Tablet,Hardware,1,44706.57,Cash,George,SME,completed
TX04088,2026-05-02,CUST0780,TANZANIA,NAIROBI,Headset,Accessories,1,5350.38,Card,Brian,Corporate,Completed
TX04940,2026-06-24,CUST1043,Tanzania,NAIROBI,Monitor,Hardware,1,22489.59,Bank Transfer,Irene,Individual,Cancelled
TX04315,2026-05-18,CUST0986,Tanzania,Nairobi,Monitor,Hardware,1,22493.08,Cash,George,Corporate,Cancelled
TX02489,2026-01-25,CUST0978,KENYA,Kigali,Monitor,Hardware,1,22556.01,Bank Transfer,Carol,Corporate,Cancelled
TX01875,2026-02-04,CUST0630,Rwanda,Dar es Salaam,Keyboard,Accessories,2,2421.37,Card,George,Individual,Cancelled
TX04668,2026-03-08,CUST0896,Tanzania,Kampala,Laptop Stand,Accessories,2,4575.43,Bank Transfer,George,Individual,Completed
TX03672,2026-05-04,CUST0932,UGANDA,Dar es Salaam,Wireless Mouse,Accessories,1,1824.54,Bank Transfer,Amina,SME,COMPLETED
TX04743,2026-02-23,CUST0669,Kenya,Arusha,Office Laptop,Hardware,2,99110.45,M-Pesa,Faith,SME,Pending
TX01331,2026-06-24,CUST0230,Rwanda,Arusha,Headset,Accessories,1,5436.95,Card,Brian,Individual,Completed
TX02950,2026-02-17,CUST0219,KE,Mombasa,USB-C Hub,Accessories,2,6252.51,Card,George,Corporate,Completed
TX00333,2026-02-23,CUST1124,Kenya,Kampala,Monitor,Hardware,3,20732.77,M-Pesa,Irene,Individual,Cancelled
TX01375,2026-01-14,CUST0290,KE,NAIROBI,Laptop Bag,Accessories,1,3788.12,Cash,Carol,Individual,Completed
TX04288,2026-01-12,CUST0651,Tanzania,Dar es Salaam,Tablet,Hardware,1,43024.53,Bank Transfer,John,Individual,Pending
TX03990,2026-06-10,CUST1146,KENYA,MOMBASA,Headset,Accessories,3,5542.88,M-Pesa,Amina,Corporate,Completed
TX01259,2026-01-04,CUST0926,Uganda,Kigali,Wireless Mouse,Accessories,1,1844.62,Cash,David,SME,Completed
TX04175,2026-05-13,CUST0496,Uganda,Kigali,Tablet,Hardware,2,38068.79,M-Pesa,Amina,Individual,Completed
TX01733,2026-06-30,CUST0417,KE,Nairobi,Monitor,Hardware,3,24189.86,Card,Amina,Corporate,Pending
TX01117,2026-06-21,CUST0931,Rwanda,Mombasa,External SSD,Storage,2,14654.94,M-Pesa,Faith,Corporate,Completed
TX01966,2026-02-18,CUST0186,KE,Nairobi,Headset,Accessories,1,4723.04,M-Pesa,George,Individual,Completed
TX03680,2026-01-30,CUST0335,Tanzania,Kisumu,Keyboard,Accessories,2,2748.87,Cash,Amina,Individual,Completed
TX04004,2026-06-20,CUST1063,TANZANIA,NAIROBI,External SSD,Storage,2,13358.05,Cash,George,SME,Completed
TX04335,2026-02-08,CUST0147,UGANDA,Kisumu,Keyboard,Accessories,2,2436.76,Cash,John,Corporate,Completed
TX03929,2026-05-09,CUST0861,KE,Kampala,Monitor,Hardware,1,23367.89,Bank Transfer,Amina,Corporate,Completed
TX01457,2026-06-30,,TANZANIA,MOMBASA,Tablet,Hardware,1,38891.75,Card,Faith,Corporate,Pending
TX00446,2026-05-23,CUST0831,Rwanda,Nairobi,Office Laptop,Hardware,2,98177.03,Bank Transfer,Irene,Individual,Completed
TX02322,2026-04-08,,Kenya,NAIROBI,USB-C Hub,Accessories,1,7041.34,M-Pesa,David,Individual,Completed
TX00453,2026-01-13,CUST0639,Tanzania,MOMBASA,Laptop Stand,Accessories,3,4274.7,Card,Brian,Individual,Pending
TX01648,2026-01-08,CUST0307,Uganda,Kigali,Headset,Accessories,1,4718.03,Cash,Brian,Individual,Cancelled
TX04508,2026-05-21,CUST0479,Rwanda,MOMBASA,Laptop Bag,Accessories,1,3447.96,Card,Amina,Corporate,Completed
TX03063,2026-03-11,CUST1104,Uganda,Dar es Salaam,Laptop Stand,Accessories,1,4262.66,Card,Irene,SME ,Pending
TX00015,2026-05-09,CUST0633,Tanzania,Nairobi,Tablet,Hardware,1,40792.9,Cash,Faith,Individual,Completed
TX04353,2026-04-18,CUST0207,Rwanda,Kampala,Tablet,Hardware,1,43972.89,M-Pesa,Amina,Corporate,Cancelled
TX00946,2026-06-18,,TANZANIA,Kampala,Wireless Mouse,Accessories,3,1925.15,M-Pesa,Irene,Individual,Cancelled
TX00248,2026-02-18,CUST1098,UGANDA,Kisumu,Keyboard,Accessories,1,2686.37,Cash,Faith,SME,completed
TX04113,2026-06-08,CUST0627,Kenya,Kigali,Monitor,Hardware,1,20534.41,M-Pesa,Faith,SME,Completed
TX00361,2026-04-21,CUST0040,Kenya,Mombasa,Monitor,Hardware,1,23669.78,Bank Transfer,Faith,SME,Completed
TX04733,2026-06-08,CUST0326,KENYA,Nairobi,Headset,Accessories,2,5586.98,Cash,Faith,SME ,Completed
TX01871,2026-01-01,CUST0001,Rwanda,NAIROBI,Monitor,Hardware,1,22751.17,Card,Carol,Corporate,Completed
TX03540,2026-05-15,CUST0656,Uganda,MOMBASA,External SSD,Storage,2,13842.18,Card,Irene,SME,Completed
TX02381,2026-02-03,CUST0929,Uganda,Kisumu,Tablet,Hardware,3,44192.3,Cash,David,SME,Completed
TX04947,2026-05-17,CUST0839,KENYA,Mombasa,Monitor,Hardware,5,22665.59,Bank Transfer,David,Individual,Completed
TX03286,2026-01-29,CUST0884,KENYA,Kampala,Office Laptop,Hardware,1,99689.72,Bank Transfer,Faith,SME ,Completed
TX04221,2026-03-21,CUST0048,Uganda,MOMBASA,Laptop Stand,Accessories,4,4505.81,Card,Amina,SME,Completed
TX03615,2026-03-30,CUST0536,TANZANIA,Kampala,Laptop Bag,Accessories,1,3802.48,M-Pesa,Amina,SME,Completed
TX04558,2026-04-10,CUST0451,UGANDA,MOMBASA,External SSD,Storage,2,15039.82,Cash,George,Corporate,Pending
TX04964,2026-01-03,CUST0030,TANZANIA,Kigali,Laptop Bag,Accessories,1,3730.84,M-Pesa,Amina,Corporate,Completed
TX03969,2026-04-26,CUST0787,Tanzania,Nairobi,Tablet,Hardware,1,43393.53,Cash,Carol,SME,Completed
TX00491,2026-03-15,CUST1017,Rwanda,Kigali,Office Laptop,Hardware,1,88747.79,Card,Brian,SME,COMPLETED
TX00863,2026-05-25,CUST0653,TANZANIA,Nairobi,Laptop Bag,Accessories,2,3153.3,Card,Carol,Corporate,Cancelled
TX01873,2026-02-05,CUST1112,TANZANIA,Dar es Salaam,Laptop Stand,Accessories,2,4075.2,Card,John,Individual,Completed
TX02288,2026-03-14,CUST0768,Kenya,NAIROBI,Laptop Stand,Accessories,2,4147.78,Bank Transfer,Faith,SME,Completed
TX03115,2026-03-13,CUST0098,KE,Kigali,Office Laptop,Hardware,2,90526.62,M-Pesa,Faith,Individual,Completed
TX02528,2026-05-11,CUST0448,Rwanda,Kampala,Office Laptop,Hardware,1,97908.6,Card,David,SME,Completed
TX04957,2026-06-01,CUST0217,KE,Kigali,Headset,Accessories,3,5196.24,Card,Brian,SME,Completed
TX02099,2026-05-16,CUST0794,Kenya,NAIROBI,Tablet,Hardware,3,41733.78,Bank Transfer,Carol,Corporate,Completed
TX00507,2026-02-18,CUST0694,Kenya,Kampala,Keyboard,Accessories,1,2588.24,Card,David,SME,Completed
TX03415,2026-02-22,CUST0277,Tanzania,MOMBASA,Laptop Bag,Accessories,1,3306.43,Cash,Brian,Individual,Completed
TX00026,2026-04-09,CUST0914,Tanzania,Kigali,External SSD,Storage,2,13076.67,Cash,George,SME,Completed
TX03405,2026-06-10,CUST0567,Tanzania,Kisumu,External SSD,Storage,2,15350.92,Bank Transfer,Amina,Corporate,Completed
TX01223,2026-04-16,CUST0612,Kenya,Kisumu,Wireless Mouse,Accessories,1,1942.35,Card,Faith,Individual,Cancelled
TX01114,2026-01-15,CUST0250,KENYA,Dar es Salaam,Tablet,Hardware,2,39599.75,M-Pesa,Amina,Individual,Completed
TX02025,2026-03-26,CUST1145,UGANDA,Arusha,Keyboard,Accessories,1,2346.86,Card,Irene,Corporate,Completed
TX03545,2026-03-29,CUST1083,TANZANIA,,Tablet,Hardware,3,41305.37,Card,George,Corporate,Completed
TX01435,2026-05-17,CUST0178,Rwanda,Dar es Salaam,Headset,Accessories,3,5162.39,Bank Transfer,Faith,SME ,Pending
TX04749,2026-01-01,CUST0382,KE,NAIROBI,Laptop Bag,Accessories,3,3841.98,Card,,Individual,Cancelled
TX00434,2026-04-28,CUST0166,Uganda,Arusha,Laptop Bag,Accessories,2,3639.75,Bank Transfer,David,SME,Completed
TX04257,2026-04-20,CUST0743,Kenya,Mombasa,Office Laptop,Hardware,2,86726.85,M-Pesa,Irene,SME,Completed
TX03272,2026-02-24,CUST0923,Kenya,Kisumu,Headset,Accessories,1,5074.42,Cash,Carol,Individual,Cancelled
TX04507,2026-06-30,CUST0531,TANZANIA,Nairobi,USB-C Hub,Accessories,2,6284.16,Card,David,SME,completed
TX03626,2026-04-19,CUST0015,Tanzania,Kampala,Keyboard,Accessories,1,2340.76,M-Pesa,David,Corporate,Completed
TX01612,2026-06-22,CUST0502,Tanzania,Kisumu,Laptop Bag,Accessories,1,3798.35,M-Pesa,Faith,Individual,Cancelled
TX03280,2026-02-22,CUST0055,Tanzania,Kampala,Monitor,Hardware,1,20137.21,M-Pesa,John,SME,Completed
TX02707,2026-04-14,CUST1117,Uganda,Nairobi,Headset,Accessories,1,5233.72,M-Pesa,Carol,Corporate,Completed
TX02228,2026-03-22,CUST0592,TANZANIA,Kampala,Laptop Stand,Accessories,1,4082.28,Bank Transfer,Irene,Individual,Completed
TX03636,2026-01-18,CUST0110,Kenya,Dar es Salaam,Laptop Stand,Accessories,1,4137.44,Bank Transfer,Faith,SME,Pending
TX01103,2026-01-03,CUST0157,UGANDA,Arusha,USB-C Hub,Accessories,3,6790.69,Bank Transfer,Brian,Corporate,Completed
TX01534,2026-05-27,CUST1081,TANZANIA,Nairobi,Laptop Stand,Accessories,1,4224.65,Card,Brian,Corporate,Cancelled
TX04581,2026-04-14,CUST0221,Rwanda,Arusha,Wireless Mouse,Accessories,1,1711.21,Card,Brian,Individual,Completed
TX02211,2026-03-21,CUST1017,KE,Kampala,External SSD,Storage,1,15717.64,Bank Transfer,John,Individual,Completed
TX04639,2026-06-13,CUST0349,KE,Arusha,Headset,Accessories,1,5627.03,Bank Transfer,Carol,SME,Completed
TX00157,2026-05-11,CUST0960,TANZANIA,NAIROBI,Office Laptop,Hardware,3,100255.34,Cash,Faith,SME,Pending
TX04673,2026-02-15,CUST1027,Rwanda,Arusha,Laptop Stand,Accessories,1,4574.54,Card,John,Individual,Pending
TX03497,2026-04-07,CUST1084,Rwanda,MOMBASA,USB-C Hub,Accessories,1,6778.22,Card,George,Corporate,Cancelled
TX00616,2026-05-24,CUST1181,KENYA,Kampala,USB-C Hub,Accessories,1,5916.64,Bank Transfer,David,SME,Completed
TX00644,2026-02-13,CUST0357,KENYA,,Monitor,Hardware,3,23357.71,Cash,John,Individual,Completed
TX01533,2026-02-28,CUST0504,Kenya,Nairobi,Office Laptop,Hardware,1,101571.47,M-Pesa,John,Corporate,Completed
TX01739,2026-01-10,CUST0832,KENYA,Kigali,Keyboard,Accessories,1,2707.85,Card,Brian,Corporate,Completed
TX01069,2026-01-09,CUST1089,UGANDA,Kisumu,Monitor,Hardware,2,22684.0,Bank Transfer,Irene,SME,Completed
TX03403,2026-02-03,CUST0208,TANZANIA,Kisumu,Laptop Bag,Accessories,1,3612.61,Bank Transfer,Amina,Corporate,Completed
TX02941,2026-01-02,CUST0782,UGANDA,Kampala,Tablet,Hardware,1,44533.75,Card,George,Individual,Completed
TX04309,2026-03-24,CUST0864,Kenya,Mombasa,Headset,Accessories,2,4908.83,Card,George,Individual,Pending
TX04798,2026-06-18,,Uganda,MOMBASA,Laptop Stand,Accessories,5,4276.65,Cash,Carol,Corporate,Completed
TX00331,2026-03-25,CUST0810,Kenya,Kisumu,Laptop Bag,Accessories,2,3810.79,M-Pesa,Faith,SME,Completed
TX01546,2026-04-21,CUST0440,Uganda,Nairobi,Laptop Bag,Accessories,2,3258.61,Card,David,SME,Completed
TX03840,2026-01-20,CUST0952,Tanzania,Kampala,Office Laptop,Hardware,1,95198.55,M-Pesa,George,SME,Cancelled
TX02265,2026-02-08,CUST0693,Tanzania,NAIROBI,Keyboard,Accessories,1,2423.06,Card,Carol,SME,Completed
TX00623,2026-05-02,CUST0535,Rwanda,Mombasa,Headset,Accessories,3,4869.09,M-Pesa,Faith,Individual,Pending
TX01695,2026-03-21,CUST0561,KENYA,NAIROBI,USB-C Hub,Accessories,2,6574.72,Card,John,Individual,Completed
TX02403,2026-04-10,CUST0049,TANZANIA,Kisumu,Office Laptop,Hardware,1,92565.14,Bank Transfer,George,Corporate,Completed
TX03541,2026-03-27,CUST0406,KE,MOMBASA,Headset,Accessories,2,5719.97,Bank Transfer,John,SME,Pending
TX03919,2026-04-19,CUST0886,Tanzania,MOMBASA,Monitor,Hardware,1,20586.02,M-Pesa,Carol,Individual,Cancelled
TX04528,2026-01-31,CUST0760,Uganda,Kampala,USB-C Hub,Accessories,1,6079.7,Bank Transfer,George,Corporate,Completed
TX03621,2026-03-14,CUST0121,Uganda,Kampala,Monitor,Hardware,1,23714.3,Card,Amina,Individual,Completed
TX02802,2026-05-31,CUST0385,KENYA,Kisumu,Laptop Stand,Accessories,5,4249.45,Card,Brian,SME ,Cancelled
TX00756,2026-03-21,CUST1018,KE,Nairobi,Monitor,Hardware,5,23201.94,Cash,John,SME,COMPLETED
TX00519,2026-03-13,CUST0940,KE,Kigali,USB-C Hub,Accessories,2,7135.49,Bank Transfer,John,Corporate,Completed
TX03935,2026-03-18,CUST0652,UGANDA,MOMBASA,Monitor,Hardware,2,23126.45,M-Pesa,Amina,Corporate,Cancelled
TX00033,2026-02-01,CUST0962,Rwanda,NAIROBI,USB-C Hub,Accessories,2,6591.08,Bank Transfer,Carol,SME,Cancelled
TX03821,2026-03-27,CUST1052,Uganda,NAIROBI,Laptop Bag,Accessories,1,3657.22,Bank Transfer,Carol,Corporate,Completed
TX01158,2026-06-01,CUST0235,KENYA,MOMBASA,USB-C Hub,Accessories,2,6571.51,Cash,Irene,Individual,Pending
TX00745,2026-01-02,CUST1082,KE,Mombasa,Headset,Accessories,1,5409.42,M-Pesa,David,Individual,Pending
TX01484,2026-04-27,CUST0427,KE,Arusha,Monitor,Hardware,1,20562.91,Cash,George,Corporate,Cancelled
TX02482,2026-03-25,CUST0410,KE,Nairobi,Laptop Stand,Accessories,2,4759.76,Bank Transfer,Carol,Individual,Pending
TX01740,2026-05-07,CUST0087,KENYA,Nairobi,Keyboard,Accessories,2,2493.47,Bank Transfer,Faith,Individual,Cancelled
TX04029,2026-04-14,CUST1119,UGANDA,Mombasa,Keyboard,Accessories,2,2299.51,M-Pesa,Brian,Corporate,Cancelled
TX00784,2026-02-08,CUST0675,Rwanda,Arusha,External SSD,Storage,1,13101.37,M-Pesa,George,SME,Completed
TX02584,2026-06-03,CUST0877,TANZANIA,Kampala,Monitor,Hardware,1,21277.74,Cash,George,Corporate,Completed
TX02590,2026-01-02,CUST0862,Tanzania,Arusha,Laptop Stand,Accessories,2,4515.64,Card,John,Individual,Completed
TX00230,2026-06-13,CUST0770,KENYA,Kisumu,Office Laptop,Hardware,2,86297.07,Card,Faith,Individual,Completed
TX00858,2026-05-25,CUST0499,Kenya,MOMBASA,Keyboard,Accessories,1,2276.17,M-Pesa,George,SME,Cancelled
TX02498,2026-02-01,CUST0357,Uganda,NAIROBI,Wireless Mouse,Accessories,1,1769.58,Bank Transfer,Irene,Individual,Completed
TX03382,2026-03-17,CUST0962,TANZANIA,MOMBASA,Wireless Mouse,Accessories,1,1965.8,Cash,John,SME,COMPLETED
TX02440,2026-04-10,CUST1015,Tanzania,NAIROBI,Headset,Accessories,1,5255.29,M-Pesa,Irene,Corporate,Pending
TX00409,2026-02-23,CUST1097,Rwanda,Kigali,Keyboard,Accessories,2,2564.21,Cash,John,Individual,Completed
TX00171,2026-06-13,CUST0295,TANZANIA,NAIROBI,Laptop Stand,Accessories,1,4595.57,Card,Carol,Corporate,Cancelled
TX00541,2026-06-21,CUST1049,Rwanda,Kampala,Wireless Mouse,Accessories,1,1801.28,Bank Transfer,Amina,Individual,Cancelled
TX02548,2026-04-22,CUST0128,KENYA,Mombasa,Laptop Bag,Accessories,2,3796.28,Card,George,Individual,Pending
TX03173,2026-03-26,CUST0874,Rwanda,Dar es Salaam,Laptop Stand,Accessories,1,4067.14,Card,George,Corporate,Completed
TX02654,2026-03-20,CUST0153,UGANDA,NAIROBI,USB-C Hub,Accessories,1,7026.08,Card,Faith,SME,Cancelled
TX00614,2026-03-17,CUST0831,Kenya,Nairobi,Keyboard,Accessories,1,2704.77,Bank Transfer,Carol,Individual,Completed
TX03728,2026-06-04,CUST0985,Uganda,Kisumu,Wireless Mouse,Accessories,4,1975.7,M-Pesa,John,SME,Completed
TX02900,2026-06-12,CUST0551,Kenya,Arusha,Office Laptop,Hardware,4,100202.86,Card,Faith,Corporate,Completed
TX03561,2026-06-12,CUST0183,Tanzania,Arusha,Laptop Bag,Accessories,1,3231.96,M-Pesa,Faith,Corporate,Pending
TX01162,2026-05-09,CUST0246,Rwanda,MOMBASA,Office Laptop,Hardware,1,92775.28,Cash,Carol,Corporate,Completed
TX04776,2026-05-01,CUST0729,Kenya,NAIROBI,Laptop Bag,Accessories,2,3845.84,Bank Transfer,David,Individual,Completed
TX03045,2026-04-04,CUST0622,UGANDA,NAIROBI,Laptop Stand,Accessories,3,4458.18,M-Pesa,George,Corporate,Cancelled
TX04347,2026-03-12,CUST0890,KENYA,Nairobi,External SSD,Storage,5,13609.19,M-Pesa,David,Individual,Pending
TX03366,2026-03-12,CUST0478,UGANDA,Nairobi,Wireless Mouse,Accessories,2,1961.97,Cash,Irene,Individual,Pending
TX04707,2026-04-02,CUST0352,Kenya,Kampala,Laptop Bag,Accessories,2,3589.61,Card,John,SME,Completed
TX03629,2026-02-02,CUST0371,TANZANIA,Kisumu,Laptop Bag,Accessories,1,3594.75,Cash,David,SME,Completed
TX00565,2026-01-16,CUST1093,Kenya,MOMBASA,Monitor,Hardware,2,22743.06,Bank Transfer,Faith,Corporate,Completed
TX03698,2026-05-03,CUST0729,KENYA,Mombasa,External SSD,Storage,2,15892.1,,David,Individual,Completed
TX04318,2026-05-11,CUST0949,KE,MOMBASA,External SSD,Storage,1,15224.27,Cash,George,Corporate,Pending
TX01908,2026-02-05,CUST0767,Uganda,Dar es Salaam,Headset,Accessories,1,5011.86,Card,,Corporate,Completed
TX04538,2026-04-29,CUST0693,Uganda,Kisumu,USB-C Hub,Accessories,2,6259.74,M-Pesa,David,SME,Pending
TX01898,2026-04-05,CUST1131,KENYA,NAIROBI,Monitor,Hardware,1,24040.58,Bank Transfer,Carol,Individual,Pending
TX04112,2026-06-27,CUST0143,KE,NAIROBI,Laptop Bag,Accessories,1,3151.07,M-Pesa,Faith,Individual,Completed
TX03843,2026-03-24,CUST0050,Uganda,Kisumu,Keyboard,Accessories,1,2670.46,Cash,David,Corporate,Completed
TX03600,2026-03-16,CUST0252,Kenya,Kampala,Tablet,Hardware,1,37818.26,Card,Amina,Corporate,Completed
TX01925,2026-05-27,CUST1070,TANZANIA,Kigali,Laptop Stand,Accessories,1,4850.45,Card,Brian,Individual,Completed
TX02472,2026-02-18,CUST0976,Rwanda,Kisumu,Keyboard,Accessories,1,2678.98,Card,Faith,Individual,Completed
TX02708,2026-06-16,CUST0920,UGANDA,Dar es Salaam,Headset,Accessories,1,5213.87,Cash,Irene,Individual,Completed
TX02866,2026-04-27,CUST0320,UGANDA,Dar es Salaam,External SSD,Storage,2,15307.58,Cash,David,Individual,Completed
TX01173,2026-02-23,CUST0368,TANZANIA,Kigali,Monitor,Hardware,3,23420.71,M-Pesa,George,Individual,Completed
TX01833,2026-05-21,CUST1008,KE,Dar es Salaam,USB-C Hub,Accessories,2,6367.95,Bank Transfer,Faith,SME,Cancelled
TX00326,2026-03-23,CUST1099,TANZANIA,NAIROBI,Headset,Accessories,2,5097.5,M-Pesa,David,Individual,Completed
TX01052,2026-02-27,CUST0088,Rwanda,Kigali,Keyboard,Accessories,1,2722.49,M-Pesa,John,Individual,Completed
TX04734,2026-01-07,CUST1183,Rwanda,NAIROBI,Keyboard,Accessories,3,2528.64,Card,David,Corporate,Completed
TX03413,2026-02-06,CUST0473,KE,Kampala,Laptop Bag,Accessories,4,3536.71,M-Pesa,George,Individual,Cancelled
TX04531,2026-01-15,CUST0956,UGANDA,Nairobi,Monitor,Hardware,1,21081.39,Cash,George,Corporate,Completed
TX04692,2026-03-24,CUST0339,Rwanda,Mombasa,Laptop Stand,Accessories,5,4792.45,Cash,Irene,SME,Pending
TX01589,2026-01-06,CUST1142,UGANDA,Nairobi,Keyboard,Accessories,2,2510.55,M-Pesa,Irene,Individual,Pending
TX01197,2026-03-22,CUST0173,Tanzania,Kampala,Laptop Stand,Accessories,1,4347.26,Cash,Carol,Individual,Completed
TX00621,2026-04-10,CUST1042,Uganda,Kampala,Monitor,Hardware,1,21161.42,Cash,David,Corporate,Cancelled
TX01816,2026-06-26,,Kenya,Arusha,Wireless Mouse,Accessories,1,1739.79,Card,David,Corporate,Completed
TX04590,2026-06-09,CUST1085,Kenya,MOMBASA,Laptop Bag,Accessories,1,3485.88,Cash,Amina,SME,Pending
TX01190,2026-05-30,CUST0146,Kenya,Kampala,Wireless Mouse,Accessories,3,1676.12,Bank Transfer,Amina,SME,Completed
TX00329,2026-06-28,CUST0401,Rwanda,Arusha,Keyboard,Accessories,1,2704.97,Card,Irene,SME,Pending
TX00649,2026-03-04,CUST0226,KE,Mombasa,Keyboard,Accessories,2,2675.25,M-Pesa,George,Individual,Completed
TX00898,2026-03-12,CUST1071,Kenya,MOMBASA,Monitor,Hardware,1,20272.62,M-Pesa,Irene,SME,Completed
TX03485,2026-04-09,CUST0517,UGANDA,Mombasa,USB-C Hub,Accessories,2,5922.46,Cash,Faith,Individual,Pending
TX01124,2026-05-29,CUST0172,Kenya,Arusha,Laptop Bag,Accessories,2,3593.86,M-Pesa,,SME,Cancelled
TX02688,2026-01-04,CUST0316,UGANDA,Arusha,Office Laptop,Hardware,1,95110.98,Card,George,SME,Completed
TX04720,2026-03-04,CUST0476,Rwanda,Kigali,External SSD,Storage,1,14348.91,Cash,Amina,SME,Cancelled
TX01938,2026-03-11,CUST0561,Tanzania,Kigali,Laptop Stand,Accessories,2,4641.73,Cash,Carol,Corporate,Completed
TX01481,2026-01-25,CUST0222,TANZANIA,Kisumu,Headset,Accessories,3,5535.95,Card,Faith,SME,Cancelled
TX02891,2026-02-03,CUST0241,Kenya,Dar es Salaam,Wireless Mouse,Accessories,2,1627.86,Card,Carol,SME,Completed
TX04287,2026-05-26,CUST0182,Uganda,NAIROBI,External SSD,Storage,1,15169.62,Bank Transfer,Carol,SME,Pending
TX03762,2026-02-16,CUST0970,Rwanda,Kampala,Monitor,Hardware,1,23414.62,Cash,Amina,Corporate,Pending
TX04295,2026-03-04,CUST0485,Uganda,Kampala,Keyboard,Accessories,2,2342.34,Bank Transfer,Faith,Corporate,Cancelled
TX04397,2026-06-09,CUST1105,TANZANIA,Dar es Salaam,External SSD,Storage,1,15170.99,M-Pesa,Carol,SME,Pending
TX02823,2026-05-05,CUST0225,KENYA,Kisumu,Laptop Bag,Accessories,1,3544.84,M-Pesa,Amina,Individual,Completed
TX01024,2026-04-03,CUST0864,TANZANIA,Kigali,USB-C Hub,Accessories,1,6257.26,Cash,Faith,Corporate,Cancelled
TX04504,2026-06-24,CUST1194,Tanzania,MOMBASA,Wireless Mouse,Accessories,1,1674.22,Card,Irene,SME,Cancelled
TX04419,2026-01-29,CUST0074,Tanzania,Nairobi,Monitor,Hardware,4,20509.63,M-Pesa,Faith,SME ,Completed
TX04628,2026-02-17,CUST1015,Tanzania,Arusha,Laptop Stand,Accessories,3,4676.17,Card,John,Individual,Completed
TX04909,2026-03-27,CUST1082,Tanzania,Dar es Salaam,Monitor,Hardware,4,19987.13,M-Pesa,Brian,SME ,Completed
TX01567,2026-06-06,CUST1012,Kenya,Nairobi,Keyboard,Accessories,1,2380.53,M-Pesa,Irene,Individual,Cancelled
TX00810,2026-03-16,CUST0706,KENYA,Dar es Salaam,Wireless Mouse,Accessories,1,1813.35,M-Pesa,John,Corporate,Pending
TX02952,2026-03-23,CUST0553,Kenya,NAIROBI,Office Laptop,Hardware,1,89048.92,Bank Transfer,Irene,Corporate,Pending
TX00979,2026-05-30,CUST0244,Rwanda,MOMBASA,Wireless Mouse,Accessories,3,1625.56,Card,George,SME,Completed
TX02169,2026-01-23,CUST1155,KE,Kampala,External SSD,Storage,4,13207.72,Card,Faith,Individual,Completed
TX03435,2026-06-03,CUST0323,UGANDA,Dar es Salaam,Wireless Mouse,Accessories,2,1644.58,Bank Transfer,Brian,Individual,Completed
TX01790,2026-01-29,CUST0592,TANZANIA,Kigali,Laptop Stand,Accessories,1,4159.84,M-Pesa,Carol,Individual,Pending
TX01502,2026-04-29,CUST0197,Tanzania,Mombasa,Laptop Stand,Accessories,2,4295.73,M-Pesa,Carol,SME,Completed
TX04020,2026-02-26,CUST0584,TANZANIA,Arusha,Laptop Stand,Accessories,1,4692.65,Card,David,SME,Completed
TX01488,2026-04-29,CUST0573,UGANDA,Kigali,USB-C Hub,Accessories,1,6753.86,Cash,Irene,SME,Completed
TX04130,2026-01-28,CUST1035,KE,Nairobi,Tablet,Hardware,1,41901.8,Bank Transfer,Amina,SME,Cancelled
TX03814,2026-03-22,CUST0294,Rwanda,MOMBASA,Laptop Bag,Accessories,1,3583.47,M-Pesa,Brian,Corporate,Pending
TX02499,2026-06-27,CUST0801,Tanzania,Arusha,Laptop Stand,Accessories,1,4775.35,Bank Transfer,Carol,SME,Completed
TX01878,2026-04-03,CUST0970,Tanzania,Kampala,Laptop Bag,Accessories,4,3155.94,Card,Faith,Individual,Pending
TX00175,2026-06-17,CUST0301,UGANDA,Nairobi,Office Laptop,Hardware,1,101801.74,Bank Transfer,Irene,Corporate,Completed
TX01651,2026-06-11,CUST1075,KE,Nairobi,External SSD,Storage,3,14223.1,Cash,Carol,Corporate,Completed
TX04225,2026-05-22,CUST1041,Rwanda,MOMBASA,Wireless Mouse,Accessories,1,1656.82,Bank Transfer,Irene,SME,Cancelled
TX04109,2026-05-13,CUST1034,KE,Arusha,Tablet,Hardware,1,40308.98,Bank Transfer,George,SME,Pending
TX04536,2026-04-10,CUST0835,UGANDA,Nairobi,Wireless Mouse,Accessories,2,1784.4,Card,David,SME,Completed
TX00218,2026-01-07,CUST0092,UGANDA,Mombasa,Laptop Stand,Accessories,3,4454.81,Card,George,Corporate,Completed
TX04051,2026-04-12,CUST0916,UGANDA,NAIROBI,Wireless Mouse,Accessories,1,1933.56,Card,Brian,Corporate,Completed
TX03947,2026-01-06,CUST0580,Uganda,Mombasa,Monitor,Hardware,1,21229.28,Card,Amina,Corporate,Completed
TX01445,2026-01-01,CUST0381,KE,Kampala,External SSD,Storage,4,15125.46,M-Pesa,David,Individual,Cancelled
TX00691,2026-05-05,CUST0179,Rwanda,Kampala,Tablet,Hardware,1,42606.24,Bank Transfer,David,SME,Completed
TX02859,2026-03-18,CUST0131,Tanzania,MOMBASA,Laptop Stand,Accessories,1,4533.13,M-Pesa,John,SME,COMPLETED
TX02310,2026-04-10,CUST0573,Rwanda,NAIROBI,Tablet,Hardware,3,44548.76,Cash,Carol,SME,Completed
TX02315,2026-04-10,CUST0487,UGANDA,Mombasa,Keyboard,Accessories,2,2295.78,M-Pesa,Irene,Corporate,Pending
TX01107,2026-05-20,CUST0998,KE,Arusha,Monitor,Hardware,2,22469.57,Card,Brian,SME,Completed
TX02115,2026-04-06,CUST0317,Kenya,MOMBASA,External SSD,Storage,1,13641.0,M-Pesa,Faith,Individual,Completed
TX02016,2026-02-20,CUST0045,TANZANIA,Nairobi,External SSD,Storage,5,14136.52,Bank Transfer,Brian,Corporate,Pending
TX01624,2026-04-30,CUST0856,UGANDA,Kisumu,USB-C Hub,Accessories,2,7039.1,Card,David,SME,Completed
TX00612,2026-03-23,CUST0559,UGANDA,MOMBASA,Wireless Mouse,Accessories,1,1940.49,Bank Transfer,David,Individual,Completed
TX03263,2026-06-17,CUST0678,UGANDA,Kisumu,Keyboard,Accessories,1,2519.94,Cash,Irene,SME,Completed
TX03884,2026-03-24,CUST0094,Kenya,Mombasa,Monitor,Hardware,1,21152.84,Bank Transfer,Faith,Individual,Pending
TX03842,2026-05-12,CUST0714,Kenya,Kisumu,Keyboard,Accessories,1,2563.26,M-Pesa,Amina,SME,Cancelled
TX00577,2026-02-25,CUST0708,TANZANIA,Arusha,Headset,Accessories,1,5413.24,Bank Transfer,Carol,Corporate,Cancelled
TX02134,2026-06-16,CUST0510,KE,Kampala,Wireless Mouse,Accessories,1,1757.34,M-Pesa,Faith,Individual,Completed
TX04510,2026-05-27,CUST1174,TANZANIA,MOMBASA,Tablet,Hardware,1,42026.86,Bank Transfer,Brian,Corporate,Pending
TX01181,2026-04-28,CUST0997,KE,Dar es Salaam,Laptop Stand,Accessories,2,4238.8,Bank Transfer,Brian,SME,Pending
TX00889,2026-03-20,CUST0659,UGANDA,Kampala,Monitor,Hardware,2,20852.74,Bank Transfer,George,Corporate,Cancelled
TX03245,2026-06-19,CUST0703,Rwanda,MOMBASA,Wireless Mouse,Accessories,1,1658.26,Bank Transfer,David,SME,Completed
TX01840,2026-01-16,CUST0883,Uganda,Arusha,Wireless Mouse,Accessories,5,1759.35,Cash,David,Individual,Completed
TX02755,2026-02-21,CUST1131,Rwanda,Nairobi,Tablet,Hardware,2,39796.79,M-Pesa,John,SME ,Completed
TX00818,2026-05-30,CUST0113,Uganda,NAIROBI,Keyboard,Accessories,4,2619.78,Bank Transfer,Faith,SME ,Cancelled
TX03923,2026-01-28,CUST1070,KE,NAIROBI,Laptop Bag,Accessories,1,3756.58,Card,Faith,SME,Completed
TX04910,2026-03-02,CUST0119,KE,Kigali,Office Laptop,Hardware,4,103711.62,Card,Brian,SME,Cancelled
TX00209,2026-02-11,CUST0594,Uganda,Nairobi,USB-C Hub,Accessories,2,6358.36,M-Pesa,Carol,SME,Cancelled
TX00294,2026-05-23,CUST0959,KENYA,Mombasa,External SSD,Storage,2,13255.92,M-Pesa,Amina,SME,Completed
TX01120,2026-04-30,CUST1169,Kenya,Kampala,Monitor,Hardware,1,20320.76,M-Pesa,Carol,Individual,Cancelled
TX02289,2026-02-07,CUST0052,TANZANIA,Kigali,Office Laptop,Hardware,1,102701.67,M-Pesa,David,Corporate,Completed
TX01722,2026-01-10,CUST0773,KE,Kisumu,Wireless Mouse,Accessories,2,1766.98,Card,Brian,Corporate,Completed
TX01265,2026-04-28,CUST0819,Kenya,Dar es Salaam,Keyboard,Accessories,1,2519.29,Bank Transfer,David,Corporate,Completed
TX00991,2026-06-07,CUST1146,KE,Kisumu,Keyboard,Accessories,3,2741.33,Bank Transfer,Irene,Individual,completed
TX03479,2026-04-17,CUST1148,Kenya,Mombasa,Tablet,Hardware,2,42601.58,M-Pesa,John,Individual,Completed
TX04266,2026-06-07,CUST0024,KE,Dar es Salaam,Laptop Stand,Accessories,4,4849.94,Card,George,SME,Completed
TX04802,2026-05-16,CUST0601,UGANDA,Arusha,Office Laptop,Hardware,2,101007.76,Bank Transfer,Brian,Individual,Cancelled
TX00354,2026-01-09,CUST0667,KE,MOMBASA,USB-C Hub,Accessories,1,5887.92,Card,Carol,Individual,Cancelled
TX02032,2026-06-07,CUST0949,Kenya,Kisumu,Laptop Stand,Accessories,1,4390.63,M-Pesa,Faith,SME,Completed
TX01771,2026-04-30,CUST0711,KENYA,NAIROBI,External SSD,Storage,1,15368.83,Cash,Irene,Corporate,Pending
TX03155,2026-04-07,CUST0458,UGANDA,Kigali,USB-C Hub,Accessories,1,6482.51,Card,George,Corporate,Completed
TX01490,2026-06-27,CUST0921,Rwanda,Dar es Salaam,USB-C Hub,Accessories,5,5856.04,Cash,George,Corporate,Cancelled
TX03835,2026-04-15,CUST0922,Kenya,Mombasa,Headset,Accessories,4,5330.44,Bank Transfer,John,Individual,Pending
TX04837,2026-06-13,CUST0718,TANZANIA,Kisumu,Keyboard,Accessories,4,2727.97,Cash,Brian,Corporate,Cancelled
TX03674,2026-05-15,CUST1192,Tanzania,Arusha,Tablet,Hardware,1,40015.47,Bank Transfer,David,Corporate,Cancelled
TX01229,2026-06-28,CUST0474,UGANDA,Arusha,External SSD,Storage,2,14109.81,Bank Transfer,David,Corporate,Pending
TX00260,2026-04-26,CUST0782,UGANDA,Kampala,Monitor,Hardware,1,20701.48,Bank Transfer,Faith,Individual,Completed
TX01613,2026-01-20,CUST0488,KENYA,Mombasa,Monitor,Hardware,1,23002.57,Card,Amina,Corporate,Cancelled
TX01889,2026-04-15,CUST1143,UGANDA,MOMBASA,Monitor,Hardware,1,21593.19,M-Pesa,Carol,Corporate,Completed
TX04818,2026-01-20,CUST0977,Tanzania,Kigali,Wireless Mouse,Accessories,1,1736.36,M-Pesa,Brian,SME,COMPLETED
TX02330,2026-04-29,CUST0132,KENYA,Arusha,External SSD,Storage,2,13209.45,Bank Transfer,Carol,SME,completed
TX02628,2026-02-10,CUST0890,UGANDA,Dar es Salaam,Wireless Mouse,Accessories,1,1763.58,Bank Transfer,Faith,Corporate,Completed
TX00053,2026-02-11,CUST0935,TANZANIA,Kisumu,Monitor,Hardware,4,23237.7,Card,Irene,SME,Completed
TX02270,2026-04-11,CUST0940,KE,Kampala,Monitor,Hardware,2,23137.91,M-Pesa,Faith,Individual,Cancelled
TX01958,2026-05-18,CUST0335,Tanzania,NAIROBI,Tablet,Hardware,1,42523.17,Cash,David,Individual,Completed
TX02267,2026-05-04,CUST0659,Tanzania,Dar es Salaam,External SSD,Storage,1,15470.26,M-Pesa,John,SME,Completed
TX02488,2026-01-13,CUST0246,Kenya,Nairobi,Keyboard,Accessories,1,2548.61,Bank Transfer,Irene,SME,Completed
TX04000,2026-01-27,CUST0887,KE,Kigali,Laptop Bag,Accessories,2,3632.73,Card,David,Corporate,Completed
TX02581,2026-06-05,CUST0388,Kenya,Kisumu,Laptop Bag,Accessories,1,3701.85,M-Pesa,John,SME,Completed
TX01480,2026-04-18,CUST0987,Tanzania,NAIROBI,Laptop Stand,Accessories,2,4845.5,M-Pesa,John,Corporate,Completed
TX01508,2026-02-27,CUST1155,KENYA,NAIROBI,Wireless Mouse,Accessories,3,1836.49,M-Pesa,Amina,SME,Pending
TX01034,2026-05-11,CUST0475,KE,Dar es Salaam,Wireless Mouse,Accessories,2,1929.69,Card,David,Corporate,Completed
TX01098,2026-02-22,CUST0332,Rwanda,Kampala,USB-C Hub,Accessories,1,6391.7,Cash,Carol,SME,COMPLETED
TX01470,2026-03-15,CUST0839,Tanzania,NAIROBI,Headset,Accessories,1,5498.44,Bank Transfer,Faith,Individual,Cancelled
TX00544,2026-03-18,CUST1171,Tanzania,Kampala,Tablet,Hardware,1,41048.34,Bank Transfer,John,Corporate,Pending
TX01047,2026-03-01,CUST1032,KE,Dar es Salaam,Laptop Bag,Accessories,1,3847.99,Cash,Carol,Individual,Completed
TX03918,2026-01-10,CUST0078,UGANDA,Dar es Salaam,External SSD,Storage,1,13479.72,Cash,Brian,SME,Cancelled
TX01671,2026-02-13,CUST1020,KENYA,Kisumu,Laptop Stand,Accessories,2,4460.05,Bank Transfer,Carol,Individual,Completed
TX00031,2026-04-03,CUST0302,UGANDA,Arusha,Laptop Stand,Accessories,3,4722.95,M-Pesa,Irene,Corporate,Completed
TX00726,2026-05-06,CUST0811,KE,Kigali,USB-C Hub,Accessories,2,6239.84,Cash,Brian,Individual,Pending
TX03863,2026-03-05,CUST0219,UGANDA,MOMBASA,External SSD,Storage,4,15014.25,Cash,Carol,Individual,completed
TX02168,2026-01-16,CUST1064,KENYA,MOMBASA,Wireless Mouse,Accessories,1,1978.66,Card,David,SME,Cancelled
TX04040,2026-02-27,CUST0405,Kenya,Dar es Salaam,Laptop Bag,Accessories,1,3187.58,Cash,Brian,Corporate,Completed
TX01427,2026-06-27,CUST0112,TANZANIA,Kigali,Monitor,Hardware,1,23937.39,Bank Transfer,Brian,Individual,Pending
TX03927,2026-03-18,CUST0877,UGANDA,Dar es Salaam,Keyboard,Accessories,3,2464.16,Cash,Faith,Individual,Completed
TX03277,2026-05-08,CUST0925,Uganda,Arusha,Monitor,Hardware,5,20399.67,Card,Brian,Corporate,Completed
TX00437,2026-03-29,CUST0931,Rwanda,Kisumu,Headset,Accessories,1,5695.23,Bank Transfer,David,Individual,Completed
TX04316,2026-06-29,CUST0261,UGANDA,Nairobi,Monitor,Hardware,2,20357.92,Cash,Brian,Individual,Completed
TX00913,2026-02-05,CUST0383,TANZANIA,MOMBASA,Monitor,Hardware,1,22678.64,M-Pesa,Faith,Corporate,Cancelled
TX04291,2026-03-04,CUST0394,Rwanda,MOMBASA,Laptop Bag,Accessories,1,3631.19,Bank Transfer,Irene,Corporate,Completed
TX04232,2026-05-14,CUST0106,Tanzania,Nairobi,Laptop Bag,Accessories,2,3189.56,Bank Transfer,John,SME,Cancelled
TX04587,2026-05-02,CUST0991,Tanzania,Nairobi,Laptop Bag,Accessories,4,3461.92,Bank Transfer,Faith,SME,Completed
TX04180,2026-03-07,CUST0517,Uganda,Dar es Salaam,Monitor,Hardware,1,21827.63,Cash,Faith,Individual,Completed
TX02365,2026-04-17,CUST0498,TANZANIA,Nairobi,USB-C Hub,Accessories,3,6880.23,M-Pesa,Brian,Individual,Completed
TX01727,2026-03-08,CUST0403,KENYA,Arusha,Laptop Stand,Accessories,2,4681.72,Cash,Brian,Corporate,Completed
TX01239,2026-03-02,CUST0626,UGANDA,NAIROBI,External SSD,Storage,1,14689.82,Bank Transfer,Brian,Corporate,Cancelled
TX00904,2026-02-06,CUST0882,TANZANIA,Kampala,USB-C Hub,Accessories,1,6274.81,Cash,George,Corporate,Completed
TX04274,2026-06-11,CUST0428,KE,Kampala,Monitor,Hardware,5,24109.22,Cash,Brian,Individual,Completed
TX03261,2026-04-16,CUST0476,Rwanda,Nairobi,Tablet,Hardware,3,39777.7,Bank Transfer,Faith,Individual,Completed
TX01666,2026-01-26,CUST1188,Kenya,Kisumu,Laptop Bag,Accessories,3,3278.89,M-Pesa,Amina,SME ,Cancelled
TX00508,2026-03-18,CUST0554,KENYA,Arusha,Office Laptop,Hardware,1,94317.27,Bank Transfer,Faith,SME,Completed
TX03340,2026-06-11,CUST1105,Uganda,Arusha,Office Laptop,Hardware,1,100794.66,Bank Transfer,David,Corporate,Completed
TX00184,2026-01-31,CUST1077,Kenya,Mombasa,External SSD,Storage,2,15714.17,Cash,Faith,Individual,Cancelled
TX04484,2026-04-12,CUST0579,UGANDA,MOMBASA,Keyboard,Accessories,1,2512.06,M-Pesa,Amina,Corporate,Completed
TX01498,2026-03-14,CUST0051,KE,NAIROBI,USB-C Hub,Accessories,2,6126.14,M-Pesa,Brian,Corporate,Completed
TX01943,2026-04-18,CUST0897,TANZANIA,MOMBASA,Wireless Mouse,Accessories,1,1635.13,Card,John,Individual,Pending
TX00322,2026-02-08,CUST0904,TANZANIA,NAIROBI,Wireless Mouse,Accessories,1,1765.03,Bank Transfer,George,SME,Completed
TX03542,2026-06-08,CUST0811,UGANDA,Arusha,USB-C Hub,Accessories,3,6762.49,Cash,Amina,Individual,Completed
TX02764,2026-03-27,CUST0091,UGANDA,Kisumu,Wireless Mouse,Accessories,1,1760.2,Cash,Amina,Corporate,Completed
TX01870,2026-01-21,CUST0675,TANZANIA,MOMBASA,Headset,Accessories,1,5195.49,Cash,John,SME,Completed
TX02458,2026-05-22,CUST0965,KE,Dar es Salaam,External SSD,Storage,2,13391.07,M-Pesa,Carol,SME,Pending
TX01892,2026-02-12,CUST0008,TANZANIA,Mombasa,USB-C Hub,Accessories,1,6558.89,Card,Carol,SME,Pending
TX02582,2026-06-09,CUST0080,UGANDA,Mombasa,Keyboard,Accessories,1,2716.15,Card,George,Corporate,Pending
TX02606,2026-02-09,CUST0597,UGANDA,Nairobi,Office Laptop,Hardware,2,97592.27,Card,John,SME ,Completed
TX01552,2026-02-25,CUST0340,KENYA,NAIROBI,Wireless Mouse,Accessories,2,1694.55,M-Pesa,Faith,SME,Completed
TX04512,2026-06-10,CUST0196,UGANDA,NAIROBI,Headset,Accessories,1,4733.54,M-Pesa,Brian,Corporate,Pending
TX01147,2026-05-27,CUST0780,Rwanda,MOMBASA,Tablet,Hardware,2,42269.79,Bank Transfer,George,Corporate,Completed
TX02706,2026-01-03,CUST0309,UGANDA,MOMBASA,Laptop Bag,Accessories,1,3567.99,Cash,Amina,Individual,Pending
TX02407,2026-06-10,CUST0474,TANZANIA,Kigali,External SSD,Storage,5,15802.62,M-Pesa,Faith,Corporate,Pending
TX00045,2026-06-01,CUST0690,KE,MOMBASA,Wireless Mouse,Accessories,1,1830.88,Bank Transfer,David,Individual,Completed
TX01868,2026-01-08,CUST0920,Kenya,Kampala,Keyboard,Accessories,2,2591.47,Bank Transfer,Amina,Individual,Completed
TX02378,2026-05-06,CUST0887,TANZANIA,Kisumu,Wireless Mouse,Accessories,1,1628.00,Cash,George,Corporate,Cancelled
TX02332,2026-06-10,CUST1139,Uganda,Nairobi,USB-C Hub,Accessories,1,7053.36,Cash,George,Corporate,Completed
TX01379,2026-05-11,CUST0891,TANZANIA,Mombasa,Headset,Accessories,1,5443.49,Card,Amina,Corporate,Completed
TX03134,2026-01-13,CUST0035,TANZANIA,Arusha,External SSD,Storage,2,14386.52,Bank Transfer,Carol,Individual,Completed
TX04402,2026-06-30,CUST0676,UGANDA,Kampala,Office Laptop,Hardware,1,94972.63,Bank Transfer,George,Corporate,Pending
TX00414,2026-03-16,CUST0619,KE,MOMBASA,External SSD,Storage,1,14121.77,Cash,Carol,SME,Completed
TX04995,2026-05-05,CUST0035,UGANDA,Kigali,Keyboard,Accessories,4,2385.59,Card,John,SME,Completed
TX01408,2026-06-28,CUST0283,Rwanda,MOMBASA,Tablet,Hardware,3,42084.16,Bank Transfer,David,SME,Completed
TX03910,2026-01-11,CUST0695,Kenya,Kisumu,Tablet,Hardware,2,39371.55,Card,David,Individual,Completed
TX00802,2026-05-15,CUST0701,TANZANIA,Arusha,Headset,Accessories,1,4714.17,Bank Transfer,Carol,SME,Cancelled
TX01289,2026-01-14,CUST1181,KE,Mombasa,USB-C Hub,Accessories,1,6454.22,Cash,Brian,Corporate,Completed
TX01559,2026-03-13,CUST0405,Uganda,Dar es Salaam,Laptop Stand,Accessories,2,4628.64,Bank Transfer,Irene,Individual,Completed
TX02255,2026-04-14,CUST0878,Kenya,Nairobi,Laptop Stand,Accessories,1,4653.55,M-Pesa,Amina,Corporate,Completed
TX02522,2026-06-16,CUST1163,TANZANIA,Dar es Salaam,Monitor,Hardware,1,19982.56,,Carol,Individual,Completed
TX04170,2026-01-30,CUST0077,Uganda,Kampala,Tablet,Hardware,1,37901.38,Bank Transfer,George,SME,Completed
TX02396,2026-06-07,CUST0482,Rwanda,Arusha,Laptop Bag,Accessories,2,3155.18,Cash,David,Corporate,Pending
TX00257,2026-04-08,CUST0842,Tanzania,Kampala,Headset,Accessories,2,5245.28,M-Pesa,Faith,SME,Completed
TX04371,2026-04-18,CUST0503,Uganda,Kampala,Office Laptop,Hardware,2,102843.06,Card,John,Individual,Completed
TX04921,2026-04-15,CUST1122,KENYA,Mombasa,Monitor,Hardware,1,23388.3,M-Pesa,George,Individual,Completed
TX01152,2026-01-11,CUST0325,Kenya,,Keyboard,Accessories,1,2339.33,Cash,Brian,SME,Pending
TX02379,2026-06-09,CUST0518,Uganda,Mombasa,Laptop Stand,Accessories,2,4098.84,Card,Carol,Corporate,Pending
TX00648,2026-03-21,CUST0215,Uganda,NAIROBI,USB-C Hub,Accessories,1,6245.84,Cash,,Individual,Completed
TX03013,2026-04-30,CUST0531,KE,Kampala,Laptop Stand,Accessories,2,4390.17,M-Pesa,Carol,SME ,Completed
TX04574,2026-04-12,CUST0986,UGANDA,Nairobi,Tablet,Hardware,1,44742.69,Card,George,Individual,Completed
TX01809,2026-05-20,CUST0489,Kenya,Arusha,External SSD,Storage,1,14408.04,Cash,Amina,SME,Completed
TX03102,2026-06-19,CUST0248,Kenya,Arusha,Headset,Accessories,1,4971.36,M-Pesa,Faith,SME,Completed
TX04872,2026-01-22,CUST1048,Rwanda,Nairobi,Wireless Mouse,Accessories,1,1782.16,M-Pesa,Amina,Individual,Cancelled
TX03900,2026-03-24,CUST1169,UGANDA,Nairobi,Office Laptop,Hardware,3,92290.86,Bank Transfer,Faith,SME,Completed
TX01316,2026-01-06,CUST0357,TANZANIA,Dar es Salaam,Laptop Bag,Accessories,1,3307.47,Bank Transfer,Brian,Individual,Completed
TX01089,2026-06-13,CUST0632,KENYA,Mombasa,Laptop Bag,Accessories,1,3820.48,Bank Transfer,Amina,SME,Cancelled
TX02073,2026-01-19,CUST0990,UGANDA,Nairobi,Office Laptop,Hardware,1,88326.09,Cash,Brian,SME,Completed
TX02616,2026-06-17,CUST0351,KE,Kigali,Keyboard,Accessories,2,2551.75,Bank Transfer,Carol,Corporate,Completed
TX03438,2026-04-21,CUST0339,TANZANIA,Dar es Salaam,Headset,Accessories,3,5576.94,Bank Transfer,Amina,SME,Completed
TX01351,2026-02-27,CUST1159,Rwanda,NAIROBI,Keyboard,Accessories,1,2572.88,Cash,Brian,SME,Completed
TX03590,2026-05-12,CUST0091,Tanzania,Kampala,Monitor,Hardware,1,23530.94,Bank Transfer,George,Individual,Pending
TX00113,2026-03-15,CUST0151,KENYA,Dar es Salaam,Laptop Stand,Accessories,1,4341.59,M-Pesa,Carol,Individual,Completed
TX03250,2026-06-30,CUST1064,Tanzania,Dar es Salaam,Keyboard,Accessories,5,2577.63,Bank Transfer,David,Corporate,Completed
TX00264,2026-01-07,CUST0877,Tanzania,NAIROBI,External SSD,Storage,2,14348.05,Bank Transfer,Carol,SME,COMPLETED
TX01394,2026-02-20,CUST0214,UGANDA,Mombasa,Laptop Bag,Accessories,2,3734.27,Card,John,Corporate,Pending
TX03619,2026-06-20,CUST0263,Rwanda,Nairobi,Tablet,Hardware,1,38194.77,Cash,Amina,SME,Completed
TX01187,2026-02-16,CUST0963,Rwanda,Mombasa,Headset,Accessories,1,5169.06,Bank Transfer,Brian,SME,Completed
TX02742,2026-02-03,CUST0822,KE,Dar es Salaam,Laptop Stand,Accessories,2,4488.0,M-Pesa,Brian,Corporate,Completed
TX00057,2026-06-16,CUST0714,KE,Kampala,Monitor,Hardware,1,22916.0,Card,Carol,Corporate,Completed
TX01310,2026-03-01,CUST0468,TANZANIA,Kisumu,Laptop Bag,Accessories,1,3821.7,M-Pesa,Amina,SME,Cancelled
TX00696,2026-05-13,CUST0218,Kenya,Mombasa,Laptop Stand,Accessories,1,4925.31,M-Pesa,Faith,Individual,Cancelled
TX04272,2026-01-24,CUST0757,KENYA,NAIROBI,Monitor,Hardware,2,21146.06,Card,George,SME,Completed
TX04850,2026-02-16,CUST0088,Rwanda,Kampala,Tablet,Hardware,1,38749.6,M-Pesa,Brian,Corporate,Completed
TX01834,2026-01-28,CUST0729,KENYA,Dar es Salaam,Monitor,Hardware,3,23621.25,Card,Amina,SME ,Cancelled
TX02641,2026-06-19,CUST0964,TANZANIA,Dar es Salaam,Laptop Bag,Accessories,2,3730.64,Cash,George,SME ,Completed
TX03916,2026-01-18,CUST0588,Tanzania,MOMBASA,USB-C Hub,Accessories,2,6114.32,M-Pesa,Faith,SME,Cancelled
TX00320,2026-03-16,CUST0910,Uganda,Kampala,Office Laptop,Hardware,2,90826.35,,Faith,Individual,Completed
TX03192,2026-02-02,CUST0985,Tanzania,Kigali,Laptop Stand,Accessories,2,4385.67,M-Pesa,John,SME ,Completed
TX01590,2026-04-26,CUST1121,KE,Dar es Salaam,Keyboard,Accessories,2,2387.75,Cash,Amina,Individual,Completed
TX00683,2026-04-07,CUST0040,UGANDA,Arusha,Office Laptop,Hardware,1,96310.68,Card,John,Individual,Completed
TX02744,2026-05-08,CUST0538,UGANDA,Dar es Salaam,Tablet,Hardware,2,40662.21,Bank Transfer,George,Individual,Completed
TX03332,2026-02-03,CUST0151,KENYA,MOMBASA,Monitor,Hardware,2,20547.82,Card,John,SME,Completed
TX00480,2026-01-14,CUST0013,Uganda,Nairobi,USB-C Hub,Accessories,2,6655.01,Bank Transfer,John,Corporate,Cancelled
TX03632,2026-04-25,CUST0358,KENYA,MOMBASA,USB-C Hub,Accessories,1,6819.17,Cash,Faith,Corporate,Completed
TX02955,2026-03-18,CUST0828,TANZANIA,Nairobi,Headset,Accessories,2,5390.84,Bank Transfer,Faith,Individual,Completed
TX00287,2026-04-09,CUST0749,Kenya,Nairobi,External SSD,Storage,1,14411.96,Cash,John,Individual,Cancelled
TX03506,2026-05-31,CUST0027,KENYA,MOMBASA,External SSD,Storage,3,14014.49,Bank Transfer,George,SME,Pending
TX02196,2026-06-07,CUST0462,Kenya,Mombasa,Wireless Mouse,Accessories,1,1884.42,Cash,David,Corporate,Completed
TX02858,2026-05-20,CUST0669,Uganda,Dar es Salaam,Monitor,Hardware,1,23621.59,Card,Carol,Corporate,Completed
TX03482,2026-01-26,CUST0162,KENYA,Kampala,Laptop Stand,Accessories,2,4442.84,M-Pesa,Brian,Individual,Completed
TX01823,2026-05-31,CUST0406,KENYA,Dar es Salaam,Tablet,Hardware,2,40382.58,Cash,David,Corporate,completed
TX03624,2026-02-05,CUST0368,TANZANIA,MOMBASA,Laptop Bag,Accessories,1,3701.49,Bank Transfer,George,Corporate,Pending
TX01599,2026-12-31,CUST0476,Tanzania,Kigali,Laptop Stand,Accessories,2,4648.68,Cash,Carol,Corporate,Completed
TX01704,2026-04-10,CUST0725,UGANDA,Kampala,Wireless Mouse,Accessories,1,1671.43,Card,John,Corporate,Completed
TX02154,2026-04-13,CUST0366,Kenya,MOMBASA,Laptop Stand,Accessories,1,4233.44,Card,Brian,Individual,Cancelled
TX00737,2026-05-09,CUST0029,Uganda,Nairobi,Monitor,Hardware,5,24043.75,Card,David,Individual,Completed
TX01942,2026-01-25,CUST0133,KE,Kisumu,Keyboard,Accessories,2,2660.31,M-Pesa,John,Corporate,Completed
TX00337,2026-04-26,CUST0171,Uganda,Kampala,Office Laptop,Hardware,2,91774.61,M-Pesa,David,SME,Pending
TX02463,2026-05-17,CUST0791,KE,NAIROBI,Laptop Stand,Accessories,1,4245.43,Cash,Brian,SME ,Completed
TX02868,2026-06-18,CUST0049,KENYA,,Laptop Stand,Accessories,1,4735.32,Cash,Brian,SME,Completed
TX04188,2026-04-22,CUST1087,UGANDA,NAIROBI,Tablet,Hardware,1,43977.28,Card,George,Individual,Pending
TX04476,2026-04-09,CUST0946,Uganda,Arusha,Laptop Stand,Accessories,1,4465.13,Card,John,Corporate,Cancelled
TX01072,2026-05-09,CUST1131,UGANDA,Kisumu,External SSD,Storage,5,15251.18,Cash,Amina,Corporate,Completed
TX02368,2026-03-31,CUST0031,UGANDA,NAIROBI,External SSD,Storage,3,14635.74,M-Pesa,George,SME,Pending
TX03690,2026-03-14,CUST0304,Kenya,Kigali,USB-C Hub,Accessories,1,5944.5,Bank Transfer,Carol,Individual,Completed
TX04370,2026-06-18,CUST0759,Uganda,Nairobi,Headset,Accessories,1,4915.45,Cash,David,SME,Completed
TX03981,2026-03-02,CUST0488,Uganda,Mombasa,Laptop Stand,Accessories,1,4924.0,M-Pesa,David,SME,Completed
TX04181,2026-06-27,CUST0594,UGANDA,Dar es Salaam,Headset,Accessories,2,5680.01,Card,Faith,Individual,Completed
TX04871,2026-06-13,CUST0221,KE,Arusha,Monitor,Hardware,1,22939.51,Cash,David,Individual,Completed
TX03783,2026-04-03,CUST0309,TANZANIA,Dar es Salaam,Wireless Mouse,Accessories,1,1800.14,Card,Faith,SME,Completed
TX01489,2026-05-13,CUST1149,Uganda,Dar es Salaam,Keyboard,Accessories,1,2637.36,Bank Transfer,John,SME,Completed
TX00499,2026-04-10,CUST0045,KENYA,Kisumu,Monitor,Hardware,1,20352.49,Bank Transfer,Irene,SME,Cancelled
TX04416,2026-01-12,CUST0951,UGANDA,Arusha,Wireless Mouse,Accessories,1,1951.75,Bank Transfer,Faith,SME,Cancelled
TX03675,2026-06-20,CUST0222,UGANDA,Mombasa,Office Laptop,Hardware,1,93170.05,Bank Transfer,Amina,SME,Pending
TX02644,2026-03-24,CUST0691,KE,Kigali,Office Laptop,Hardware,2,101462.4,M-Pesa,George,Individual,Completed
TX02418,2026-06-07,CUST0381,Uganda,MOMBASA,Laptop Bag,Accessories,2,3821.95,Bank Transfer,John,Corporate,Completed
TX03323,2026-03-17,CUST0287,Tanzania,Kigali,Laptop Stand,Accessories,3,4407.62,M-Pesa,Carol,Individual,Completed
TX04861,2026-06-17,CUST0622,Kenya,Dar es Salaam,Headset,Accessories,3,4921.81,Card,Amina,Individual,Cancelled
TX04841,2026-05-16,CUST1015,Kenya,MOMBASA,Laptop Stand,Accessories,1,4267.15,Card,Irene,Corporate,Completed
TX01611,2026-04-29,CUST1027,Uganda,NAIROBI,External SSD,Storage,1,13573.82,Card,Faith,Corporate,Cancelled
TX02229,2026-06-01,CUST0701,Rwanda,Arusha,Laptop Bag,Accessories,2,3276.78,M-Pesa,David,Corporate,Completed
TX02674,2026-05-31,CUST0277,Uganda,Kigali,USB-C Hub,Accessories,1,6908.99,Bank Transfer,Amina,SME,Pending
TX02112,2026-01-28,CUST0589,Tanzania,Kigali,Tablet,Hardware,2,44813.45,Bank Transfer,Amina,SME,Completed
TX01023,2026-01-25,CUST0059,KENYA,Mombasa,Headset,Accessories,1,5035.54,Bank Transfer,Irene,SME,Completed
TX02986,2026-03-13,CUST0491,UGANDA,Arusha,Wireless Mouse,Accessories,1,1637.34,Card,Faith,SME,Completed
TX04966,2026-04-13,CUST0902,KENYA,NAIROBI,Monitor,Hardware,1,24067.7,Card,David,Corporate,Completed
TX02084,2026-01-10,CUST0937,KENYA,Dar es Salaam,Monitor,Hardware,1,24064.64,Card,Brian,Individual,Completed
TX03177,2026-01-03,CUST0679,Uganda,NAIROBI,Headset,Accessories,2,5033.38,Bank Transfer,David,Corporate,Completed
TX02101,2026-03-09,CUST0098,TANZANIA,Kampala,Wireless Mouse,Accessories,3,1805.45,Bank Transfer,David,SME,Cancelled
TX00666,2026-01-19,CUST0837,KENYA,MOMBASA,Monitor,Hardware,2,19905.78,Bank Transfer,Brian,Individual,Completed
TX04069,2026-05-10,CUST0587,Rwanda,Mombasa,Monitor,Hardware,3,21849.22,Cash,Amina,SME,Completed
TX02728,2026-05-19,CUST0954,Rwanda,Arusha,Laptop Stand,Accessories,2,4179.37,Cash,David,Individual,Completed
TX02019,2026-05-02,CUST0802,Rwanda,Kisumu,Keyboard,Accessories,4,2540.12,Cash,John,Individual,Cancelled
TX04337,2026-06-15,CUST0066,TANZANIA,MOMBASA,External SSD,Storage,1,15651.24,Bank Transfer,Faith,Individual,Completed
TX02239,2026-06-27,CUST0908,Kenya,Mombasa,Headset,Accessories,1,4765.56,M-Pesa,John,SME,Cancelled
TX01018,2026-03-24,CUST0824,Rwanda,Kigali,Laptop Stand,Accessories,1,4831.47,Cash,Amina,Corporate,Pending
TX00558,2026-04-22,CUST0343,KENYA,Arusha,Laptop Stand,Accessories,2,4766.62,Cash,Faith,SME,Pending
TX03456,2026-05-19,CUST1063,Rwanda,Kigali,Headset,Accessories,1,5416.68,Card,John,SME,completed
TX01208,2026-05-21,CUST0869,Rwanda,Arusha,Wireless Mouse,Accessories,1,1853.16,Card,Faith,Corporate,Completed
TX02094,2026-04-22,CUST0087,Kenya,Mombasa,Headset,Accessories,2,5276.72,Card,Brian,SME,Pending
TX03625,2026-03-14,CUST0343,KE,Kampala,Monitor,Hardware,2,22925.51,Bank Transfer,David,Individual,Completed
TX04981,2026-06-03,CUST1174,TANZANIA,Nairobi,External SSD,Storage,1,15074.55,Cash,Brian,Individual,Completed
TX01511,2026-02-07,CUST0038,UGANDA,MOMBASA,Monitor,Hardware,2,23587.76,Bank Transfer,John,Corporate,Cancelled
TX01845,2026-04-02,CUST0675,TANZANIA,Kigali,USB-C Hub,Accessories,2,6122.45,Cash,George,Individual,Completed
TX01685,2026-03-26,CUST0854,Uganda,Kigali,Keyboard,Accessories,1,2507.38,M-Pesa,Brian,Corporate,Cancelled
TX00246,2026-03-31,CUST0500,TANZANIA,Kigali,USB-C Hub,Accessories,5,6821.39,M-Pesa,Brian,SME,Pending
TX01164,2026-03-26,CUST1084,Kenya,Kampala,Laptop Bag,Accessories,1,3229.43,Bank Transfer,Brian,Corporate,Completed
TX02603,2026-02-11,CUST0312,KE,Kampala,Tablet,Hardware,1,45998.25,Bank Transfer,Irene,Corporate,Pending
TX04925,2026-06-01,CUST1195,Uganda,Dar es Salaam,Tablet,Hardware,1,40103.23,Cash,David,Individual,Cancelled
TX00267,2026-02-28,CUST0131,Uganda,Kampala,Laptop Stand,Accessories,2,4340.71,M-Pesa,David,Individual,Completed
TX04196,2026-04-07,CUST0108,Kenya,Dar es Salaam,External SSD,Storage,1,15348.17,Cash,Faith,SME,Completed
TX01115,2026-04-17,CUST0580,Tanzania,,Laptop Bag,Accessories,2,3665.4,M-Pesa,Irene,Individual,Completed
TX00064,2026-02-16,CUST0450,Rwanda,Kisumu,Keyboard,Accessories,3,2724.9,Card,John,SME,Completed
TX04984,2026-01-18,CUST1047,UGANDA,Mombasa,Tablet,Hardware,5,45944.57,M-Pesa,Carol,Corporate,Completed
TX02681,2026-02-18,CUST0734,KE,NAIROBI,Tablet,Hardware,1,42434.2,Card,John,Individual,Completed
TX04870,2026-06-19,CUST0285,Uganda,Arusha,External SSD,Storage,2,15197.17,M-Pesa,John,Individual,Completed
TX04218,2026-04-20,CUST0952,UGANDA,Dar es Salaam,Office Laptop,Hardware,1,96263.26,M-Pesa,Carol,SME,Completed
TX03122,2026-02-07,CUST0855,TANZANIA,Dar es Salaam,Laptop Stand,Accessories,2,4571.12,Card,Brian,Individual,Completed
TX04050,2026-03-02,CUST0666,UGANDA,Dar es Salaam,USB-C Hub,Accessories,5,6702.89,M-Pesa,Faith,Corporate,Completed
TX03468,2026-06-16,CUST1163,Kenya,Kigali,Tablet,Hardware,1,42989.15,M-Pesa,Brian,SME,Completed
TX04117,2026-01-12,CUST0737,Tanzania,NAIROBI,Laptop Bag,Accessories,1,3394.29,Card,Faith,Corporate,Completed
TX02908,2026-06-15,CUST1029,Tanzania,Nairobi,Headset,Accessories,2,5333.9,Card,Brian,Individual,Completed
TX02132,2026-05-29,CUST0123,Rwanda,Arusha,USB-C Hub,Accessories,1,6279.58,Cash,Irene,Individual,Completed
TX01766,2026-03-02,CUST0123,Kenya,Arusha,USB-C Hub,Accessories,1,6053.46,M-Pesa,Irene,Corporate,Completed
TX02320,2026-05-10,CUST0134,Tanzania,Mombasa,External SSD,Storage,2,15897.16,M-Pesa,Amina,Corporate,Completed
TX01238,2026-03-23,CUST0923,Kenya,MOMBASA,Tablet,Hardware,2,44533.49,Card,Brian,SME,Completed
TX00104,2026-04-01,CUST0640,KENYA,NAIROBI,Tablet,Hardware,4,40709.31,Bank Transfer,Carol,Corporate,Completed
TX02733,2026-04-05,CUST0103,UGANDA,Nairobi,Office Laptop,Hardware,1,91747.08,Bank Transfer,Brian,Individual,Completed
TX00273,2026-01-04,CUST0143,TANZANIA,Mombasa,Monitor,Hardware,1,23482.98,Bank Transfer,Faith,Corporate,Completed
TX00509,2026-03-21,CUST1184,KE,Kigali,USB-C Hub,Accessories,1,6761.8,Card,Amina,SME,Completed
TX02303,2026-04-24,CUST0488,Uganda,Kampala,Wireless Mouse,Accessories,1,1850.97,Bank Transfer,David,Corporate,Completed
TX02677,2026-01-24,CUST0686,KE,Kampala,Tablet,Hardware,4,44896.56,M-Pesa,David,Individual,Completed
TX04418,2026-03-22,CUST0652,Tanzania,Dar es Salaam,Tablet,Hardware,1,38557.7,M-Pesa,Faith,Corporate,Pending
TX00866,2026-01-15,CUST0746,Tanzania,Dar es Salaam,Headset,Accessories,3,5056.67,Card,John,SME,Completed
TX02513,2026-04-28,CUST1119,TANZANIA,Kampala,Headset,Accessories,1,4821.67,Bank Transfer,Irene,Individual,Completed
TX00909,2026-02-12,CUST0964,KENYA,Mombasa,Laptop Bag,Accessories,2,3200.39,M-Pesa,Brian,Individual,Completed
TX03811,2026-04-13,CUST0381,Rwanda,NAIROBI,Laptop Stand,Accessories,1,4068.58,Card,Irene,Corporate,Completed
TX04681,2026-05-07,CUST0490,Kenya,Nairobi,Headset,Accessories,1,5067.87,Bank Transfer,John,SME,Completed
TX04033,2026-05-29,CUST1006,Uganda,Nairobi,Headset,Accessories,1,5181.12,Cash,Faith,SME,Completed
TX01628,2026-04-12,CUST0819,Kenya,Nairobi,Wireless Mouse,Accessories,3,1895.84,Bank Transfer,Faith,Individual,Completed
TX04877,2026-03-01,CUST0813,UGANDA,Mombasa,Tablet,Hardware,2,45702.51,Card,Brian,Corporate,Cancelled
TX01523,2026-03-06,CUST0914,UGANDA,Nairobi,Tablet,Hardware,1,44019.81,Bank Transfer,Brian,Individual,Completed
TX00836,2026-03-23,CUST0505,Tanzania,MOMBASA,External SSD,Storage,1,15838.48,Card,John,Individual,Completed
TX00359,2026-05-29,,Rwanda,Kisumu,Headset,Accessories,3,5664.31,Bank Transfer,,Corporate,Cancelled
TX00139,2026-01-03,CUST0054,Kenya,Nairobi,Tablet,Hardware,1,41026.36,Bank Transfer,Irene,Individual,Cancelled
TX00300,2026-04-28,CUST0679,KE,Kigali,External SSD,Storage,3,13085.7,Card,John,Individual,Completed
TX01557,2026-03-26,CUST0245,KE,MOMBASA,Monitor,Hardware,4,21265.52,Cash,Irene,Individual,Pending
TX01004,2026-02-10,CUST0698,TANZANIA,Dar es Salaam,Wireless Mouse,Accessories,2,1644.9,Card,David,Corporate,Cancelled
TX00383,2026-04-21,CUST0802,Uganda,Mombasa,Office Laptop,Hardware,1,96881.85,Card,Carol,SME,Completed
TX00942,2026-04-07,CUST0661,Uganda,MOMBASA,Tablet,Hardware,1,41261.61,Card,Amina,Individual,Completed
TX03129,2026-06-10,CUST0175,KE,Nairobi,Office Laptop,Hardware,1,88362.02,Cash,Irene,Individual,Completed
TX03879,2026-05-08,CUST0961,TANZANIA,Kampala,Wireless Mouse,Accessories,2,1908.99,M-Pesa,Amina,Corporate,Completed
TX00762,2026-04-10,CUST0599,Kenya,Dar es Salaam,Keyboard,Accessories,1,2668.58,Bank Transfer,David,Corporate,Cancelled
TX02081,2026-02-28,CUST0619,KE,NAIROBI,Wireless Mouse,Accessories,2,1827.96,Bank Transfer,Amina,SME,Completed
TX03378,2026-04-11,CUST0388,KE,NAIROBI,Headset,Accessories,2,5708.66,Card,Carol,SME,Cancelled
TX03393,2026-01-22,CUST1194,Uganda,Nairobi,Monitor,Hardware,3,23481.77,Cash,Faith,Corporate,Completed
TX04358,2026-02-05,CUST0278,KE,Dar es Salaam,Headset,Accessories,3,5692.61,Bank Transfer,Amina,SME ,Cancelled
TX04632,2026-03-29,CUST0664,Uganda,Arusha,External SSD,Storage,1,14006.07,Bank Transfer,John,Corporate,Cancelled
TX00899,2026-04-23,CUST0274,Kenya,MOMBASA,Tablet,Hardware,3,45965.25,Bank Transfer,John,Individual,Cancelled
TX04114,2026-04-06,CUST0541,Tanzania,NAIROBI,External SSD,Storage,2,15036.48,Cash,Amina,Corporate,Cancelled
TX04401,2026-02-11,CUST0013,KE,Kampala,Tablet,Hardware,2,42047.6,M-Pesa,John,Individual,Completed
TX01403,2026-02-18,CUST1173,Uganda,Kigali,External SSD,Storage,1,13117.01,Bank Transfer,John,Corporate,Completed
TX02122,2026-06-19,CUST0792,KENYA,MOMBASA,Keyboard,Accessories,1,2267.43,Bank Transfer,Brian,Corporate,Completed
TX03917,2026-06-03,CUST0336,Uganda,Kisumu,Wireless Mouse,Accessories,1,1771.9,M-Pesa,Brian,Corporate,Completed
TX04458,2026-06-27,CUST1156,UGANDA,Mombasa,Office Laptop,Hardware,1,89920.85,Bank Transfer,Amina,Individual,Completed
TX03064,2026-01-03,,Rwanda,Kigali,Tablet,Hardware,1,39484.86,Cash,Irene,Individual,Completed
TX01513,2026-01-19,CUST0029,Kenya,Mombasa,USB-C Hub,Accessories,2,6387.44,Bank Transfer,Amina,Corporate,Completed
TX01189,2026-06-03,CUST0680,KENYA,Nairobi,Laptop Stand,Accessories,2,4688.91,M-Pesa,Carol,Corporate,Completed
TX03099,2026-05-06,CUST0983,TANZANIA,Kampala,Headset,Accessories,1,5148.91,Card,David,Individual,COMPLETED
TX02118,2026-02-06,CUST0030,KE,MOMBASA,Monitor,Hardware,1,23413.52,M-Pesa,Brian,Individual,Completed
TX04012,2026-04-07,CUST0211,UGANDA,Kampala,External SSD,Storage,1,13119.32,Bank Transfer,Faith,Individual,Completed
TX03560,2026-01-23,CUST0079,Uganda,Arusha,Headset,Accessories,2,4951.8,Card,George,Corporate,completed
TX02544,2026-05-20,CUST0095,UGANDA,Mombasa,Monitor,Hardware,2,20046.89,M-Pesa,David,SME,Pending
TX00109,2026-06-28,CUST0925,Tanzania,Kampala,Wireless Mouse,Accessories,2,1793.19,Bank Transfer,Irene,Corporate,Completed
TX02830,2026-02-24,CUST0857,Kenya,MOMBASA,Wireless Mouse,Accessories,2,1653.92,Card,Brian,SME,Cancelled
TX02917,2026-02-07,CUST0168,KE,Mombasa,Laptop Stand,Accessories,1,4639.61,M-Pesa,Amina,SME,Cancelled
TX01974,2026-03-12,CUST0988,Kenya,NAIROBI,Monitor,Hardware,1,20374.75,M-Pesa,Brian,Corporate,Completed
TX00059,2026-06-15,CUST0134,Rwanda,Nairobi,Office Laptop,Hardware,1,90928.53,Card,David,Individual,Pending
TX00077,2026-01-26,CUST0047,KE,Kigali,Wireless Mouse,Accessories,1,1738.84,M-Pesa,George,Corporate,Completed
TX00797,2026-05-25,CUST0688,KENYA,Dar es Salaam,USB-C Hub,Accessories,1,7072.9,,John,Individual,Completed
TX00369,2026-04-14,CUST1025,Rwanda,NAIROBI,Keyboard,Accessories,1,2716.46,Bank Transfer,Irene,SME,Completed
TX04985,2026-04-19,CUST0865,Rwanda,Dar es Salaam,Keyboard,Accessories,2,2511.45,M-Pesa,Amina,Corporate,Completed
TX00786,2026-05-29,CUST0853,Kenya,Nairobi,Monitor,Hardware,2,21192.4,M-Pesa,Brian,SME,Completed
TX02119,2026-03-09,CUST0881,UGANDA,Kigali,Tablet,Hardware,4,42576.28,Cash,Faith,Individual,COMPLETED
TX04356,2026-02-08,CUST0175,TANZANIA,Dar es Salaam,Keyboard,Accessories,2,2664.14,Card,David,Individual,Cancelled
TX04119,2026-06-27,CUST1029,UGANDA,Kigali,USB-C Hub,Accessories,2,6533.17,M-Pesa,George,Individual,Completed
TX02095,2026-01-17,CUST0392,Uganda,Kampala,Headset,Accessories,1,5315.81,Bank Transfer,Brian,Individual,Completed
TX02223,2026-06-25,CUST0792,KE,Nairobi,Tablet,Hardware,2,38046.27,Bank Transfer,David,SME,Completed
TX03658,2026-04-14,CUST0047,Tanzania,Mombasa,Office Laptop,Hardware,1,98851.85,M-Pesa,Irene,Individual,Pending
TX02022,2026-04-06,CUST0908,KENYA,Kisumu,Monitor,Hardware,2,20396.4,M-Pesa,John,Individual,Completed
TX04302,2026-02-20,CUST0236,Kenya,Nairobi,Laptop Bag,Accessories,2,3213.68,Cash,Faith,Corporate,Completed
TX00122,2026-02-23,CUST0055,KE,Dar es Salaam,External SSD,Storage,1,15704.99,Bank Transfer,John,SME,Completed
TX03801,2026-06-09,CUST1094,Rwanda,Arusha,Office Laptop,Hardware,2,86035.28,Bank Transfer,David,SME,Completed
TX03197,2026-06-06,CUST0662,KENYA,Mombasa,Wireless Mouse,Accessories,1,1875.49,Card,Irene,SME,Completed
TX04537,2026-03-14,CUST0824,KE,Nairobi,Wireless Mouse,Accessories,1,1892.9,Card,Irene,Corporate,Completed
TX00911,2026-05-06,CUST0539,Uganda,Nairobi,Laptop Bag,Accessories,1,3757.35,Card,Brian,Individual,Completed
TX00125,2026-04-12,CUST0524,UGANDA,Mombasa,Office Laptop,Hardware,1,101062.94,Bank Transfer,Faith,Corporate,Completed
TX04998,2026-04-05,CUST0685,KE,MOMBASA,USB-C Hub,Accessories,5,6691.68,M-Pesa,Irene,Individual,Pending
TX01587,2026-06-07,CUST0376,Tanzania,Kisumu,USB-C Hub,Accessories,1,6395.21,Card,George,Corporate,Pending
TX01258,2026-02-25,CUST0489,Rwanda,Arusha,Wireless Mouse,Accessories,1,1940.64,Cash,John,Corporate,completed
TX03564,2026-04-09,CUST0731,Rwanda,Nairobi,Tablet,Hardware,1,39956.05,Cash,Faith,Individual,Completed
TX03605,2026-02-05,CUST0255,TANZANIA,NAIROBI,Headset,Accessories,2,5210.07,M-Pesa,Brian,Corporate,Cancelled
TX03505,2026-04-03,CUST0381,Uganda,NAIROBI,Monitor,Hardware,2,22228.99,Card,Amina,Individual,COMPLETED
TX01179,2026-02-17,CUST0438,Rwanda,Kigali,Wireless Mouse,Accessories,1,1660.41,Bank Transfer,Irene,Individual,Completed
TX04527,2026-03-27,CUST0379,Tanzania,Arusha,Headset,Accessories,2,5008.04,Cash,Irene,SME,Completed
TX02466,2026-04-29,CUST0900,UGANDA,Arusha,Tablet,Hardware,1,45529.62,M-Pesa,John,Corporate,Completed
TX03594,2026-03-21,CUST1018,KE,Kampala,Monitor,Hardware,1,20873.78,Cash,Brian,Individual,Completed
TX03687,2026-02-08,CUST0903,Rwanda,MOMBASA,Office Laptop,Hardware,3,98133.58,M-Pesa,Brian,Corporate,Completed
TX02174,2026-02-02,CUST0015,Rwanda,Dar es Salaam,Laptop Bag,Accessories,2,3434.77,M-Pesa,Faith,Individual,Completed
TX00443,2026-05-07,CUST0031,TANZANIA,Arusha,Monitor,Hardware,1,21307.64,Bank Transfer,Carol,SME,Cancelled
TX02023,2026-06-28,CUST0637,KE,Kigali,Monitor,Hardware,1,23796.88,Cash,Irene,Corporate,Cancelled
TX02975,2026-01-04,CUST0329,Rwanda,Mombasa,External SSD,Storage,2,13274.74,Card,Brian,SME,Cancelled
TX00926,2026-03-26,CUST0663,KE,Dar es Salaam,Wireless Mouse,Accessories,2,1742.28,Cash,Faith,Individual,Completed
TX02410,2026-02-08,CUST0705,KENYA,Mombasa,Keyboard,Accessories,1,2418.17,M-Pesa,Faith,Individual,Completed
TX02593,2026-02-25,CUST0831,TANZANIA,Dar es Salaam,USB-C Hub,Accessories,5,7032.43,Cash,Carol,Individual,Cancelled
TX04849,2026-05-23,CUST0546,Uganda,Kigali,Laptop Bag,Accessories,2,3801.51,Card,David,Corporate,Completed
TX01412,2026-01-29,CUST0082,Tanzania,Mombasa,Tablet,Hardware,1,40090.49,Cash,Brian,SME,Completed
TX03843,2026-03-24,CUST0050,Uganda,Kisumu,Keyboard,Accessories,1,2670.46,Cash,David,SME ,Completed
TX01860,2026-03-05,CUST0909,UGANDA,Arusha,Monitor,Hardware,5,21969.17,Cash,Faith,Individual,Cancelled
TX01510,2026-04-24,CUST0903,KENYA,Kampala,Wireless Mouse,Accessories,1,1761.01,Bank Transfer,George,SME,Completed
TX01228,2026-01-25,CUST0344,Tanzania,NAIROBI,Wireless Mouse,Accessories,2,1828.72,Card,George,Individual,Completed
TX03729,2026-05-16,CUST0341,Uganda,Mombasa,Laptop Stand,Accessories,1,4835.04,Bank Transfer,Faith,SME,Pending
TX02433,2026-01-23,CUST0010,Tanzania,Kampala,Keyboard,Accessories,5,2556.17,M-Pesa,John,Individual,Completed
TX04509,2026-02-01,CUST1078,TANZANIA,NAIROBI,Monitor,Hardware,2,20649.43,Bank Transfer,Faith,SME,Completed
TX02221,2026-02-25,CUST0547,KE,Arusha,Wireless Mouse,Accessories,2,1716.93,M-Pesa,Amina,Individual,Completed
TX03399,2026-03-15,CUST1109,Kenya,Kigali,Laptop Stand,Accessories,1,4150.62,Cash,George,Individual,Completed
TX00325,2026-02-22,CUST1054,KENYA,MOMBASA,Monitor,Hardware,2,22115.63,Bank Transfer,David,Individual,Cancelled
TX03194,2026-05-22,CUST1125,Tanzania,Dar es Salaam,Tablet,Hardware,1,44913.42,Cash,George,Individual,Pending
TX02670,2026-06-17,CUST1040,Uganda,Arusha,Laptop Stand,Accessories,1,4436.99,Card,Amina,SME,Completed
TX02043,2026-01-28,CUST0869,Rwanda,Kisumu,Keyboard,Accessories,1,2641.33,Cash,David,Corporate,Cancelled
TX02684,2026-01-15,CUST0772,Uganda,Kisumu,Office Laptop,Hardware,1,104465.02,Cash,Carol,SME,Completed
TX04555,2026-05-17,CUST1178,KENYA,Kampala,Keyboard,Accessories,2,2593.35,Card,Brian,Individual,Cancelled
TX04702,2026-05-12,CUST0340,Tanzania,Arusha,Headset,Accessories,1,5133.45,Cash,John,Individual,Completed
TX01499,2026-03-23,CUST0627,Kenya,Kampala,Keyboard,Accessories,5,2681.72,Bank Transfer,Carol,Individual,Pending
TX01503,2026-05-26,CUST0654,UGANDA,NAIROBI,Laptop Bag,Accessories,2,3611.58,Cash,Brian,Corporate,Completed
TX01007,2026-03-15,CUST0254,KE,MOMBASA,USB-C Hub,Accessories,1,6266.24,Bank Transfer,Amina,Corporate,Pending
TX03706,2026-01-16,,Rwanda,Nairobi,Keyboard,Accessories,1,2634.87,Card,John,Corporate,Cancelled
TX02820,2026-03-12,CUST0561,Kenya,Kampala,Laptop Bag,Accessories,1,3291.35,M-Pesa,John,SME ,Completed
TX03880,2026-03-31,CUST0302,TANZANIA,Kampala,Headset,Accessories,1,5638.52,Cash,Carol,Corporate,Completed
TX01468,2026-06-25,CUST1136,TANZANIA,MOMBASA,Wireless Mouse,Accessories,1,1743.43,Cash,George,Corporate,Completed
TX01226,2026-04-11,CUST0929,TANZANIA,Dar es Salaam,USB-C Hub,Accessories,3,6478.3,Cash,Amina,SME,Completed
TX03425,2026-04-10,CUST1113,KE,Nairobi,Laptop Bag,Accessories,1,3733.05,Bank Transfer,Carol,SME,Pending
TX02655,2026-02-22,CUST0345,TANZANIA,MOMBASA,Keyboard,Accessories,1,2378.34,Card,Amina,Corporate,Cancelled
TX03908,2026-02-06,CUST0400,Uganda,Kigali,Wireless Mouse,Accessories,1,1657.36,Card,George,Individual,Cancelled
TX01849,2026-05-07,CUST0334,KE,MOMBASA,Tablet,Hardware,1,38432.89,M-Pesa,John,Individual,Completed
TX01217,2026-01-27,CUST1017,Uganda,Kisumu,Office Laptop,Hardware,2,100099.6,M-Pesa,David,Individual,Completed
TX04104,2026-06-07,CUST0559,KENYA,MOMBASA,Headset,Accessories,1,4757.49,Card,George,Corporate,Completed
TX03623,2026-03-27,CUST0296,Kenya,Kampala,Headset,Accessories,1,4683.93,M-Pesa,Irene,Individual,Completed
TX00421,2026-01-22,CUST0999,Uganda,Dar es Salaam,Laptop Stand,Accessories,50,42000,M-Pesa,Irene,Corporate,Completed
TX03544,2026-03-05,CUST0830,TANZANIA,Kampala,Office Laptop,Hardware,1,99979.82,Cash,Irene,SME,Completed
TX00007,2026-02-09,CUST0720,Rwanda,Arusha,Tablet,Hardware,3,42822.36,M-Pesa,Brian,SME ,Pending
TX00933,2026-05-01,CUST0634,UGANDA,Nairobi,External SSD,Storage,1,14518.42,Card,,Corporate,Pending
TX01692,2026-06-16,CUST0123,Uganda,MOMBASA,Laptop Bag,Accessories,1,3447.28,Card,John,SME,Completed
TX00440,2026-01-15,CUST1108,Rwanda,MOMBASA,Monitor,Hardware,1,23946.49,Bank Transfer,Faith,SME,Pending
TX01314,2026-04-08,CUST0814,Tanzania,Kampala,USB-C Hub,Accessories,2,6669.01,Bank Transfer,John,SME,Completed
TX00679,2026-01-04,CUST0259,UGANDA,Arusha,Tablet,Hardware,1,42076.74,Cash,Amina,Individual,Completed
TX02719,2026-05-19,CUST1000,KENYA,Kigali,Headset,Accessories,1,4812.05,Cash,Carol,Corporate,Completed
TX04686,2026-06-04,CUST0639,KE,Nairobi,External SSD,Storage,2,15173.78,M-Pesa,Faith,SME,Pending
TX01936,2026-05-10,CUST0513,UGANDA,Kigali,Wireless Mouse,Accessories,2,1875.01,Card,John,Corporate,Completed
TX04448,2026-04-09,CUST0345,KE,Mombasa,USB-C Hub,Accessories,1,6244.39,M-Pesa,John,SME,Pending
TX02345,2026-01-16,CUST0818,Kenya,Kisumu,Laptop Bag,Accessories,1,3170.05,Bank Transfer,Amina,Corporate,Completed
TX04710,2026-01-11,CUST0008,Rwanda,Kisumu,Office Laptop,Hardware,2,86492.49,Cash,Faith,SME,Completed
TX04247,2026-04-20,CUST0094,TANZANIA,Mombasa,Laptop Bag,Accessories,1,3294.53,Card,Carol,SME,Completed
TX02601,2026-05-23,CUST0826,Rwanda,Kisumu,USB-C Hub,Accessories,2,6185.17,Cash,Faith,Corporate,Pending
TX02519,2026-04-01,CUST0137,Tanzania,Arusha,Monitor,Hardware,1,20910.15,Bank Transfer,David,Corporate,Pending
TX01087,2026-01-23,CUST0527,TANZANIA,Mombasa,Office Laptop,Hardware,1,93596.19,Card,Faith,Corporate,Cancelled
TX02012,2026-02-07,CUST0489,Uganda,MOMBASA,External SSD,Storage,1,14922.05,Bank Transfer,Faith,Individual,Cancelled
TX04314,2026-02-21,CUST0702,KENYA,Mombasa,Office Laptop,Hardware,2,95003.33,Bank Transfer,Faith,Individual,Completed
TX02875,2026-02-10,CUST0870,KENYA,Kisumu,Office Laptop,Hardware,1,94681.49,M-Pesa,Amina,Corporate,Completed
TX02958,2026-06-17,CUST0334,Uganda,Kisumu,Headset,Accessories,2,4683.6,Bank Transfer,,SME,Completed
TX00195,2026-05-30,CUST0726,UGANDA,Dar es Salaam,Headset,Accessories,2,5068.45,Cash,Amina,SME,Cancelled
TX01475,2026-06-21,CUST0748,KENYA,Arusha,Monitor,Hardware,1,21886.3,Bank Transfer,Amina,Individual,Completed
TX04891,2026-01-27,CUST0285,Rwanda,Mombasa,Monitor,Hardware,2,20167.83,Card,Carol,Corporate,Completed
TX03186,2026-06-10,CUST0451,TANZANIA,Arusha,Keyboard,Accessories,1,2366.37,Cash,Carol,Corporate,Pending
TX01212,2026-03-17,CUST0900,TANZANIA,Kigali,Tablet,Hardware,1,43430.68,Card,Carol,SME,Pending
TX04081,2026-01-09,CUST0537,Kenya,Arusha,Monitor,Hardware,4,24038.29,Cash,John,SME,Completed
TX01658,2026-04-08,CUST0464,UGANDA,Mombasa,External SSD,Storage,5,15439.68,Cash,Brian,SME,Completed
TX03622,2026-02-20,CUST0387,KE,Kigali,Tablet,Hardware,4,41701.47,Card,George,Individual,Completed
TX03131,2026-01-21,CUST0379,Tanzania,Kampala,USB-C Hub,Accessories,2,6184.48,Cash,George,Individual,Cancelled
TX02884,2026-04-14,CUST0905,Tanzania,NAIROBI,Monitor,Hardware,1,22252.06,Cash,Amina,Corporate,Completed
TX02296,2026-05-22,CUST0298,Rwanda,Mombasa,Keyboard,Accessories,1,2345.48,Card,Amina,Corporate,completed
TX01963,2026-02-23,CUST1147,KENYA,Arusha,Tablet,Hardware,1,38375.62,Cash,George,Individual,Pending
TX04115,2026-02-27,CUST1023,UGANDA,Arusha,Keyboard,Accessories,1,2585.81,Card,Carol,SME ,Cancelled
TX01131,2026-05-08,CUST0452,Uganda,Kigali,External SSD,Storage,3,13397.49,Card,John,SME,Cancelled
TX01462,2026-04-17,CUST0848,Uganda,Nairobi,Office Laptop,Hardware,2,90382.73,Bank Transfer,Brian,SME,COMPLETED
TX00277,2026-05-11,CUST0284,KE,Mombasa,USB-C Hub,Accessories,1,6965.84,Cash,Faith,Corporate,Completed
TX04604,2026-02-05,CUST1184,UGANDA,Kisumu,Tablet,Hardware,2,39022.22,Bank Transfer,John,Corporate,Completed
TX02299,2026-03-08,CUST1121,KE,Kampala,Tablet,Hardware,3,44957.39,Bank Transfer,David,SME,Completed
TX03351,2026-04-15,CUST0024,UGANDA,Dar es Salaam,USB-C Hub,Accessories,1,5897.97,M-Pesa,Faith,Corporate,Completed
TX02374,2026-01-24,CUST0466,Uganda,Mombasa,Headset,Accessories,1,4938.61,M-Pesa,George,SME,Completed
TX01303,2026-06-19,CUST0554,KENYA,Arusha,Laptop Stand,Accessories,1,4813.88,M-Pesa,Brian,SME,Completed
TX04018,2026-01-27,CUST0878,Tanzania,Dar es Salaam,Wireless Mouse,Accessories,3,1724.91,Bank Transfer,Irene,Individual,Completed
TX00223,2026-05-09,CUST0572,Kenya,Kigali,Laptop Bag,Accessories,4,3700.83,Cash,Faith,Individual,Completed
TX04717,2026-02-24,CUST0632,Tanzania,Kigali,USB-C Hub,Accessories,2,5894.75,Card,Brian,Corporate,Completed
TX02405,2026-01-20,CUST0383,UGANDA,Kigali,Monitor,Hardware,1,21050.59,M-Pesa,David,SME,Pending
TX00574,2026-05-14,CUST1150,Rwanda,NAIROBI,Tablet,Hardware,2,39032.24,M-Pesa,Irene,Individual,Pending
TX01237,2026-02-16,CUST0852,TANZANIA,Mombasa,Wireless Mouse,Accessories,1,1778.45,Card,David,Corporate,Completed
TX03670,2026-05-03,CUST0660,TANZANIA,Kisumu,Wireless Mouse,Accessories,2,1918.73,Bank Transfer,Brian,SME,Completed
TX03494,2026-03-15,CUST0011,TANZANIA,Kigali,Monitor,Hardware,2,20941.75,M-Pesa,John,Individual,Cancelled
TX03310,2026-02-15,CUST0832,Rwanda,Arusha,USB-C Hub,Accessories,1,6461.22,Bank Transfer,Irene,Individual,Completed
TX01335,2026-04-16,CUST1128,Uganda,Nairobi,Laptop Bag,Accessories,1,3265.78,Bank Transfer,George,Corporate,Pending
TX04571,2026-04-17,CUST0664,Uganda,Kigali,Office Laptop,Hardware,1,95701.73,Cash,Amina,Corporate,Cancelled
TX04087,2026-05-05,CUST0086,Tanzania,,External SSD,Storage,2,13651.98,Cash,Irene,Corporate,Pending
TX00419,2026-06-27,CUST0371,Kenya,NAIROBI,Tablet,Hardware,1,39378.53,Card,Irene,SME,Completed
TX00268,2026-01-09,CUST0646,UGANDA,Mombasa,Monitor,Hardware,3,20149.39,Bank Transfer,David,Individual,Completed
TX01105,2026-02-25,CUST0418,Kenya,MOMBASA,Tablet,Hardware,1,38311.66,Bank Transfer,Irene,Corporate,Completed
TX00258,2026-05-05,CUST0588,KENYA,Mombasa,USB-C Hub,Accessories,3,6719.73,Cash,Irene,SME,Cancelled
TX00296,2026-05-11,CUST0296,UGANDA,Kampala,Monitor,Hardware,2,23060.32,Card,Amina,Individual,Cancelled
TX02439,2026-04-02,CUST0658,KENYA,Dar es Salaam,Wireless Mouse,Accessories,2,1787.98,M-Pesa,George,Corporate,Cancelled
TX00387,2026-06-25,CUST0657,KENYA,Kampala,Tablet,Hardware,1,44854.33,Card,Brian,Corporate,Cancelled
TX03427,2026-03-24,CUST0378,Uganda,Mombasa,Office Laptop,Hardware,1,91752.52,M-Pesa,David,Individual,Pending
TX03205,2026-06-16,CUST0164,Tanzania,Dar es Salaam,External SSD,Storage,1,14376.31,Card,Irene,Individual,Completed
TX02308,2026-02-01,CUST0286,Kenya,Kigali,Headset,Accessories,1,4848.45,Bank Transfer,Brian,Corporate,Cancelled
TX02324,2026-02-07,CUST0029,TANZANIA,Kigali,Wireless Mouse,Accessories,1,1668.12,Bank Transfer,Amina,SME,Completed
TX04407,2026-06-14,CUST0113,Uganda,Mombasa,Laptop Bag,Accessories,2,3435.45,Cash,David,SME,Completed
TX03640,2026-02-15,CUST0535,Tanzania,Mombasa,External SSD,Storage,1,14241.31,Card,Carol,Individual,Completed
TX04308,2026-03-26,CUST0266,KENYA,Mombasa,External SSD,Storage,1,15185.49,Bank Transfer,George,Corporate,Completed
TX04456,2026-03-24,CUST0921,KE,Arusha,Laptop Bag,Accessories,2,3752.44,Bank Transfer,Amina,SME,Pending
TX01564,2026-06-28,CUST0159,UGANDA,Arusha,External SSD,Storage,2,14984.26,M-Pesa,Irene,SME,Completed
TX02348,2026-01-20,CUST0984,UGANDA,Kampala,Tablet,Hardware,1,39380.96,Card,Brian,SME,Completed
TX01401,2026-04-27,CUST0850,UGANDA,NAIROBI,Monitor,Hardware,2,22385.74,Bank Transfer,Faith,Corporate,Completed
TX00713,2026-04-17,CUST0357,KE,Kampala,Tablet,Hardware,1,38700.67,M-Pesa,David,Individual,Pending
TX02427,2026-05-19,CUST0292,TANZANIA,Nairobi,External SSD,Storage,2,15944.93,Bank Transfer,Carol,Corporate,Pending
TX01991,2026-03-30,CUST0523,Uganda,Kisumu,Wireless Mouse,Accessories,1,1822.33,Cash,Irene,SME,Completed
TX00210,2026-06-29,CUST0073,KE,Dar es Salaam,External SSD,Storage,2,15142.12,Bank Transfer,Faith,SME ,Cancelled
TX04624,2026-06-13,,Kenya,Kisumu,Laptop Stand,Accessories,5,4524.62,Bank Transfer,John,SME,Pending
TX01290,2026-06-20,CUST0015,Rwanda,Kampala,Wireless Mouse,Accessories,2,1874.89,Bank Transfer,John,SME,Pending
TX02816,2026-05-25,CUST0255,TANZANIA,Arusha,Headset,Accessories,2,5706.26,Bank Transfer,Carol,Individual,Pending
TX01843,2026-01-07,CUST0994,Kenya,MOMBASA,Wireless Mouse,Accessories,1,1700.7,M-Pesa,George,Individual,Pending
TX00450,2026-06-15,CUST0053,Kenya,Kampala,USB-C Hub,Accessories,1,6568.46,Card,Carol,Corporate,Completed
TX04160,2026-05-17,CUST0333,KE,MOMBASA,External SSD,Storage,2,15682.89,M-Pesa,John,SME,Completed
TX02656,2026-04-16,CUST0201,UGANDA,Kisumu,Headset,Accessories,3,5197.52,Cash,Faith,Corporate,Completed
TX01821,2026-01-06,CUST0543,Kenya,MOMBASA,USB-C Hub,Accessories,1,6071.32,Card,Brian,SME,Completed
TX00959,2026-03-15,CUST1051,Uganda,Kampala,Office Laptop,Hardware,1,92468.29,Card,Brian,SME,Pending
TX01794,2026-04-11,CUST0848,TANZANIA,Kampala,Monitor,Hardware,1,21667.51,Card,John,Corporate,Completed
TX02120,2026-01-17,CUST0466,Uganda,Mombasa,Office Laptop,Hardware,1,98477.95,M-Pesa,Irene,SME,Completed
TX00655,2026-06-30,CUST0207,Uganda,Dar es Salaam,Laptop Bag,Accessories,1,3171.29,Bank Transfer,David,Individual,Completed
TX04814,2026-06-05,CUST0387,Kenya,MOMBASA,Headset,Accessories,3,4807.64,Card,David,Individual,COMPLETED
TX03987,2026-02-11,CUST1137,KENYA,Arusha,Keyboard,Accessories,1,2397.79,Card,George,Individual,Completed
TX00332,2026-04-15,CUST1037,TANZANIA,NAIROBI,Headset,Accessories,1,5130.04,Card,Faith,Individual,Completed
TX01761,2026-02-22,CUST1079,Kenya,Kigali,Monitor,Hardware,4,23222.14,Cash,David,Corporate,Completed
TX03138,2026-02-25,CUST0705,KE,Arusha,External SSD,Storage,1,13171.36,Cash,Irene,Individual,Completed
TX02838,2026-02-03,CUST0730,Rwanda,Kigali,External SSD,Storage,5,13967.74,M-Pesa,George,Individual,Completed
TX04889,2026-01-02,CUST0631,TANZANIA,,Headset,Accessories,1,4980.39,M-Pesa,George,SME,Pending
TX00412,2026-04-14,CUST0732,Uganda,Kigali,Wireless Mouse,Accessories,1,1935.85,Cash,Amina,Individual,Completed
TX01775,2026-05-31,CUST0687,TANZANIA,Mombasa,Laptop Bag,Accessories,5,3642.7,Bank Transfer,Irene,SME,Cancelled
TX02006,2026-05-08,CUST0277,Tanzania,Arusha,Office Laptop,Hardware,2,89857.1,Cash,Amina,SME,Pending
TX02452,2026-01-23,CUST0886,Rwanda,Mombasa,Wireless Mouse,Accessories,1,1709.75,Card,George,SME,Completed
TX02457,2026-05-06,CUST0169,TANZANIA,Mombasa,Tablet,Hardware,1,38342.68,Bank Transfer,Faith,SME,Completed
TX02716,2026-06-07,CUST0400,Kenya,Arusha,External SSD,Storage,1,14262.18,M-Pesa,Brian,SME,Cancelled
TX04383,2026-03-17,CUST0506,TANZANIA,Kigali,Wireless Mouse,Accessories,2,1759.15,Card,Irene,Corporate,Cancelled
TX04853,2026-04-29,CUST0828,Uganda,Kampala,Monitor,Hardware,4,22946.15,M-Pesa,Brian,Corporate,Completed
TX03833,2026-02-06,CUST0420,UGANDA,Dar es Salaam,External SSD,Storage,1,13054.25,M-Pesa,David,SME,Completed
TX02096,2026-05-19,CUST0786,UGANDA,Arusha,Headset,Accessories,4,5577.09,Card,Amina,Individual,Pending
TX02758,2026-01-11,CUST1043,Kenya,Kigali,Monitor,Hardware,1,20921.68,Bank Transfer,David,Corporate,Completed
TX03684,2026-04-07,CUST0220,KE,Arusha,USB-C Hub,Accessories,1,6457.64,Cash,George,SME,COMPLETED
TX03758,2026-06-11,CUST0136,Rwanda,NAIROBI,USB-C Hub,Accessories,2,6714.93,M-Pesa,Amina,Individual,completed
TX03489,2026-06-05,CUST0014,Uganda,Kisumu,Headset,Accessories,1,5466.96,Cash,David,Individual,Completed
TX02178,2026-01-03,CUST0612,Uganda,Kigali,Monitor,Hardware,1,23665.98,Bank Transfer,John,Individual,Completed
TX04833,2026-01-19,CUST0790,TANZANIA,Kisumu,External SSD,Storage,1,14003.16,Bank Transfer,George,Corporate,Completed
TX00431,2026-06-04,CUST0888,Tanzania,NAIROBI,Laptop Bag,Accessories,1,3807.95,Bank Transfer,Carol,Individual,Cancelled
TX03028,2026-05-01,CUST0437,KENYA,Arusha,Tablet,Hardware,1,43685.22,M-Pesa,Brian,Individual,Completed
TX03683,2026-06-12,CUST0634,Uganda,Arusha,Headset,Accessories,1,5310.62,Cash,Brian,SME,completed
TX01367,2026-03-08,CUST0387,KE,Dar es Salaam,Keyboard,Accessories,4,2523.26,Card,Amina,Corporate,COMPLETED
TX00174,2026-03-25,CUST0838,Rwanda,Dar es Salaam,USB-C Hub,Accessories,3,6428.9,M-Pesa,Carol,Individual,Completed
TX02953,2026-05-19,CUST0743,KE,NAIROBI,Keyboard,Accessories,2,2572.05,M-Pesa,David,SME ,Completed
TX01177,2026-01-09,CUST0627,Uganda,Nairobi,Monitor,Hardware,2,21942.87,M-Pesa,David,Individual,Cancelled
TX03732,2026-04-19,CUST0021,Rwanda,Mombasa,External SSD,Storage,3,15417.07,Card,Faith,Individual,Completed
TX01477,2026-03-26,CUST0704,KENYA,NAIROBI,Laptop Bag,Accessories,4,3459.37,M-Pesa,Irene,Individual,COMPLETED
TX03270,2026-05-07,CUST0877,Kenya,Dar es Salaam,Tablet,Hardware,2,41138.44,Card,Irene,Corporate,Completed
TX03930,2026-02-01,CUST0950,Tanzania,NAIROBI,Keyboard,Accessories,1,2408.38,Cash,Brian,Corporate,Pending
TX00103,2026-02-26,CUST0937,KENYA,MOMBASA,Laptop Stand,Accessories,1,4719.82,Bank Transfer,Irene,Individual,Pending
TX03448,2026-06-15,CUST0529,TANZANIA,Nairobi,Keyboard,Accessories,3,2294.77,Cash,Faith,Individual,Cancelled
TX03317,2026-06-21,CUST0329,Uganda,Kisumu,Laptop Stand,Accessories,3,4434.23,Cash,David,SME,Completed
TX01953,2026-04-21,CUST1181,TANZANIA,MOMBASA,Wireless Mouse,Accessories,2,1961.71,Bank Transfer,Faith,Individual,Cancelled
TX01264,2026-05-02,CUST0104,TANZANIA,NAIROBI,USB-C Hub,Accessories,1,6968.48,Card,John,SME,Completed
TX02985,2026-03-24,CUST0580,Tanzania,Kigali,Headset,Accessories,1,5684.36,M-Pesa,Carol,SME,Cancelled
TX03255,2026-03-12,CUST0960,Kenya,Kisumu,Laptop Stand,Accessories,1,4328.08,Bank Transfer,John,Individual,Completed
TX03394,2026-02-03,CUST1052,UGANDA,Kigali,Laptop Stand,Accessories,2,4829.36,Card,George,SME,Completed
TX03371,2026-05-17,CUST1098,Rwanda,NAIROBI,USB-C Hub,Accessories,5,6782.68,Bank Transfer,Brian,Corporate,Completed
TX02836,2026-01-26,CUST0394,Kenya,Kisumu,Headset,Accessories,2,4766.35,Cash,Brian,SME,Pending
TX04321,2026-04-06,CUST1120,Rwanda,NAIROBI,USB-C Hub,Accessories,3,6357.97,M-Pesa,David,Corporate,Completed
TX03289,2026-01-19,CUST0568,KENYA,Arusha,Laptop Stand,Accessories,2,4835.45,M-Pesa,Brian,Individual,Pending
TX03210,2026-02-08,CUST1129,Rwanda,Kampala,Keyboard,Accessories,4,2367.09,Bank Transfer,Brian,Individual,Completed
TX01644,2026-05-31,CUST1158,Uganda,NAIROBI,Laptop Bag,Accessories,1,3651.26,M-Pesa,Brian,SME,Completed
TX04580,2026-04-21,CUST0173,UGANDA,Arusha,Monitor,Hardware,2,23104.52,Bank Transfer,Amina,Corporate,Completed
TX00001,2026-04-13,CUST0467,Rwanda,Kisumu,Headset,Accessories,2,4870.77,Bank Transfer,Carol,Corporate,Completed
TX01581,2026-01-24,CUST0928,KENYA,Arusha,Tablet,Hardware,3,42585.55,Bank Transfer,Brian,Individual,Completed
TX04752,2026-04-18,CUST1089,UGANDA,Kampala,Keyboard,Accessories,1,2281.83,Bank Transfer,Irene,Individual,Completed
TX04184,2026-04-07,CUST1101,TANZANIA,Nairobi,Keyboard,Accessories,1,2553.37,Card,George,Individual,COMPLETED
TX01357,2026-01-10,CUST1074,KE,NAIROBI,External SSD,Storage,1,13786.35,Cash,George,Corporate,Completed
TX04525,2026-06-03,CUST0501,KE,Dar es Salaam,Headset,Accessories,2,5069.96,Card,Brian,Individual,Completed
TX04477,2026-02-07,CUST1075,UGANDA,MOMBASA,Keyboard,Accessories,1,2717.96,Bank Transfer,John,Corporate,Completed
TX02727,2026-05-05,CUST0531,Kenya,NAIROBI,Tablet,Hardware,2,39156.8,Bank Transfer,John,SME,Cancelled
TX02108,2026-02-12,CUST0262,KENYA,,External SSD,Storage,4,14025.26,Cash,Amina,SME,Completed
TX04703,2026-01-09,CUST1137,UGANDA,Kisumu,Wireless Mouse,Accessories,2,1937.12,Cash,Irene,Corporate,Completed
TX00397,2026-04-19,CUST0803,KENYA,Dar es Salaam,Laptop Stand,Accessories,2,4898.28,Cash,Faith,Individual,completed
TX02036,2026-02-07,CUST0698,Rwanda,Nairobi,Keyboard,Accessories,1,2349.62,Card,Brian,Corporate,Completed
TX01065,2026-04-27,CUST0197,KE,Dar es Salaam,Office Laptop,Hardware,2,102255.24,M-Pesa,Carol,Corporate,Completed
TX02438,2026-01-12,CUST0728,TANZANIA,Kigali,Laptop Stand,Accessories,1,4696.57,Bank Transfer,Irene,SME,Completed
TX03200,2026-01-05,CUST0876,Rwanda,Kigali,Headset,Accessories,4,5440.75,M-Pesa,George,Individual,Pending
TX02226,2026-05-10,CUST0599,Uganda,Kisumu,Office Laptop,Hardware,2,91641.69,Card,Faith,Corporate,Completed
TX00819,2026-03-08,CUST0995,Rwanda,Arusha,Laptop Stand,Accessories,1,4761.46,Cash,Irene,SME,Completed
TX01813,2026-03-25,CUST0720,Rwanda,Mombasa,Laptop Stand,Accessories,1,4217.92,M-Pesa,Irene,Individual,Completed
TX02639,2026-02-06,CUST0351,UGANDA,Kampala,External SSD,Storage,1,13724.77,Card,Faith,Individual,Completed
TX01553,2026-01-16,CUST0939,KENYA,Kampala,Headset,Accessories,1,5374.29,M-Pesa,George,Individual,Cancelled
TX04575,2026-02-28,CUST1180,Uganda,NAIROBI,Keyboard,Accessories,2,2522.4,Card,Amina,Corporate,Pending
TX00817,2026-06-06,CUST0520,Rwanda,MOMBASA,Laptop Stand,Accessories,5,4793.04,Cash,Carol,Individual,Completed
TX01573,2026-02-12,CUST0029,UGANDA,Kampala,Keyboard,Accessories,2,2688.02,Card,John,Individual,Completed
TX03076,2026-05-08,CUST0538,Rwanda,MOMBASA,USB-C Hub,Accessories,1,5854.22,Cash,John,Individual,Cancelled
TX01801,2026-06-07,CUST0624,Kenya,Mombasa,Keyboard,Accessories,2,2409.35,Cash,John,Corporate,Completed
TX04359,2026-01-13,CUST0953,Rwanda,Mombasa,Laptop Bag,Accessories,1,3403.17,Card,David,SME,Completed
TX00382,2026-02-08,CUST0669,KE,Dar es Salaam,External SSD,Storage,2,15858.76,Bank Transfer,George,Corporate,Completed
TX02978,2026-05-28,CUST1159,Kenya,Nairobi,Keyboard,Accessories,2,2280.9,M-Pesa,Faith,Corporate,Cancelled
TX03956,2026-01-04,CUST0914,Kenya,Kampala,Laptop Bag,Accessories,3,3732.45,Cash,David,Individual,Cancelled
TX03752,2026-01-16,CUST0726,TANZANIA,Kisumu,External SSD,Storage,1,13753.39,M-Pesa,Irene,Corporate,Completed
TX04533,2026-05-01,CUST1069,KE,MOMBASA,Monitor,Hardware,2,21167.0,Cash,Irene,Individual,Completed
TX02389,2026-06-25,CUST0258,UGANDA,Kigali,Headset,Accessories,3,5441.40,Bank Transfer,Irene,Corporate,Cancelled
TX04396,2026-03-04,CUST0291,KE,Dar es Salaam,External SSD,Storage,1,13551.86,Card,Carol,Corporate,Completed
TX01781,2026-01-06,CUST0695,Kenya,Mombasa,Laptop Stand,Accessories,2,4446.79,Card,Amina,SME,Cancelled
TX02821,2026-06-28,CUST0936,UGANDA,Kigali,Monitor,Hardware,2,22076.62,Cash,Faith,Corporate,Pending
TX02516,2026-05-17,CUST0146,TANZANIA,Nairobi,Laptop Stand,Accessories,2,4080.36,Cash,Brian,SME,Cancelled
TX03586,2026-03-14,CUST0926,UGANDA,Mombasa,Headset,Accessories,1,5571.95,M-Pesa,Irene,Corporate,Pending
TX00865,2026-02-02,CUST0955,Kenya,Mombasa,Laptop Stand,Accessories,1,4387.59,Cash,Irene,SME,Cancelled
TX03132,2026-03-02,CUST0012,Kenya,Kampala,Laptop Bag,Accessories,1,3347.75,Card,David,Corporate,Completed
TX04153,2026-01-30,CUST0930,Tanzania,Arusha,Office Laptop,Hardware,5,92909.22,Bank Transfer,Carol,Individual,Completed
TX00555,2026-03-26,CUST0065,UGANDA,Arusha,External SSD,Storage,1,15802.89,Card,Irene,Corporate,Completed
TX01160,2026-05-22,CUST0207,TANZANIA,NAIROBI,USB-C Hub,Accessories,4,6831.59,Bank Transfer,Irene,Individual,Cancelled
TX01214,2026-03-16,CUST0480,TANZANIA,,Headset,Accessories,2,5363.35,Card,Faith,Corporate,Completed
TX02278,2026-06-09,CUST0685,UGANDA,Kampala,USB-C Hub,Accessories,5,6544.67,Bank Transfer,Faith,Corporate,Completed
TX03860,2026-03-20,CUST0041,KENYA,Nairobi,Headset,Accessories,1,5352.51,Card,Faith,Individual,Cancelled
TX00049,2026-06-26,CUST0978,Rwanda,Mombasa,Monitor,Hardware,1,23102.7,M-Pesa,Irene,Corporate,Completed
TX02657,2026-04-14,CUST0333,UGANDA,Kigali,Tablet,Hardware,2,41388.11,Card,Carol,SME,Completed
TX00701,2026-03-21,CUST1108,UGANDA,Kampala,Office Laptop,Hardware,1,99876.28,M-Pesa,George,Individual,Completed
TX00653,2026-06-26,CUST0474,TANZANIA,Arusha,External SSD,Storage,1,14542.02,Cash,Amina,Corporate,Completed
TX03274,2026-01-18,CUST0027,UGANDA,Mombasa,Office Laptop,Hardware,4,97406.85,Bank Transfer,George,Individual,Completed
TX03182,2026-04-21,CUST0883,UGANDA,Kigali,Tablet,Hardware,1,39112.79,Bank Transfer,Irene,Corporate,Completed
TX03430,2026-01-04,CUST0602,Kenya,MOMBASA,Wireless Mouse,Accessories,1,1865.52,Bank Transfer,Brian,Corporate,Completed
TX01456,2026-03-25,CUST0959,Uganda,Mombasa,Wireless Mouse,Accessories,2,1710.99,M-Pesa,Faith,Corporate,Completed
TX04264,2026-04-14,CUST0568,Uganda,NAIROBI,Wireless Mouse,Accessories,1,1820.68,Bank Transfer,Brian,SME,Completed
TX04906,2026-04-24,CUST1166,Rwanda,Kisumu,USB-C Hub,Accessories,2,6258.94,Card,Irene,Corporate,Completed
TX02089,2026-01-28,CUST0558,Uganda,Kisumu,Office Laptop,Hardware,3,102719.08,Bank Transfer,Faith,SME,Cancelled
TX00867,2026-02-21,CUST1112,UGANDA,Kigali,External SSD,Storage,3,13898.29,M-Pesa,Carol,SME,Cancelled
TX01645,2026-03-29,CUST1169,KENYA,Arusha,Wireless Mouse,Accessories,2,1694.69,M-Pesa,David,SME,Completed
TX04559,2026-02-23,CUST0762,Kenya,Kampala,Headset,Accessories,1,5117.41,M-Pesa,Irene,SME,Completed
TX04202,2026-05-03,CUST1126,UGANDA,Kisumu,Wireless Mouse,Accessories,1,1634.28,Bank Transfer,Irene,Corporate,Completed
TX01491,2026-05-01,CUST0607,KE,Arusha,Keyboard,Accessories,1,2636.84,Bank Transfer,Faith,Corporate,Completed
TX03271,2026-05-11,CUST0821,Rwanda,NAIROBI,Wireless Mouse,Accessories,1,1821.79,Card,John,Individual,Completed
TX00730,2026-04-07,CUST0524,Kenya,Mombasa,Tablet,Hardware,2,44069.93,Cash,Faith,SME,Completed
TX02810,2026-03-21,CUST0984,Kenya,Kampala,Wireless Mouse,Accessories,1,1690.57,Card,Irene,Corporate,Completed
TX02553,2026-04-16,CUST0095,Kenya,Arusha,Tablet,Hardware,1,38233.46,M-Pesa,Irene,Corporate,Completed
TX01937,2026-02-25,CUST0173,KE,NAIROBI,Wireless Mouse,Accessories,1,1909.43,M-Pesa,Carol,SME ,Completed
TX01111,2026-02-03,CUST0463,Rwanda,Nairobi,Monitor,Hardware,1,23731.55,Cash,David,Individual,Completed
TX04554,2026-05-02,CUST0162,Tanzania,MOMBASA,Monitor,Hardware,1,23849.63,Card,Amina,Corporate,Pending
TX04546,2026-01-27,CUST0451,Rwanda,Kisumu,Laptop Bag,Accessories,1,3334.11,Cash,Irene,SME ,Pending
TX01186,2026-06-13,CUST0188,Rwanda,Mombasa,Office Laptop,Hardware,2,96947.99,Bank Transfer,Faith,Corporate,Completed
TX02008,2026-02-21,CUST0629,Tanzania,Kigali,Keyboard,Accessories,4,2474.83,Bank Transfer,Brian,SME,Pending
TX00194,2026-05-21,CUST0445,TANZANIA,Dar es Salaam,Monitor,Hardware,3,22098.92,Card,John,SME,Completed
TX01516,2026-04-26,CUST0543,Rwanda,Mombasa,Headset,Accessories,3,5284.59,Bank Transfer,George,SME,Completed
TX00579,2026-06-25,CUST0224,Kenya,Nairobi,Laptop Bag,Accessories,1,3654.27,Bank Transfer,David,Corporate,Pending
TX01430,2026-03-12,CUST0285,KE,Dar es Salaam,Keyboard,Accessories,1,2337.05,Bank Transfer,Faith,Individual,Completed
TX03719,2026-06-11,CUST0345,Tanzania,Arusha,Headset,Accessories,1,5656.74,Bank Transfer,Amina,Corporate,Completed
TX02909,2026-06-17,CUST0197,Kenya,Kisumu,USB-C Hub,Accessories,1,6329.88,Cash,John,SME,Completed
TX01847,2026-06-10,CUST0285,Uganda,Dar es Salaam,External SSD,Storage,2,13775.97,Cash,David,Corporate,Completed
TX00132,2026-02-24,CUST1194,Tanzania,NAIROBI,Laptop Bag,Accessories,3,3581.1,Card,George,Corporate,Completed
TX00179,2026-06-28,CUST1036,Kenya,Nairobi,USB-C Hub,Accessories,1,5965.12,Card,David,Individual,Cancelled
TX04541,2026-01-28,CUST0901,Tanzania,Kisumu,Headset,Accessories,1,5569.61,M-Pesa,Faith,SME,Pending
TX04626,2026-04-18,CUST0950,Kenya,Mombasa,USB-C Hub,Accessories,1,6868.19,,Amina,Corporate,Completed
TX03604,2026-05-27,CUST0939,KENYA,Dar es Salaam,Office Laptop,Hardware,3,86440.68,M-Pesa,George,Individual,Completed
TX02451,2026-01-31,CUST1124,Kenya,Kampala,Office Laptop,Hardware,2,92230.56,Bank Transfer,Faith,Individual,Completed
TX03124,2026-06-01,CUST0690,Tanzania,MOMBASA,Tablet,Hardware,5,41811.95,Bank Transfer,Irene,Individual,Completed
TX02074,2026-06-13,CUST0999,KE,NAIROBI,External SSD,Storage,1,15167.03,Cash,George,Corporate,Cancelled
TX00659,2026-02-27,CUST0479,Kenya,Kisumu,Laptop Stand,Accessories,2,4121.29,Cash,Faith,SME,Completed
TX01897,2026-04-08,CUST0664,Tanzania,Kampala,Keyboard,Accessories,1,2447.96,Card,Amina,SME,Completed
TX04816,2026-01-22,CUST0965,Kenya,MOMBASA,Monitor,Hardware,2,20359.21,M-Pesa,Carol,SME,Completed
TX03215,2026-01-13,CUST0738,UGANDA,Kampala,Monitor,Hardware,2,20009.22,Card,Brian,Individual,Completed
TX00343,2026-01-17,CUST1114,KENYA,Kampala,Headset,Accessories,2,5710.98,Cash,Irene,SME,Completed
TX04039,2026-06-06,CUST0631,UGANDA,Kampala,Laptop Stand,Accessories,1,4743.37,M-Pesa,Faith,SME,Completed
TX00728,2026-04-08,CUST0879,KE,Arusha,USB-C Hub,Accessories,1,6434.58,M-Pesa,Carol,Individual,Completed
TX03915,2026-04-11,CUST0121,TANZANIA,Kisumu,Keyboard,Accessories,3,2349.68,Card,Brian,SME,Completed
TX00977,2026-06-21,CUST0646,KENYA,Arusha,External SSD,Storage,1,13620.4,Cash,John,SME,Completed
TX03734,2026-05-02,CUST0866,UGANDA,Kisumu,Laptop Stand,Accessories,3,4905.69,Bank Transfer,Brian,Individual,Completed
TX03086,2026-01-25,CUST0974,TANZANIA,Kisumu,Monitor,Hardware,1,22882.74,Card,John,SME,Completed
TX01929,2026-02-06,CUST1154,Kenya,MOMBASA,USB-C Hub,Accessories,1,6702.6,Cash,George,Individual,Completed
TX04751,2026-05-10,,KENYA,Kigali,USB-C Hub,Accessories,2,7020.42,Cash,Irene,Individual,Cancelled
TX04813,2026-06-17,CUST1144,KE,Kampala,Office Laptop,Hardware,2,90711.86,Bank Transfer,John,Individual,completed
TX01300,2026-02-23,CUST1135,TANZANIA,Arusha,Laptop Stand,Accessories,2,4926.63,Cash,Amina,Corporate,Completed
TX04986,2026-02-13,CUST0753,UGANDA,Arusha,Keyboard,Accessories,2,2454.4,Bank Transfer,Irene,SME,Pending
TX04675,2026-04-14,CUST0596,KENYA,MOMBASA,External SSD,Storage,1,13715.71,Cash,Carol,SME,Completed
TX00661,2026-04-02,CUST0983,TANZANIA,Kisumu,Tablet,Hardware,1,45434.47,Cash,David,SME,Cancelled
TX01791,2026-03-30,CUST0527,TANZANIA,Kigali,Tablet,Hardware,3,43108.44,M-Pesa,Brian,SME,completed
TX02894,2026-05-09,CUST0339,TANZANIA,MOMBASA,External SSD,Storage,1,15340.15,M-Pesa,George,SME,Completed
TX02882,2026-01-03,CUST0818,Uganda,Mombasa,External SSD,Storage,1,13861.12,Card,Carol,Individual,Completed
TX03085,2026-03-27,CUST0461,KENYA,Arusha,USB-C Hub,Accessories,1,7129.66,Cash,Irene,Individual,Completed
TX03681,2026-05-04,CUST1182,Tanzania,Kisumu,External SSD,Storage,2,15155.62,Bank Transfer,Amina,Individual,Completed
TX03164,2026-05-05,CUST0187,KE,,Keyboard,Accessories,1,2271.78,Card,George,Corporate,Completed
TX02795,2026-04-21,CUST0603,KENYA,Mombasa,Laptop Stand,Accessories,1,4946.47,Card,Brian,SME,Completed
TX04864,2026-06-21,CUST1001,TANZANIA,Nairobi,Keyboard,Accessories,1,2535.89,M-Pesa,John,Corporate,Completed
TX03309,2026-06-18,CUST1181,Tanzania,Mombasa,Wireless Mouse,Accessories,2,1700.47,Card,George,Corporate,Cancelled
TX01279,2026-04-12,CUST0792,Uganda,Kampala,Laptop Stand,Accessories,5,4836.69,Bank Transfer,Carol,SME,Completed
TX01733,2026-06-30,CUST0417,KE,Nairobi,Monitor,Hardware,3,24189.86,Card,Amina,Corporate,Pending
TX01622,2026-05-30,CUST1107,KE,Mombasa,Laptop Stand,Accessories,4,4416.6,Cash,David,Corporate,Completed
TX04735,2026-01-27,CUST0227,UGANDA,Kisumu,Office Laptop,Hardware,2,100319.84,Cash,George,Corporate,Completed
TX04974,2026-01-19,CUST0979,TANZANIA,Mombasa,Laptop Stand,Accessories,2,4880.73,M-Pesa,Faith,Corporate,Completed
TX00068,2026-03-19,CUST0001,Kenya,Kisumu,Laptop Stand,Accessories,4,4814.68,Bank Transfer,Faith,SME ,Completed
TX02906,2026-02-13,CUST0413,Uganda,Nairobi,Headset,Accessories,1,5138.1,Cash,John,Individual,Cancelled
TX02551,2026-02-14,CUST0403,Uganda,Kigali,External SSD,Storage,1,15702.08,Bank Transfer,Amina,Corporate,Pending
TX03922,2026-03-14,CUST0988,UGANDA,Kigali,Wireless Mouse,Accessories,1,1622.57,Card,Faith,Corporate,Pending
TX00821,2026-02-06,CUST0321,TANZANIA,Kigali,Monitor,Hardware,4,21156.75,Card,Brian,SME,Cancelled
TX01227,2026-01-08,CUST0397,UGANDA,Kisumu,Monitor,Hardware,5,23004.9,Cash,Carol,SME,Pending
TX03101,2026-02-16,CUST0258,Uganda,Kisumu,Keyboard,Accessories,1,2673.04,Cash,John,SME,Completed
TX02219,2026-03-16,CUST0674,Tanzania,Arusha,Tablet,Hardware,1,41035.18,M-Pesa,Carol,SME ,Cancelled
TX04672,2026-04-17,CUST0407,KENYA,Nairobi,Keyboard,Accessories,2,2721.78,Cash,George,Corporate,Completed
TX04532,2026-06-07,CUST0572,KE,NAIROBI,Headset,Accessories,2,5391.43,Card,George,Corporate,Completed
TX04341,2026-04-04,CUST0365,UGANDA,Dar es Salaam,USB-C Hub,Accessories,1,6634.71,Card,Brian,Corporate,COMPLETED
TX03470,2026-04-07,CUST0819,TANZANIA,Kisumu,Tablet,Hardware,1,39243.44,Bank Transfer,Irene,SME,Completed
TX01144,2026-02-05,CUST0718,KENYA,Dar es Salaam,Monitor,Hardware,1,22024.58,Bank Transfer,Amina,Individual,Cancelled
TX00398,2026-06-02,CUST0061,KENYA,Dar es Salaam,Monitor,Hardware,4,21750.55,Bank Transfer,,Individual,Pending
TX03011,2026-05-02,CUST0628,UGANDA,Arusha,Keyboard,Accessories,2,2583.99,M-Pesa,Faith,Corporate,Completed
TX04373,2026-05-31,CUST0890,Tanzania,Nairobi,Headset,Accessories,4,4884.92,Cash,George,SME ,Cancelled
TX02856,2026-02-16,CUST0756,Kenya,Kigali,Wireless Mouse,Accessories,3,1804.82,Cash,David,Corporate,Cancelled
TX01399,2026-02-04,CUST0519,UGANDA,Dar es Salaam,Headset,Accessories,1,4824.33,Card,Brian,SME,Completed
TX01660,2026-06-22,CUST0002,KE,Kisumu,Wireless Mouse,Accessories,3,1727.04,Cash,David,Individual,Completed
TX00980,2026-06-12,CUST1170,TANZANIA,Kampala,Tablet,Hardware,2,45257.67,Bank Transfer,Faith,SME,Completed
TX01299,2026-06-06,CUST0937,Tanzania,Kampala,Office Laptop,Hardware,1,91005.01,M-Pesa,Amina,Corporate,Cancelled
TX02340,2026-03-15,CUST0166,Tanzania,Kampala,Wireless Mouse,Accessories,1,1656.23,M-Pesa,Brian,Corporate,Completed
TX00083,2026-04-11,CUST0692,KENYA,Kigali,External SSD,Storage,2,14686.93,Card,John,SME,Cancelled
TX03459,2026-02-21,CUST1066,TANZANIA,NAIROBI,Monitor,Hardware,2,22542.56,M-Pesa,George,SME,Cancelled
TX03460,2026-03-23,CUST0167,Kenya,NAIROBI,USB-C Hub,Accessories,1,6606.08,Bank Transfer,George,SME,Completed
TX03870,2026-06-02,CUST0820,KENYA,Kampala,Laptop Stand,Accessories,1,4525.59,Bank Transfer,Faith,Individual,Completed
TX03913,2026-02-24,CUST0837,UGANDA,MOMBASA,Laptop Bag,Accessories,1,3479.59,M-Pesa,Amina,Individual,Completed
TX03236,2026-01-30,CUST1172,Kenya,Dar es Salaam,External SSD,Storage,1,13984.5,M-Pesa,Carol,Individual,Cancelled
TX00424,2026-06-06,CUST0230,Rwanda,Arusha,USB-C Hub,Accessories,1,6111.38,Card,Brian,Corporate,Pending
TX04411,2026-05-15,CUST1069,KENYA,NAIROBI,Tablet,Hardware,1,42159.92,M-Pesa,George,Corporate,Pending
TX01905,2026-04-03,CUST1192,KE,Kigali,USB-C Hub,Accessories,2,6935.16,Card,George,Corporate,Completed
TX04613,2026-04-06,CUST0540,Rwanda,Kigali,Monitor,Hardware,4,20839.37,Card,David,Corporate,Completed
TX03967,2026-02-17,CUST0004,Tanzania,Kigali,USB-C Hub,Accessories,2,7031.85,Bank Transfer,Carol,Corporate,Completed
TX03822,2026-04-25,CUST0484,Kenya,Arusha,Laptop Bag,Accessories,2,3801.25,Bank Transfer,John,SME,Completed
TX01566,2026-02-20,CUST1166,Kenya,Arusha,USB-C Hub,Accessories,1,6014.52,Card,David,SME ,Completed
TX03476,2026-03-01,CUST0148,Uganda,Nairobi,Headset,Accessories,1,4915.31,Bank Transfer,Carol,SME,Cancelled
TX00840,2026-06-18,CUST0014,TANZANIA,NAIROBI,Laptop Bag,Accessories,1,3264.84,Cash,David,Individual,Cancelled
TX00501,2026-01-05,CUST0638,KENYA,NAIROBI,Office Laptop,Hardware,1,95866.06,Bank Transfer,Faith,SME,Completed
TX00142,2026-02-09,CUST0955,KENYA,Kigali,Office Laptop,Hardware,1,101691.68,Card,John,Corporate,Completed
TX01378,2026-03-04,CUST0912,UGANDA,Mombasa,Keyboard,Accessories,4,2544.26,Cash,John,SME,Completed
TX03828,2026-06-27,CUST0425,Kenya,Kampala,Laptop Stand,Accessories,3,4761.91,Cash,David,Corporate,Completed
TX02216,2026-06-12,CUST0232,Uganda,Kisumu,Keyboard,Accessories,1,2478.3,Cash,George,SME,Pending
TX01139,2026-06-11,CUST0402,Uganda,Kisumu,Tablet,Hardware,1,40473.34,Card,Carol,SME,Completed
TX02631,2026-03-18,CUST0718,KE,Mombasa,Tablet,Hardware,2,42041.62,Cash,Carol,SME,Completed
TX01788,2026-05-28,CUST0109,Rwanda,Dar es Salaam,USB-C Hub,Accessories,2,6901.47,Bank Transfer,David,Individual,completed
TX03067,2026-04-05,CUST0961,Tanzania,Nairobi,Wireless Mouse,Accessories,1,1930.93,Card,Amina,Individual,Cancelled
TX00551,2026-04-21,CUST1171,TANZANIA,NAIROBI,Wireless Mouse,Accessories,2,1660.45,Bank Transfer,Irene,Individual,Completed
TX03214,2026-03-20,CUST0587,Kenya,MOMBASA,Keyboard,Accessories,2,2377.92,Bank Transfer,Irene,Corporate,Completed
TX02020,2026-05-13,CUST0462,KENYA,Arusha,Keyboard,Accessories,2,2644.92,M-Pesa,George,Corporate,Completed
TX00949,2026-05-22,CUST1047,Tanzania,Mombasa,Monitor,Hardware,1,22120.21,Bank Transfer,George,SME,Completed
TX04224,2026-04-20,CUST0443,Uganda,Mombasa,Laptop Stand,Accessories,2,4300.62,Bank Transfer,Carol,SME,Completed
TX00533,2026-06-11,CUST0913,Kenya,Kisumu,Wireless Mouse,Accessories,1,1741.71,Cash,Carol,SME,Completed
TX01830,2026-05-18,CUST0132,Kenya,Kisumu,Wireless Mouse,Accessories,1,1775.08,Cash,Carol,Corporate,Completed
TX03056,2026-02-14,CUST0426,Kenya,Kisumu,Office Laptop,Hardware,1,98186.26,Card,George,SME ,Completed
TX04491,2026-01-31,CUST0847,TANZANIA,Dar es Salaam,Laptop Stand,Accessories,1,4391.49,M-Pesa,Irene,Individual,Completed
TX04007,2026-06-13,CUST0689,TANZANIA,Kampala,Monitor,Hardware,3,21547.2,Card,David,SME,Completed
TX01603,2026-05-17,CUST0389,TANZANIA,Arusha,Laptop Stand,Accessories,3,4294.34,M-Pesa,John,SME,Completed
TX00640,2026-01-16,CUST0329,KENYA,Arusha,Wireless Mouse,Accessories,1,1761.87,Cash,Irene,Individual,Cancelled
TX04911,2026-01-24,CUST0813,UGANDA,Arusha,USB-C Hub,Accessories,2,6915.24,Card,Faith,Corporate,Completed
TX00968,2026-05-21,CUST0533,Tanzania,Kampala,External SSD,Storage,1,14208.84,M-Pesa,Carol,Corporate,completed
TX04307,2026-03-05,CUST0640,Uganda,NAIROBI,Monitor,Hardware,2,20251.91,Card,Brian,SME,Completed
TX02715,2026-01-17,CUST0626,UGANDA,MOMBASA,Wireless Mouse,Accessories,2,1744.89,,George,Individual,Completed
TX01684,2026-04-15,CUST0997,Kenya,Kampala,External SSD,Storage,1,15092.05,Cash,David,Individual,Completed
TX04545,2026-04-20,CUST0009,KE,Kigali,External SSD,Storage,1,15759.76,Cash,Brian,SME,Completed
TX03832,2026-02-16,CUST0350,Rwanda,Kigali,External SSD,Storage,1,14556.73,Bank Transfer,Amina,Corporate,Pending
TX00156,2026-01-12,CUST0492,Kenya,Arusha,Wireless Mouse,Accessories,1,1631.21,Cash,Carol,SME,Completed
TX02570,2026-06-13,CUST0574,Uganda,Kigali,Laptop Bag,Accessories,1,3235.42,Card,George,Individual,Completed
TX02971,2026-05-20,CUST0944,TANZANIA,Nairobi,Keyboard,Accessories,1,2517.98,Cash,George,SME,Completed
TX01090,2026-04-26,CUST0662,Uganda,Kigali,Headset,Accessories,1,5378.22,M-Pesa,Amina,Individual,Completed
TX04698,2026-03-08,CUST0181,Tanzania,Arusha,Laptop Stand,Accessories,1,4489.59,Card,David,SME,Completed
TX04310,2026-04-28,CUST0075,Rwanda,MOMBASA,Headset,Accessories,1,4924.36,Cash,Faith,Corporate,Completed
TX00289,2026-01-09,CUST0817,Tanzania,Kigali,Laptop Bag,Accessories,1,3427.76,M-Pesa,Amina,Individual,Pending
TX00931,2026-03-10,CUST0573,TANZANIA,Nairobi,Monitor,Hardware,1,21733.65,Cash,Irene,SME ,Completed
TX02621,2026-04-05,CUST0524,KE,NAIROBI,Monitor,Hardware,3,20080.9,Bank Transfer,Faith,SME,Completed
TX03001,2026-06-11,CUST0912,Uganda,MOMBASA,Office Laptop,Hardware,4,88822.63,Bank Transfer,Brian,Individual,Completed
TX03493,2026-02-13,CUST0564,Kenya,Nairobi,Monitor,Hardware,3,21312.29,M-Pesa,Brian,Individual,Completed
TX02446,2026-01-26,CUST0066,Tanzania,Dar es Salaam,Tablet,Hardware,1,40920.95,Bank Transfer,Irene,Corporate,Pending
TX03410,2026-03-09,CUST0534,Tanzania,NAIROBI,Laptop Stand,Accessories,2,4170.97,Cash,Irene,Corporate,Completed
TX00943,2026-05-26,CUST1147,UGANDA,Arusha,Office Laptop,Hardware,2,94795.37,M-Pesa,Amina,SME,Pending
TX00850,2026-06-08,CUST0759,Tanzania,Mombasa,Tablet,Hardware,2,42121.4,Cash,Faith,Individual,Completed
TX04739,2026-04-23,CUST0013,TANZANIA,Mombasa,Tablet,Hardware,1,45518.39,M-Pesa,Amina,Corporate,Completed
TX01699,2026-05-27,CUST0269,Rwanda,NAIROBI,Keyboard,Accessories,1,2720.61,M-Pesa,Brian,SME ,Completed
TX04786,2026-04-03,CUST0746,Tanzania,Dar es Salaam,Office Laptop,Hardware,1,86382.88,Bank Transfer,David,Corporate,Completed
TX03065,2026-02-22,CUST1043,UGANDA,Dar es Salaam,USB-C Hub,Accessories,3,6087.38,M-Pesa,John,SME,Pending
TX02589,2026-05-31,CUST1059,Uganda,Nairobi,USB-C Hub,Accessories,3,6928.44,M-Pesa,Irene,Corporate,Pending
TX02911,2026-01-31,CUST0564,KENYA,Nairobi,Office Laptop,Hardware,4,104372.03,M-Pesa,George,SME,Pending
TX04005,2026-02-20,CUST0020,KE,Kampala,Monitor,Hardware,2,21245.71,Cash,Brian,SME,Completed
TX00986,2026-04-19,CUST0902,Tanzania,MOMBASA,Laptop Stand,Accessories,2,4201.95,M-Pesa,Irene,Corporate,Completed
TX03971,2026-01-27,CUST1182,KE,Arusha,Keyboard,Accessories,3,2285.94,Card,Irene,Individual,Completed
TX02285,2026-03-16,CUST1047,Kenya,MOMBASA,Office Laptop,Hardware,5,90098.76,M-Pesa,Faith,Individual,Completed
TX02781,2026-04-23,CUST0665,Kenya,Dar es Salaam,Laptop Stand,Accessories,2,4829.56,Cash,David,SME,Completed
TX04856,2026-05-01,CUST0947,TANZANIA,Arusha,USB-C Hub,Accessories,4,5957.71,M-Pesa,George,Individual,Cancelled
TX00982,2026-02-24,CUST0127,KE,Mombasa,Laptop Stand,Accessories,3,4569.32,Cash,Amina,Corporate,Pending
TX02575,2026-05-09,CUST0219,Rwanda,MOMBASA,Monitor,Hardware,1,21858.46,M-Pesa,Irene,SME,Cancelled
TX04855,2026-06-09,CUST0641,Kenya,MOMBASA,USB-C Hub,Accessories,2,6652.49,Bank Transfer,David,Corporate,Pending
TX03278,2026-04-14,CUST0338,Kenya,Dar es Salaam,Monitor,Hardware,3,23098.79,Cash,Brian,SME ,Completed
TX03048,2026-06-22,CUST0858,KE,Kisumu,Keyboard,Accessories,3,2748.45,Bank Transfer,Carol,Individual,COMPLETED
TX03652,2026-05-23,CUST0997,Tanzania,Arusha,Laptop Bag,Accessories,1,3501.15,Cash,George,Corporate,completed
TX03978,2026-02-13,CUST0039,UGANDA,Dar es Salaam,USB-C Hub,Accessories,4,7020.39,Cash,Amina,Individual,Completed
TX01458,2026-03-18,CUST0959,Kenya,,Monitor,Hardware,1,23667.31,Bank Transfer,David,Corporate,Cancelled
TX01396,2026-02-08,CUST1025,Kenya,Kisumu,USB-C Hub,Accessories,2,7112.27,M-Pesa,John,Corporate,Cancelled
TX00265,2026-04-11,CUST0688,TANZANIA,Arusha,External SSD,Storage,1,14784.53,Bank Transfer,Faith,SME,Completed
TX03849,2026-04-04,CUST0766,UGANDA,Mombasa,Laptop Stand,Accessories,1,4537.56,Cash,Brian,Corporate,Pending
TX00930,2026-03-15,CUST0589,Uganda,Arusha,Office Laptop,Hardware,2,98777.84,Bank Transfer,Carol,SME,Completed
TX03174,2026-05-08,CUST0299,KENYA,MOMBASA,Laptop Stand,Accessories,2,4477.27,Cash,Carol,SME,Completed
TX02179,2026-01-10,CUST0152,KENYA,NAIROBI,Laptop Bag,Accessories,2,3237.27,M-Pesa,George,Corporate,Completed
TX04514,2026-02-08,CUST0633,Uganda,Kisumu,Monitor,Hardware,1,23290.2,Card,Carol,SME,Pending
TX00247,2026-03-22,CUST0563,Tanzania,Kampala,Keyboard,Accessories,1,2262.1,M-Pesa,Carol,SME,Completed
TX03718,2026-02-10,CUST0512,TANZANIA,Nairobi,Monitor,Hardware,1,21716.09,Card,Amina,SME,Cancelled
TX01759,2026-04-23,CUST0184,KENYA,Mombasa,Office Laptop,Hardware,3,97029.8,M-Pesa,Brian,Corporate,Completed
TX04944,2026-03-07,CUST0731,Tanzania,,External SSD,Storage,1,14689.39,Card,Brian,Individual,Cancelled
TX04378,2026-03-31,CUST0758,Kenya,Kisumu,External SSD,Storage,1,15773.49,Card,Carol,Individual,Completed
TX00924,2026-02-04,CUST0186,KENYA,Nairobi,Tablet,Hardware,2,43392.59,Bank Transfer,Carol,Individual,Pending
TX02423,2026-01-04,CUST0562,UGANDA,NAIROBI,Headset,Accessories,1,5294.74,Cash,George,SME,Completed
TX00269,2026-05-11,CUST0476,UGANDA,Arusha,Wireless Mouse,Accessories,3,1785.34,Card,Brian,Individual,Completed
TX00670,2026-06-26,,Uganda,Nairobi,USB-C Hub,Accessories,2,6289.38,Card,Irene,Corporate,Pending
TX04513,2026-03-19,CUST0284,Kenya,Nairobi,Tablet,Hardware,1,40862.59,M-Pesa,Amina,Corporate,Completed
TX01911,2026-04-14,CUST0033,KE,Kampala,Office Laptop,Hardware,4,97955.61,M-Pesa,John,Individual,Pending
TX03095,2026-04-22,CUST0202,Kenya,Kisumu,Keyboard,Accessories,5,2501.36,Card,John,Individual,Completed
TX01153,2026-03-19,CUST0568,TANZANIA,Dar es Salaam,Wireless Mouse,Accessories,1,1807.88,M-Pesa,David,Individual,Pending
TX04896,2026-02-14,CUST0988,Rwanda,Kampala,Keyboard,Accessories,4,2365.21,M-Pesa,Brian,Corporate,Completed
TX04036,2026-01-22,CUST0003,Tanzania,Arusha,USB-C Hub,Accessories,2,6022.37,Cash,George,Corporate,Completed
TX04311,2026-06-26,CUST0093,Uganda,Mombasa,Wireless Mouse,Accessories,1,1830.83,Card,David,Individual,Cancelled
TX04013,2026-03-18,CUST0828,UGANDA,Nairobi,Wireless Mouse,Accessories,1,1929.72,Cash,Brian,SME,Completed
TX02245,2026-02-17,CUST0764,Kenya,NAIROBI,External SSD,Storage,2,13610.28,Bank Transfer,George,Corporate,Cancelled
TX03092,2026-05-08,CUST1062,Tanzania,NAIROBI,Laptop Stand,Accessories,1,4646.65,M-Pesa,Faith,Individual,Completed
TX01916,2026-02-18,CUST0230,Tanzania,Nairobi,External SSD,Storage,2,15694.97,Bank Transfer,Faith,Individual,COMPLETED
TX00613,2026-06-03,CUST0092,KENYA,Kigali,Laptop Stand,Accessories,3,4128.4,M-Pesa,Brian,Individual,Completed
TX02485,2026-04-04,CUST0461,Uganda,Dar es Salaam,USB-C Hub,Accessories,2,6889.07,Bank Transfer,Amina,SME,Completed
TX03655,2026-01-30,CUST0797,Tanzania,Kigali,Office Laptop,Hardware,2,101810.54,Bank Transfer,Faith,Individual,Completed
TX01899,2026-03-14,CUST0438,UGANDA,Dar es Salaam,Tablet,Hardware,1,44005.9,Cash,Amina,Corporate,COMPLETED
TX01650,2026-05-01,CUST0724,Uganda,Kampala,Headset,Accessories,4,5305.29,M-Pesa,David,SME,Completed
TX03162,2026-05-16,CUST0320,KENYA,Dar es Salaam,Laptop Stand,Accessories,1,4236.06,Cash,Amina,Individual,Cancelled
TX00259,2026-01-21,CUST1178,Kenya,Dar es Salaam,Tablet,Hardware,5,44469.51,Bank Transfer,David,SME,Completed
TX00848,2026-03-13,CUST0053,Rwanda,Nairobi,Wireless Mouse,Accessories,1,1806.34,Cash,John,SME,Completed
TX04322,2026-05-30,CUST0979,UGANDA,Kampala,Laptop Stand,Accessories,5,4478.05,Bank Transfer,Irene,SME,Pending
TX01234,2026-04-21,CUST0927,Uganda,NAIROBI,Office Laptop,Hardware,2,87245.16,Cash,David,Individual,Completed
TX01128,2026-06-20,CUST0664,UGANDA,Kisumu,Office Laptop,Hardware,3,90558.44,Bank Transfer,Brian,Corporate,Cancelled
TX01968,2026-02-17,,Uganda,Arusha,Keyboard,Accessories,4,2446.13,Cash,Brian,Corporate,Completed
TX00559,2026-02-27,CUST0297,KENYA,Kigali,Laptop Stand,Accessories,1,4674.62,Card,Carol,Individual,Completed
TX04042,2026-05-18,CUST1196,UGANDA,Kigali,Tablet,Hardware,1,39049.99,Cash,John,Corporate,Cancelled
TX00485,2026-05-26,CUST0733,KE,Kampala,Headset,Accessories,2,5335.01,Bank Transfer,David,SME,Completed
TX02212,2026-01-03,CUST0840,Tanzania,NAIROBI,Wireless Mouse,Accessories,1,1826.28,Bank Transfer,David,Individual,Pending
TX01321,2026-03-05,CUST0722,Tanzania,Kampala,Headset,Accessories,2,5551.69,Cash,George,Corporate,Completed
TX03338,2026-02-13,CUST0337,Kenya,Kisumu,External SSD,Storage,1,13500.98,M-Pesa,Brian,Corporate,Pending
TX00008,2026-06-06,CUST0065,Uganda,Kigali,Laptop Stand,Accessories,2,4918.73,M-Pesa,Irene,Individual,Pending
TX04890,2026-04-04,CUST0690,Uganda,MOMBASA,Headset,Accessories,2,5312.23,Bank Transfer,Brian,Corporate,Completed
TX04011,2026-02-05,,KENYA,Nairobi,USB-C Hub,Accessories,2,6720.48,M-Pesa,Irene,Corporate,Completed
TX01451,2026-06-11,CUST0009,UGANDA,NAIROBI,Laptop Bag,Accessories,2,3405.0,Card,David,Individual,Completed
TX01202,2026-03-01,CUST0605,Tanzania,Nairobi,Keyboard,Accessories,1,2402.72,Bank Transfer,Carol,SME,Cancelled
TX01815,2026-03-01,CUST1055,Tanzania,Mombasa,Tablet,Hardware,1,44332.2,M-Pesa,David,Corporate,Pending
TX00774,2026-02-06,CUST1031,TANZANIA,Kigali,Wireless Mouse,Accessories,1,1751.96,Bank Transfer,John,Corporate,Completed
TX01012,2026-03-09,CUST0265,Tanzania,Kisumu,Laptop Stand,Accessories,1,4761.54,M-Pesa,George,Corporate,completed
TX02918,2026-01-13,CUST0774,Uganda,NAIROBI,Wireless Mouse,Accessories,4,1624.57,M-Pesa,Irene,Individual,Cancelled
TX02529,2026-01-19,CUST0548,Uganda,Dar es Salaam,Monitor,Hardware,3,20529.65,Cash,Amina,Individual,Completed
TX01992,2026-03-06,CUST0981,Kenya,Arusha,Tablet,Hardware,2,43047.81,M-Pesa,David,Individual,Completed
TX01278,2026-01-11,CUST1023,TANZANIA,Kampala,Headset,Accessories,4,5374.49,Cash,George,SME,Pending
TX01784,2026-06-26,CUST0822,UGANDA,Mombasa,Keyboard,Accessories,5,2414.42,Bank Transfer,Amina,Corporate,Completed
TX04846,2026-04-03,CUST0353,Rwanda,NAIROBI,Wireless Mouse,Accessories,5,1712.7,Bank Transfer,Brian,Individual,Completed
TX00447,2026-03-23,CUST0201,KENYA,Kisumu,Laptop Bag,Accessories,2,3808.29,Bank Transfer,David,SME,Pending
TX00881,2026-01-15,CUST0411,KE,Kampala,Keyboard,Accessories,1,2577.0,,Amina,Individual,Completed
TX04534,2026-05-19,CUST0834,KENYA,Dar es Salaam,Office Laptop,Hardware,1,103584.13,Bank Transfer,David,SME ,Completed
TX00782,2026-02-02,CUST0709,Kenya,MOMBASA,External SSD,Storage,2,14525.77,M-Pesa,George,Individual,Cancelled
TX01750,2026-06-06,CUST0580,Uganda,Kampala,Keyboard,Accessories,1,2343.46,M-Pesa,Amina,SME,Pending
TX03510,2026-03-08,CUST0500,Kenya,Kigali,Monitor,Hardware,2,21375.0,Cash,Amina,SME,Completed
TX02689,2026-05-19,CUST0127,Tanzania,Nairobi,Keyboard,Accessories,5,2486.24,M-Pesa,Irene,SME ,Completed
TX04961,2026-01-04,CUST0394,TANZANIA,Kampala,USB-C Hub,Accessories,1,7063.03,M-Pesa,George,Individual,Cancelled
TX04393,2026-06-18,CUST0412,UGANDA,Dar es Salaam,Monitor,Hardware,2,20716.43,,John,Individual,Completed
TX00884,2026-02-21,CUST1080,TANZANIA,Kisumu,Laptop Stand,Accessories,4,4417.24,Cash,David,Corporate,Pending
TX02526,2026-01-18,CUST0398,TANZANIA,Dar es Salaam,External SSD,Storage,2,15799.67,Bank Transfer,Brian,Individual,Completed
TX01092,2026-01-14,CUST0874,Tanzania,Arusha,Laptop Stand,Accessories,1,4149.96,Card,David,SME,Completed
TX03044,2026-06-02,CUST0861,UGANDA,Mombasa,Monitor,Hardware,2,21975.87,Bank Transfer,John,Individual,Pending
TX00532,2026-06-18,CUST0650,KENYA,Nairobi,Office Laptop,Hardware,4,97826.54,M-Pesa,Irene,Individual,Completed
TX04126,2026-05-14,CUST0781,Kenya,Dar es Salaam,Headset,Accessories,1,5696.19,M-Pesa,John,SME ,Completed
TX03444,2026-06-06,CUST0072,KE,Kisumu,Wireless Mouse,Accessories,1,1868.63,Bank Transfer,Brian,Corporate,Completed
TX04424,2026-06-17,CUST0291,Tanzania,Kampala,Laptop Stand,Accessories,3,4742.6,Cash,Faith,Corporate,Pending
TX02291,2026-01-13,CUST0791,UGANDA,NAIROBI,External SSD,Storage,1,15021.64,,George,SME ,Completed
TX01728,2026-02-18,CUST1001,TANZANIA,MOMBASA,Laptop Bag,Accessories,3,3247.44,M-Pesa,George,Individual,Completed
TX00611,2026-01-18,CUST0496,Rwanda,Nairobi,Laptop Stand,Accessories,2,4846.03,Cash,Faith,Individual,Completed
TX00571,2026-04-15,CUST1039,Tanzania,Arusha,Keyboard,Accessories,1,2253.41,M-Pesa,David,Corporate,Completed
TX04820,2026-06-02,CUST0235,UGANDA,Mombasa,Tablet,Hardware,1,43652.62,Card,George,Individual,Completed
TX03140,2026-05-07,CUST0225,Tanzania,Arusha,External SSD,Storage,1,13888.87,Card,Irene,SME,Completed
TX00344,2026-01-11,CUST0456,UGANDA,Mombasa,Office Laptop,Hardware,2,100345.12,Cash,David,Corporate,Pending
TX03350,2026-06-22,CUST0840,Kenya,Dar es Salaam,Laptop Stand,Accessories,2,4874.64,Bank Transfer,George,Individual,Pending
TX04904,2026-04-24,CUST1138,UGANDA,NAIROBI,Keyboard,Accessories,1,2669.79,Bank Transfer,Amina,Individual,Completed
TX00435,2026-01-26,CUST0876,Uganda,Kampala,Wireless Mouse,Accessories,2,1719.72,Cash,Carol,SME,Completed
TX01904,2026-01-25,CUST0949,TANZANIA,NAIROBI,USB-C Hub,Accessories,1,7119.1,M-Pesa,Irene,Individual,Completed
TX03936,2026-04-11,CUST0290,UGANDA,Kigali,Laptop Stand,Accessories,1,4209.93,Cash,Amina,SME,Pending
TX02464,2026-03-27,CUST0957,Rwanda,Arusha,Headset,Accessories,1,4879.95,Bank Transfer,Amina,Corporate,Completed
TX02070,2026-05-06,CUST0324,KENYA,Arusha,Headset,Accessories,2,5035.28,Bank Transfer,John,Corporate,Completed
TX01538,2026-05-04,,KENYA,Kigali,Laptop Stand,Accessories,4,4331.65,Cash,Amina,Individual,Cancelled
TX02329,2026-01-18,CUST0125,Rwanda,NAIROBI,Monitor,Hardware,5,20305.49,Card,David,SME,Completed
TX02424,2026-01-24,CUST0046,Kenya,,Tablet,Hardware,1,38673.08,M-Pesa,John,Corporate,Pending
TX01518,2026-01-17,CUST0721,Rwanda,Mombasa,Office Laptop,Hardware,1,87405.44,M-Pesa,George,Individual,Completed
TX00966,2026-03-06,CUST0560,Tanzania,Kampala,Office Laptop,Hardware,2,91936.25,M-Pesa,Brian,SME ,Pending
TX04478,2026-06-29,CUST0858,KE,Kampala,Monitor,Hardware,5,20144.74,Card,David,Corporate,Pending
TX00529,2026-01-26,CUST1078,KENYA,Kigali,USB-C Hub,Accessories,2,6877.02,M-Pesa,Carol,Individual,Completed
TX00177,2026-06-14,CUST0156,TANZANIA,Kisumu,Monitor,Hardware,1,22464.37,Bank Transfer,Irene,SME,Completed
TX03607,2026-04-09,CUST0934,TANZANIA,Kigali,Wireless Mouse,Accessories,1,1942.72,Bank Transfer,Amina,SME,COMPLETED
TX04579,2026-02-23,CUST0007,Rwanda,Kisumu,USB-C Hub,Accessories,5,5994.7,Cash,Carol,Corporate,completed
TX04369,2026-03-09,CUST0193,KENYA,Mombasa,Wireless Mouse,Accessories,1,1707.66,Bank Transfer,George,Corporate,completed
TX00573,2026-03-24,CUST0173,Uganda,MOMBASA,USB-C Hub,Accessories,1,6173.1,M-Pesa,Irene,Corporate,COMPLETED
TX02599,2026-03-01,CUST0739,Rwanda,Nairobi,External SSD,Storage,2,15110.26,M-Pesa,Faith,SME,Cancelled
TX03633,2026-02-13,CUST0090,Uganda,NAIROBI,Laptop Stand,Accessories,4,4932.23,M-Pesa,John,Individual,Pending
TX02686,2026-06-18,CUST0960,TANZANIA,Kigali,External SSD,Storage,3,15307.88,Card,Faith,Corporate,Pending
TX03581,2026-01-25,CUST0837,KE,NAIROBI,Laptop Stand,Accessories,3,4756.33,Card,Irene,SME,Completed
TX03934,2026-02-03,CUST0158,Kenya,Arusha,Laptop Bag,Accessories,5,3773.37,Bank Transfer,Carol,Individual,Completed
TX02209,2026-01-13,CUST0624,Kenya,Kigali,Laptop Bag,Accessories,1,3605.96,Cash,Brian,Corporate,Completed
TX02652,2026-03-07,CUST0287,Uganda,Kampala,Office Laptop,Hardware,1,102023.79,Cash,Carol,Corporate,Cancelled
TX02852,2026-06-12,CUST0265,Rwanda,MOMBASA,External SSD,Storage,1,14457.86,Cash,Brian,Individual,Completed
TX00384,2026-04-10,CUST0508,Tanzania,Kigali,Tablet,Hardware,1,43445.27,Card,Faith,Individual,Completed
TX00853,2026-05-24,CUST0668,Kenya,NAIROBI,Office Laptop,Hardware,1,99087.6,M-Pesa,Carol,Individual,Completed
TX01881,2026-04-18,CUST0846,Tanzania,NAIROBI,Laptop Stand,Accessories,1,4335.11,M-Pesa,John,Corporate,COMPLETED
TX00371,2026-03-06,CUST0963,Rwanda,Dar es Salaam,Keyboard,Accessories,1,2632.36,Card,Irene,SME,Completed
TX04759,2026-05-07,CUST0778,Uganda,Dar es Salaam,Monitor,Hardware,2,20090.51,Cash,George,SME,Pending
TX04395,2026-03-03,CUST0786,KE,Dar es Salaam,Monitor,Hardware,1,23408.45,Bank Transfer,Irene,SME,COMPLETED
TX01106,2026-03-28,CUST0588,Tanzania,Nairobi,Monitor,Hardware,1,21217.15,M-Pesa,Brian,Individual,Pending
TX02659,2026-03-14,CUST1200,UGANDA,Arusha,USB-C Hub,Accessories,4,6653.4,Card,David,SME ,Completed
TX04083,2026-01-23,CUST0488,Kenya,Kampala,Keyboard,Accessories,2,2597.71,Card,Irene,SME,COMPLETED
TX01337,2026-06-30,CUST1128,Rwanda,Kisumu,Keyboard,Accessories,1,2604.95,Cash,Faith,Individual,Completed
TX02190,2026-03-23,CUST0992,Kenya,Nairobi,Keyboard,Accessories,4,2298.23,M-Pesa,David,Individual,Completed
TX04669,2026-04-04,CUST0452,UGANDA,Nairobi,Office Laptop,Hardware,1,90657.91,Card,Brian,SME,Completed
TX03627,2026-03-11,CUST0641,Uganda,Mombasa,Monitor,Hardware,1,22535.7,Card,George,Corporate,Cancelled
TX04819,2026-04-24,CUST0983,KE,MOMBASA,Keyboard,Accessories,5,2434.43,Card,Brian,Individual,Completed
TX03035,2026-03-30,CUST1083,Tanzania,NAIROBI,Office Laptop,Hardware,4,89967.72,,George,Individual,Completed
TX04927,2026-01-09,CUST0228,Kenya,NAIROBI,Headset,Accessories,2,5240.63,Cash,Irene,Individual,Completed
TX01172,2026-03-01,CUST0725,Tanzania,,Wireless Mouse,Accessories,2,1764.6,Cash,John,SME,Completed
TX03962,2026-02-08,CUST0998,KE,Mombasa,Monitor,Hardware,1,22278.07,Cash,John,SME,Completed
TX03091,2026-06-23,CUST1174,KENYA,Dar es Salaam,Laptop Bag,Accessories,3,3542.1,M-Pesa,Carol,Individual,Cancelled
TX01423,2026-02-01,CUST1180,TANZANIA,Kigali,Wireless Mouse,Accessories,2,1671.34,Card,Irene,Individual,Completed
TX02419,2026-05-20,CUST0595,KE,MOMBASA,Office Laptop,Hardware,2,90855.98,Bank Transfer,Carol,SME,Cancelled
TX03152,2026-03-23,CUST0398,Tanzania,Arusha,Headset,Accessories,1,5303.13,Card,Carol,SME,Completed
TX04223,2026-06-07,CUST0159,KENYA,Mombasa,Wireless Mouse,Accessories,2,1938.69,Cash,George,SME,Cancelled
TX01465,2026-03-12,CUST0865,Tanzania,Mombasa,Office Laptop,Hardware,2,85607.39,Cash,John,Corporate,Completed
TX00875,2026-01-25,CUST1035,TANZANIA,MOMBASA,Wireless Mouse,Accessories,5,1675.33,Cash,Amina,SME,Completed
TX02298,2026-05-14,CUST0598,Kenya,Kisumu,External SSD,Storage,2,14021.14,Cash,,Corporate,Cancelled
TX04586,2026-01-16,CUST0340,TANZANIA,Kigali,External SSD,Storage,1,13920.91,Card,Brian,Individual,Completed
TX04412,2026-03-01,CUST0486,KENYA,MOMBASA,Tablet,Hardware,1,41401.56,,Brian,SME ,Pending
TX01252,2026-01-27,CUST0258,Uganda,NAIROBI,Monitor,Hardware,5,21006.2,Card,John,Individual,Completed
TX02961,2026-01-21,CUST0592,KE,Dar es Salaam,Wireless Mouse,Accessories,1,1655.92,Bank Transfer,George,Corporate,Completed
TX00841,2026-02-20,CUST0426,Uganda,MOMBASA,External SSD,Storage,1,13377.24,M-Pesa,Faith,Corporate,Cancelled
TX03183,2026-06-15,CUST0204,UGANDA,Mombasa,Keyboard,Accessories,1,2610.48,M-Pesa,George,Corporate,Completed
TX00582,2026-01-13,CUST0546,Rwanda,MOMBASA,Wireless Mouse,Accessories,2,1761.52,Card,Irene,SME,Completed
TX00205,2026-02-24,CUST0657,Tanzania,Kigali,Office Laptop,Hardware,1,93280.08,Cash,David,Corporate,Completed
TX01642,2026-06-11,CUST0692,KENYA,Kampala,Office Laptop,Hardware,3,97499.52,M-Pesa,Carol,SME,Completed
TX02015,2026-01-15,CUST0509,KE,NAIROBI,Tablet,Hardware,2,45183.17,M-Pesa,Faith,Individual,Completed
TX00906,2026-04-11,CUST1182,Kenya,Nairobi,Laptop Bag,Accessories,5,3611.32,M-Pesa,Amina,Individual,Completed
TX00632,2026-02-26,CUST0352,Kenya,NAIROBI,Laptop Stand,Accessories,1,4461.82,Cash,John,SME,Completed
TX03208,2026-02-04,CUST0908,Rwanda,Arusha,Laptop Stand,Accessories,2,4499.93,Cash,George,SME,Pending
TX01975,2026-06-05,CUST0535,TANZANIA,Kampala,Monitor,Hardware,1,21295.31,Bank Transfer,John,Individual,Completed
TX00163,2026-05-23,CUST0106,Tanzania,NAIROBI,Headset,Accessories,1,5270.24,Bank Transfer,David,Individual,Completed
TX03290,2026-04-17,CUST1054,Rwanda,Dar es Salaam,Monitor,Hardware,2,20367.9,Cash,Irene,SME,Cancelled
TX01040,2026-03-21,CUST0421,Rwanda,MOMBASA,Office Laptop,Hardware,5,101522.76,M-Pesa,David,SME,Cancelled
TX04570,2026-01-10,CUST0983,KENYA,Kampala,USB-C Hub,Accessories,1,6785.56,M-Pesa,David,Corporate,Cancelled
TX00618,2026-05-22,CUST1164,KE,NAIROBI,Keyboard,Accessories,5,2607.56,Card,David,Individual,Completed
TX00876,2026-01-14,CUST0281,Uganda,Nairobi,Wireless Mouse,Accessories,4,1757.9,Bank Transfer,John,Individual,Completed
TX01432,2026-03-11,CUST1058,Kenya,MOMBASA,External SSD,Storage,2,15845.14,M-Pesa,John,Corporate,Pending
TX00548,2026-02-28,CUST1116,KENYA,NAIROBI,USB-C Hub,Accessories,2,7083.67,Bank Transfer,John,Corporate,Completed
TX03455,2026-05-08,CUST0465,UGANDA,Dar es Salaam,External SSD,Storage,2,15768.58,M-Pesa,Carol,Individual,Completed
TX04621,2026-03-27,CUST0361,TANZANIA,NAIROBI,Laptop Bag,Accessories,4,3168.09,Card,John,Individual,Cancelled
TX04292,2026-01-12,CUST0565,Tanzania,Kampala,External SSD,Storage,1,13055.79,M-Pesa,Amina,Individual,Pending
TX02465,2026-05-08,CUST0756,KENYA,MOMBASA,Keyboard,Accessories,1,2671.23,Cash,Amina,Individual,Completed
TX04766,2026-06-12,CUST0680,KENYA,MOMBASA,External SSD,Storage,1,14506.33,Card,David,Corporate,Completed
TX02560,2026-03-08,CUST0965,Tanzania,Kigali,Office Laptop,Hardware,1,96258.22,Cash,George,SME,Completed
TX04148,2026-04-14,CUST1123,TANZANIA,MOMBASA,Wireless Mouse,Accessories,4,1670.04,Cash,Amina,Individual,Completed
TX01862,2026-05-09,CUST0360,TANZANIA,Arusha,Office Laptop,Hardware,2,100111.44,Cash,Carol,Individual,Completed
TX00641,2026-04-20,CUST0655,Kenya,Kisumu,Laptop Stand,Accessories,1,4697.31,Card,John,Corporate,Completed
TX03097,2026-05-09,CUST0042,UGANDA,Arusha,External SSD,Storage,1,13635.68,Card,Carol,Individual,Completed
TX00638,2026-06-03,CUST1037,Rwanda,Kisumu,Laptop Stand,Accessories,1,4204.72,Bank Transfer,Faith,SME ,Cancelled
TX03642,2026-05-31,CUST0044,KENYA,Kisumu,Laptop Stand,Accessories,1,4719.44,Cash,Carol,Corporate,COMPLETED
TX04047,2026-06-22,CUST0437,TANZANIA,Dar es Salaam,USB-C Hub,Accessories,2,6829.3,Bank Transfer,Brian,Individual,Pending
TX03096,2026-04-25,CUST0182,UGANDA,Nairobi,Tablet,Hardware,1,43435.82,Bank Transfer,Faith,SME,Completed
TX02097,2026-03-17,CUST0152,UGANDA,Kisumu,USB-C Hub,Accessories,1,6990.57,Cash,Carol,SME ,Completed
TX02562,2026-03-24,CUST1175,Tanzania,Dar es Salaam,Laptop Stand,Accessories,4,4330.59,Cash,Brian,SME,Pending
TX03269,2026-06-24,CUST0313,Tanzania,NAIROBI,Keyboard,Accessories,1,2499.13,Bank Transfer,John,Individual,Completed
TX03805,2026-05-21,CUST0857,Rwanda,Dar es Salaam,Wireless Mouse,Accessories,5,1736.02,Cash,Irene,Individual,Pending
TX03795,2026-03-19,CUST0018,Uganda,Nairobi,Office Laptop,Hardware,4,95738.79,Cash,Brian,Corporate,Completed
TX00922,2026-03-08,CUST0300,KE,MOMBASA,Laptop Stand,Accessories,1,4669.12,Cash,Brian,Corporate,Pending
TX00547,2026-02-19,CUST0937,Rwanda,Nairobi,Tablet,Hardware,4,44874.19,Cash,Amina,Corporate,Completed
TX03797,2026-05-08,CUST0818,Uganda,Kampala,Monitor,Hardware,1,24141.1,Cash,George,SME,Cancelled
TX01901,2026-06-13,CUST0240,Kenya,MOMBASA,Monitor,Hardware,1,21480.17,Card,Brian,SME,Pending
TX02029,2026-05-05,CUST0577,Uganda,MOMBASA,Wireless Mouse,Accessories,2,1749.59,Card,Amina,SME,Completed
TX02302,2026-03-18,CUST0361,KE,Kigali,USB-C Hub,Accessories,1,6502.67,Card,Faith,Corporate,Pending
TX01886,2026-06-22,,Rwanda,Kigali,Laptop Stand,Accessories,2,4121.23,Bank Transfer,David,SME,Completed
TX01643,2026-01-10,CUST0754,UGANDA,Arusha,Wireless Mouse,Accessories,2,1870.64,Card,Amina,Corporate,completed
TX03634,2026-04-10,CUST0425,Uganda,Kisumu,Tablet,Hardware,1,44704.4,Card,George,Individual,Completed
TX04342,2026-06-07,CUST0082,KENYA,Kigali,Office Laptop,Hardware,1,91587.59,Cash,Faith,SME,COMPLETED
TX02098,2026-05-24,CUST0246,TANZANIA,Kisumu,Tablet,Hardware,1,41585.24,Bank Transfer,John,Corporate,Completed
TX04429,2026-05-07,CUST0545,Kenya,Kampala,Wireless Mouse,Accessories,2,1787.36,Card,Brian,SME ,Completed
TX03689,2026-05-07,CUST0640,KENYA,Arusha,External SSD,Storage,2,15148.81,Card,Faith,Individual,Pending
TX04569,2026-04-14,CUST0727,KE,Dar es Salaam,Monitor,Hardware,1,23361.29,Bank Transfer,Amina,Corporate,Completed
TX04495,2026-02-06,CUST1002,Rwanda,Mombasa,USB-C Hub,Accessories,2,6272.49,Card,Carol,Corporate,Pending
TX00837,2026-06-25,CUST0540,UGANDA,Arusha,Monitor,Hardware,2,20582.67,Bank Transfer,Amina,Corporate,Completed
TX00602,2026-04-19,CUST0185,Kenya,MOMBASA,Headset,Accessories,1,5688.40,M-Pesa,Faith,SME,Completed
TX02185,2026-04-18,CUST1118,KE,Kigali,Tablet,Hardware,4,39484.51,Bank Transfer,David,SME,Completed
TX04479,2026-04-12,CUST0376,KENYA,Nairobi,Tablet,Hardware,1,39336.11,M-Pesa,Faith,SME,Completed
TX04336,2026-01-28,CUST0505,Uganda,Kigali,Wireless Mouse,Accessories,3,1794.56,M-Pesa,Amina,SME,Completed
TX04379,2026-05-21,CUST0484,KE,NAIROBI,Monitor,Hardware,4,20235.26,Bank Transfer,John,SME,Completed
TX01583,2026-04-20,CUST0967,Kenya,Nairobi,USB-C Hub,Accessories,2,6841.68,Card,David,Individual,Completed
TX04338,2026-03-06,CUST0670,Rwanda,Mombasa,Laptop Stand,Accessories,1,4581.13,Card,Brian,SME,Cancelled
TX04775,2026-01-05,CUST0909,KE,NAIROBI,Laptop Stand,Accessories,1,4618.65,M-Pesa,David,Individual,Completed
TX02819,2026-05-07,CUST0528,Tanzania,MOMBASA,Office Laptop,Hardware,1,87448.41,Card,Amina,Individual,Cancelled
TX01071,2026-05-09,CUST0314,UGANDA,Kisumu,Tablet,Hardware,3,41312.31,Bank Transfer,George,SME,Completed
TX01776,2026-03-10,CUST0433,KENYA,Nairobi,Laptop Bag,Accessories,2,3679.11,Card,Brian,Individual,Completed
TX04887,2026-05-23,CUST0062,KENYA,Arusha,Office Laptop,Hardware,1,85582.5,Bank Transfer,John,Corporate,Completed
TX01284,2026-06-07,CUST0314,Uganda,Dar es Salaam,Office Laptop,Hardware,1,93423.93,Card,Amina,SME,Cancelled
TX03163,2026-03-16,CUST0468,TANZANIA,Mombasa,Tablet,Hardware,1,43088.86,Cash,John,SME,Pending
TX04832,2026-06-29,CUST0991,Rwanda,Arusha,External SSD,Storage,4,15457.48,Cash,Faith,SME,Completed
TX01837,2026-02-12,CUST1159,Uganda,Kisumu,Monitor,Hardware,2,20727.03,Cash,Irene,SME,Completed
TX04312,2026-01-31,CUST0378,Rwanda,Mombasa,External SSD,Storage,2,14137.1,Cash,Brian,Corporate,Completed
TX01020,2026-02-02,CUST1189,KE,Mombasa,External SSD,Storage,2,15032.42,M-Pesa,Brian,Individual,Completed
TX03324,2026-06-07,CUST1120,TANZANIA,Arusha,USB-C Hub,Accessories,1,6413.89,Bank Transfer,Irene,Corporate,Cancelled
TX01327,2026-02-28,CUST0871,Tanzania,Kigali,Monitor,Hardware,2,23983.14,Cash,George,Individual,Pending
TX00476,2026-06-19,CUST0022,Kenya,Kigali,USB-C Hub,Accessories,1,6648.16,Card,Carol,SME ,Pending
TX03571,2026-02-20,CUST0520,KE,Dar es Salaam,Headset,Accessories,2,4811.93,Card,George,SME,Completed
TX01652,2026-02-24,CUST0533,Rwanda,Nairobi,Tablet,Hardware,1,43279.71,Card,Amina,Individual,Completed
TX04723,2026-01-20,CUST0427,KE,Mombasa,Wireless Mouse,Accessories,3,1847.59,Card,Brian,Individual,Completed
TX04357,2026-03-05,CUST0455,UGANDA,Kigali,Office Laptop,Hardware,2,102391.09,Cash,Irene,Individual,Cancelled
TX02699,2026-01-27,CUST0165,Uganda,MOMBASA,Headset,Accessories,2,5044.41,Cash,David,Corporate,Completed
TX03500,2026-05-06,CUST1059,UGANDA,Kampala,Monitor,Hardware,1,20745.08,Bank Transfer,Irene,Individual,Completed
TX02672,2026-06-27,CUST0400,Rwanda,MOMBASA,External SSD,Storage,2,14656.65,Card,John,Individual,Completed
TX01374,2026-06-02,CUST0149,TANZANIA,NAIROBI,USB-C Hub,Accessories,2,5913.12,Bank Transfer,George,SME,Pending
TX00740,2026-03-19,CUST0833,KENYA,Mombasa,Wireless Mouse,Accessories,2,1917.16,M-Pesa,Carol,SME,Completed
TX04664,2026-01-17,CUST1067,Uganda,Mombasa,External SSD,Storage,1,15675.94,Cash,David,Individual,Completed
TX02520,2026-01-06,CUST0892,Tanzania,MOMBASA,Headset,Accessories,4,4968.04,Cash,Brian,Individual,Completed
TX00868,2026-04-08,CUST1157,Tanzania,Kigali,USB-C Hub,Accessories,2,7065.27,Bank Transfer,Faith,Individual,Completed
TX01141,2026-01-20,CUST0911,Kenya,Kisumu,Laptop Stand,Accessories,1,4743.58,Bank Transfer,John,Individual,Completed
TX00998,2026-12-31,CUST1095,UGANDA,MOMBASA,Office Laptop,Hardware,1,93215.56,Card,Carol,SME,Pending
TX01338,2026-03-11,CUST0571,UGANDA,Kigali,Keyboard,Accessories,1,2572.9,Cash,,SME,Completed
TX00542,2026-04-29,CUST0265,TANZANIA,Mombasa,Headset,Accessories,1,5580.94,Card,Faith,SME,Completed
TX01100,2026-05-26,CUST0531,KENYA,MOMBASA,Wireless Mouse,Accessories,2,1623.01,Card,Brian,SME,Pending
TX01133,2026-06-24,CUST0624,UGANDA,Dar es Salaam,Office Laptop,Hardware,2,103422.67,M-Pesa,Carol,SME,Completed
TX04931,2026-05-07,CUST0594,UGANDA,NAIROBI,Headset,Accessories,2,4828.42,M-Pesa,Faith,SME ,Pending
TX02808,2026-03-04,CUST1040,TANZANIA,NAIROBI,USB-C Hub,Accessories,2,7146.37,Card,Irene,SME,Pending
TX02259,2026-06-06,CUST1189,KE,NAIROBI,Office Laptop,Hardware,1,93097.46,M-Pesa,John,SME,Completed
TX04111,2026-04-10,CUST0671,KENYA,Nairobi,Monitor,Hardware,1,21598.23,Card,Brian,Individual,Cancelled
TX00060,2026-06-13,CUST0047,Uganda,Kisumu,Laptop Stand,Accessories,1,4882.18,M-Pesa,Amina,SME,Completed
TX02987,2026-06-24,CUST0643,Tanzania,Dar es Salaam,Laptop Stand,Accessories,5,4364.77,Cash,Irene,Corporate,Completed
TX01939,2026-05-18,CUST0501,Kenya,MOMBASA,Laptop Stand,Accessories,1,4435.51,Bank Transfer,Faith,SME ,Completed
TX02665,2026-05-10,CUST0851,UGANDA,Nairobi,Laptop Stand,Accessories,60,95000,Cash,Irene,Individual,Pending
TX02823,2026-05-05,CUST0225,KENYA,Kisumu,Laptop Bag,Accessories,1,3544.84,M-Pesa,Amina,Individual,Completed
TX01079,2026-02-24,CUST1180,KE,Dar es Salaam,Tablet,Hardware,1,42385.58,M-Pesa,David,Corporate,Completed
TX03039,2026-05-02,CUST1052,Rwanda,Kampala,Keyboard,Accessories,2,2707.59,Bank Transfer,David,Corporate,Completed
TX03244,2026-02-13,CUST0608,Kenya,Kampala,Headset,Accessories,3,5323.32,Card,Irene,Individual,Completed
TX02571,2026-02-24,CUST0423,KE,Mombasa,Office Laptop,Hardware,2,85868.97,Cash,Faith,Individual,Cancelled
TX00941,2026-01-19,CUST0980,Uganda,Kampala,External SSD,Storage,3,13846.91,Cash,George,Individual,Completed
TX01081,2026-04-07,CUST1154,Uganda,Arusha,Headset,Accessories,1,4875.58,Bank Transfer,David,SME,Completed
TX00188,2026-03-01,CUST0305,UGANDA,Mombasa,Laptop Bag,Accessories,1,3427.32,Cash,Amina,Corporate,Pending
TX03943,2026-01-03,CUST0013,KENYA,Nairobi,Tablet,Hardware,1,45643.59,Bank Transfer,Faith,Individual,Completed
TX02086,2026-02-23,CUST0419,KE,Nairobi,Laptop Stand,Accessories,1,4632.8,Card,Amina,SME,Completed
TX02250,2026-06-08,CUST0888,Rwanda,Kampala,External SSD,Storage,3,14304.44,M-Pesa,John,Individual,Pending
TX02898,2026-01-09,CUST0730,KE,Dar es Salaam,USB-C Hub,Accessories,2,6896.35,M-Pesa,Faith,Individual,completed
TX04970,2026-02-04,CUST0068,Kenya,Dar es Salaam,Laptop Stand,Accessories,1,4445.91,M-Pesa,Amina,Corporate,Completed
TX02024,2026-02-27,CUST0569,Tanzania,Dar es Salaam,Office Laptop,Hardware,2,96730.18,Bank Transfer,Irene,SME,Pending
TX03738,2026-06-24,CUST0676,KE,Kisumu,USB-C Hub,Accessories,2,6132.41,Card,John,Corporate,Completed
TX01493,2026-04-03,CUST0134,TANZANIA,Kisumu,USB-C Hub,Accessories,1,6600.0,Bank Transfer,George,SME,Completed
TX03735,2026-03-25,CUST0132,TANZANIA,Kampala,Monitor,Hardware,1,22103.39,Cash,Brian,Individual,Completed
TX00227,2026-05-19,CUST0399,TANZANIA,MOMBASA,Laptop Stand,Accessories,1,4398.84,Bank Transfer,Irene,Corporate,Completed
TX03423,2026-01-31,CUST1035,TANZANIA,Arusha,Monitor,Hardware,1,20426.44,Card,Brian,SME,Completed
TX01930,2026-04-20,CUST0724,Tanzania,Arusha,Headset,Accessories,2,5300.18,Cash,Irene,Corporate,Cancelled
TX03169,2026-06-21,CUST0440,KENYA,NAIROBI,USB-C Hub,Accessories,1,7123.6,M-Pesa,Amina,Individual,Cancelled
TX04564,2026-05-18,CUST0813,Uganda,Mombasa,Monitor,Hardware,2,20122.65,M-Pesa,David,SME,Pending
TX01405,2026-01-31,CUST0704,Kenya,NAIROBI,Laptop Stand,Accessories,2,4744.94,M-Pesa,Amina,Individual,Pending
TX02180,2026-05-23,CUST1076,Rwanda,Kisumu,External SSD,Storage,1,15495.3,Bank Transfer,John,Corporate,Cancelled
TX00698,2026-05-29,CUST0438,Rwanda,Dar es Salaam,Keyboard,Accessories,3,2695.42,Bank Transfer,George,SME,Completed
TX01125,2026-01-08,CUST0816,KENYA,NAIROBI,Tablet,Hardware,1,41431.79,Bank Transfer,Carol,SME,Completed
TX02895,2026-06-23,,Kenya,Nairobi,External SSD,Storage,3,13498.51,Cash,Carol,Individual,Completed
TX03867,2026-01-30,CUST0695,Kenya,Nairobi,Office Laptop,Hardware,1,102687.46,Card,Brian,SME,Completed
TX01779,2026-01-13,CUST0116,KENYA,Arusha,Monitor,Hardware,4,22941.35,Card,Faith,SME,Pending
TX04690,2026-03-05,CUST0072,KE,MOMBASA,Keyboard,Accessories,1,2556.64,M-Pesa,Amina,SME,Pending
TX01038,2026-04-18,CUST0821,Rwanda,Kampala,Headset,Accessories,1,5595.0,Card,John,Corporate,Completed
TX04243,2026-01-13,CUST0218,KE,MOMBASA,Wireless Mouse,Accessories,5,1646.51,Bank Transfer,Irene,Corporate,Pending
TX02257,2026-03-17,CUST1074,KE,MOMBASA,Keyboard,Accessories,2,2431.55,Cash,Brian,SME,Completed
TX00314,2026-03-13,CUST0941,TANZANIA,Kigali,Monitor,Hardware,2,21896.53,M-Pesa,Amina,Individual,Completed
TX02282,2026-01-17,CUST1014,Tanzania,Kampala,Laptop Bag,Accessories,1,3731.7,M-Pesa,John,SME ,Completed
TX01417,2026-06-04,CUST0363,UGANDA,Arusha,External SSD,Storage,3,15008.82,Bank Transfer,Brian,Individual,Completed
TX01037,2026-02-26,CUST0619,KENYA,Kisumu,Monitor,Hardware,4,21940.04,Cash,David,Individual,Completed
TX02160,2026-05-26,CUST0864,Rwanda,MOMBASA,USB-C Hub,Accessories,1,6431.07,Card,David,Corporate,Completed
TX04231,2026-05-13,CUST0620,TANZANIA,MOMBASA,Office Laptop,Hardware,1,89718.21,Cash,John,Corporate,Completed
TX01755,2026-01-15,CUST0900,KENYA,Kigali,Monitor,Hardware,2,23008.64,,Amina,SME,Pending
TX04215,2026-05-24,CUST0976,Kenya,Kigali,Tablet,Hardware,2,42627.7,Bank Transfer,Carol,Corporate,Completed
TX04903,2026-02-05,CUST0534,UGANDA,Kisumu,Laptop Stand,Accessories,1,4556.82,M-Pesa,Faith,SME,Completed
TX02790,2026-05-01,CUST0611,Kenya,Kampala,Keyboard,Accessories,5,2462.82,Card,Carol,SME,Cancelled
TX04204,2026-04-20,CUST0274,TANZANIA,Mombasa,Tablet,Hardware,2,45554.74,Card,Carol,SME,Pending
TX03806,2026-03-15,CUST0635,KENYA,Nairobi,External SSD,Storage,2,15311.25,Bank Transfer,David,SME,Completed
TX03553,2026-03-02,CUST0445,Kenya,Arusha,External SSD,Storage,1,14255.2,Cash,David,SME,Completed
TX01507,2026-05-03,CUST1180,Kenya,Kampala,Monitor,Hardware,1,20821.61,Card,Faith,SME ,Cancelled
TX01924,2026-02-21,CUST0574,Kenya,Kigali,External SSD,Storage,2,14495.9,Bank Transfer,Faith,Corporate,Completed
TX00449,2026-03-18,CUST0188,UGANDA,Kampala,External SSD,Storage,1,15809.19,Card,George,Corporate,Completed
TX02523,2026-01-14,CUST0928,Rwanda,MOMBASA,Keyboard,Accessories,1,2261.4,Cash,Irene,Corporate,Completed
TX04216,2026-05-04,CUST0270,Uganda,Mombasa,External SSD,Storage,2,14155.7,Card,Brian,Corporate,Completed
TX01199,2026-12-31,CUST1173,KENYA,Dar es Salaam,External SSD,Storage,1,14986.98,Bank Transfer,John,Corporate,Completed
TX02651,2026-03-02,CUST0788,UGANDA,Mombasa,Headset,Accessories,1,5121.53,Bank Transfer,Faith,SME,Cancelled
TX00362,2026-06-26,CUST0628,KENYA,Kigali,External SSD,Storage,1,15441.88,Bank Transfer,Faith,Individual,Pending
TX02184,2026-04-01,CUST0384,Tanzania,Kampala,Tablet,Hardware,2,40903.62,M-Pesa,Brian,SME,Completed
TX01135,2026-01-17,CUST0133,TANZANIA,MOMBASA,Tablet,Hardware,2,43589.8,Cash,Irene,SME,Completed
TX04016,2026-01-12,CUST1039,KENYA,Arusha,Headset,Accessories,2,4761.32,Cash,Irene,SME,Pending
TX02156,2026-06-26,CUST0460,KENYA,Dar es Salaam,Laptop Stand,Accessories,2,4610.23,M-Pesa,Carol,SME,Completed
TX01831,2026-02-20,CUST1182,Rwanda,Arusha,Laptop Stand,Accessories,4,4906.87,Cash,Amina,Corporate,Completed
TX01054,2026-02-14,CUST0730,KENYA,MOMBASA,Keyboard,Accessories,1,2360.06,Card,Amina,SME,Completed
TX02461,2026-04-24,CUST1015,Tanzania,Nairobi,Office Laptop,Hardware,4,90197.77,Bank Transfer,Faith,Corporate,Completed
TX00023,2026-01-07,CUST0144,KENYA,Mombasa,Office Laptop,Hardware,1,95787.51,Card,John,Individual,Completed
TX02067,2026-01-10,CUST0900,KENYA,Dar es Salaam,External SSD,Storage,4,15576.94,Bank Transfer,Amina,Corporate,Completed
TX01654,2026-01-04,CUST0898,UGANDA,Kisumu,Monitor,Hardware,1,22786.92,M-Pesa,Irene,Individual,Completed
TX04938,2026-04-11,CUST0475,TANZANIA,Nairobi,Monitor,Hardware,3,23809.73,Card,John,SME,Cancelled
TX03472,2026-03-29,CUST0556,Kenya,Kampala,Laptop Bag,Accessories,3,3400.94,Cash,Faith,Corporate,Completed
TX03484,2026-04-28,CUST0754,KENYA,Arusha,Laptop Bag,Accessories,2,3448.31,M-Pesa,Amina,SME,Cancelled
TX04136,2026-05-07,CUST0882,TANZANIA,Kigali,Keyboard,Accessories,1,2407.54,M-Pesa,George,Corporate,Completed
TX02469,2026-05-24,CUST1003,UGANDA,NAIROBI,Monitor,Hardware,2,20818.24,M-Pesa,Amina,Individual,Completed
TX02326,2026-06-16,CUST0068,KE,Nairobi,USB-C Hub,Accessories,1,6760.87,Bank Transfer,George,Individual,Cancelled
TX00461,2026-02-23,CUST0227,UGANDA,Mombasa,External SSD,Storage,1,13241.88,Bank Transfer,Carol,Individual,Completed
TX01068,2026-03-10,CUST0723,Kenya,Kigali,Laptop Bag,Accessories,1,3761.5,Cash,Carol,SME,Completed
TX00088,2026-04-23,CUST0559,Kenya,MOMBASA,Tablet,Hardware,1,41373.67,M-Pesa,Brian,SME,Completed
TX01431,2026-02-19,CUST0722,Rwanda,NAIROBI,Tablet,Hardware,2,37950.18,Card,George,Corporate,Completed
TX03695,2026-06-26,CUST0788,UGANDA,Kisumu,Monitor,Hardware,1,22882.02,Cash,John,SME,Cancelled
TX00283,2026-01-08,CUST0343,Rwanda,Nairobi,Office Laptop,Hardware,2,101256.45,Bank Transfer,John,SME,Pending
TX02484,2026-03-01,CUST0126,UGANDA,Nairobi,External SSD,Storage,1,15118.33,Bank Transfer,Brian,SME,Pending
TX00463,2026-06-26,CUST0058,Uganda,MOMBASA,Wireless Mouse,Accessories,2,1835.87,M-Pesa,David,SME,Completed
TX00213,2026-01-25,CUST1197,UGANDA,NAIROBI,Office Laptop,Hardware,2,87813.48,Cash,David,Individual,Completed
TX02582,2026-06-09,CUST0080,UGANDA,Mombasa,Keyboard,Accessories,1,2716.15,Card,George,Corporate,Pending
TX01369,2026-03-26,CUST1154,Uganda,Nairobi,Headset,Accessories,2,4723.69,Cash,Amina,Corporate,Pending
TX00235,2026-04-05,CUST0088,Uganda,NAIROBI,Wireless Mouse,Accessories,1,1866.71,Cash,Faith,SME,Completed
TX04023,2026-01-15,CUST1070,Tanzania,Mombasa,Monitor,Hardware,1,20738.47,Card,John,Corporate,Completed
TX00598,2026-01-26,CUST0065,Tanzania,Arusha,Laptop Stand,Accessories,1,4446.06,Cash,Brian,Corporate,completed
TX04610,2026-06-13,CUST1113,KENYA,Mombasa,Laptop Bag,Accessories,2,3183.96,Bank Transfer,David,Individual,Pending
TX02251,2026-03-26,CUST0557,Tanzania,Kampala,Laptop Bag,Accessories,3,3640.64,Card,Irene,Individual,Pending
TX04134,2026-06-12,CUST0768,KENYA,NAIROBI,Tablet,Hardware,1,38476.48,Card,John,SME,Cancelled
TX02284,2026-01-29,CUST0315,TANZANIA,Kigali,Monitor,Hardware,2,23055.1,Cash,George,Corporate,Completed
TX00663,2026-02-09,CUST1177,KE,Kigali,Laptop Bag,Accessories,2,3724.41,Bank Transfer,Faith,SME,Completed
TX03612,2026-05-04,CUST1177,TANZANIA,Nairobi,Laptop Bag,Accessories,1,3351.15,Cash,Brian,Individual,Pending
TX02286,2026-05-06,CUST1180,UGANDA,Dar es Salaam,Wireless Mouse,Accessories,1,1821.24,Bank Transfer,Irene,Corporate,Cancelled
TX04794,2026-03-11,CUST0119,Uganda,Kisumu,Keyboard,Accessories,2,2408.83,Bank Transfer,Carol,Individual,Completed
TX04100,2026-06-21,CUST0356,TANZANIA,Kampala,Headset,Accessories,3,5379.88,Cash,John,SME,Completed
TX02586,2026-03-21,CUST0973,Uganda,Dar es Salaam,Keyboard,Accessories,5,2618.38,Card,Carol,SME,Completed
TX03554,2026-03-11,CUST0972,TANZANIA,Dar es Salaam,Headset,Accessories,2,5061.25,Bank Transfer,Carol,SME,Completed
TX00780,2026-04-17,CUST0379,Tanzania,Kampala,Wireless Mouse,Accessories,3,1800.32,Card,Brian,Individual,Completed
TX03807,2026-02-03,CUST0182,KENYA,Kigali,USB-C Hub,Accessories,2,6721.06,Bank Transfer,Brian,SME,Cancelled
TX03498,2026-03-08,CUST0774,KENYA,Kigali,Keyboard,Accessories,2,2418.11,M-Pesa,Brian,SME,Completed
TX03964,2026-03-04,CUST0709,Uganda,Kampala,Wireless Mouse,Accessories,3,1815.26,Bank Transfer,John,SME,Pending
TX03406,2026-01-27,CUST0686,TANZANIA,Mombasa,Laptop Stand,Accessories,1,4842.41,Bank Transfer,David,Individual,Completed
TX03713,2026-03-04,CUST1159,UGANDA,NAIROBI,Monitor,Hardware,3,20921.34,M-Pesa,Amina,Corporate,Cancelled
TX04914,2026-03-14,CUST0908,Tanzania,Dar es Salaam,Keyboard,Accessories,1,2348.22,Cash,John,Corporate,Completed
TX00686,2026-05-10,CUST0369,Tanzania,Kampala,USB-C Hub,Accessories,2,5988.08,M-Pesa,John,Individual,Cancelled
TX03287,2026-01-15,CUST0600,Tanzania,MOMBASA,Office Laptop,Hardware,2,101297.39,Bank Transfer,David,Corporate,Completed
TX02844,2026-01-05,CUST0416,KENYA,Mombasa,Tablet,Hardware,1,44686.97,Cash,David,SME ,Completed
TX04207,2026-01-22,CUST0261,KE,Kisumu,Keyboard,Accessories,1,2322.02,M-Pesa,John,Individual,Completed
TX02172,2026-05-06,CUST1095,Uganda,NAIROBI,Keyboard,Accessories,4,2489.22,Bank Transfer,David,SME,Completed
TX02759,2026-04-25,CUST0579,Rwanda,Arusha,Headset,Accessories,2,4865.51,Bank Transfer,George,SME,Cancelled
TX01851,2026-02-03,CUST0708,Rwanda,NAIROBI,USB-C Hub,Accessories,1,6116.62,Card,George,Individual,Completed
TX00488,2026-05-13,CUST0454,Kenya,Kigali,Laptop Bag,Accessories,2,3377.04,Bank Transfer,George,Individual,Cancelled
TX01689,2026-06-18,CUST1142,Tanzania,Dar es Salaam,USB-C Hub,Accessories,1,6398.61,Card,Carol,Corporate,Completed
TX02231,2026-04-03,CUST1135,TANZANIA,Kigali,Tablet,Hardware,2,43651.49,Cash,Brian,Individual,Pending
TX03383,2026-04-23,CUST1033,KE,Kampala,Laptop Stand,Accessories,1,4169.03,M-Pesa,Brian,Corporate,Completed
TX02321,2026-06-04,CUST0052,TANZANIA,MOMBASA,Laptop Stand,Accessories,1,4503.2,M-Pesa,George,SME,Completed
TX00783,2026-06-30,CUST0764,KE,NAIROBI,Tablet,Hardware,1,38999.4,Card,Irene,SME,COMPLETED
TX00522,2026-01-19,CUST0987,Uganda,Mombasa,Monitor,Hardware,2,23115.28,M-Pesa,Carol,Individual,Cancelled
TX00523,2026-02-12,CUST0858,UGANDA,Kampala,Office Laptop,Hardware,1,93917.64,Cash,Carol,SME,Completed
TX02938,2026-04-19,CUST1055,Rwanda,NAIROBI,Laptop Stand,Accessories,1,4789.36,Card,John,Corporate,Completed
TX04090,2026-03-25,CUST0426,Kenya,MOMBASA,Monitor,Hardware,2,20701.32,Cash,George,SME,Cancelled
TX02399,2026-03-08,CUST0187,Tanzania,Kisumu,Laptop Bag,Accessories,1,3701.91,Cash,Amina,Corporate,Completed
TX02208,2026-03-29,CUST0179,Tanzania,Nairobi,Laptop Bag,Accessories,2,3716.24,M-Pesa,Irene,Individual,Cancelled
TX03602,2026-03-11,CUST0137,Uganda,Kigali,USB-C Hub,Accessories,1,6951.25,Bank Transfer,Irene,SME,Completed
TX04282,2026-06-07,CUST0313,TANZANIA,Dar es Salaam,Monitor,Hardware,1,21366.84,Bank Transfer,Brian,Corporate,Cancelled
TX03868,2026-05-22,CUST0954,TANZANIA,Dar es Salaam,Office Laptop,Hardware,2,96946.79,Cash,David,Individual,Completed
TX02922,2026-05-09,CUST0357,Rwanda,Kisumu,Keyboard,Accessories,1,2487.26,Bank Transfer,Irene,SME,Completed
TX01512,2026-05-07,CUST0904,UGANDA,Mombasa,External SSD,Storage,5,14976.69,Bank Transfer,David,Individual,completed
TX01883,2026-01-17,CUST1077,Tanzania,Nairobi,Tablet,Hardware,2,41916.36,Card,Faith,Corporate,Completed
TX00652,2026-05-10,CUST0472,Uganda,Dar es Salaam,USB-C Hub,Accessories,1,6217.01,Cash,Irene,SME,Completed
TX03160,2026-02-01,CUST0836,Tanzania,Arusha,Monitor,Hardware,1,23317.34,M-Pesa,John,Corporate,Completed
TX03204,2026-02-15,CUST0678,KENYA,Kisumu,Wireless Mouse,Accessories,2,1745.12,Bank Transfer,Irene,SME,Completed
TX00370,2026-03-14,CUST0582,KENYA,Kigali,Headset,Accessories,3,5038.39,Card,David,Individual,Pending
TX02729,2026-02-14,CUST0380,Kenya,MOMBASA,Headset,Accessories,2,4898.52,M-Pesa,Irene,Corporate,Cancelled
TX00119,2026-04-16,CUST0027,TANZANIA,Kisumu,Laptop Stand,Accessories,2,4796.77,M-Pesa,Irene,SME,Cancelled
TX03440,2026-03-19,CUST0986,Uganda,Kampala,USB-C Hub,Accessories,2,6754.21,Cash,Faith,SME,Cancelled
TX04635,2026-05-16,CUST0318,TANZANIA,Kigali,Wireless Mouse,Accessories,1,1961.07,Bank Transfer,Faith,Individual,Completed
TX02217,2026-06-09,CUST0938,Uganda,Kampala,Laptop Bag,Accessories,1,3264.2,Bank Transfer,George,Individual,Completed
TX03668,2026-04-27,CUST0021,Kenya,Arusha,Wireless Mouse,Accessories,1,1763.11,M-Pesa,Faith,Individual,Pending
TX01614,2026-06-12,CUST0014,Kenya,MOMBASA,USB-C Hub,Accessories,1,7019.71,Bank Transfer,George,SME,Completed
TX03018,2026-03-23,CUST0902,KE,Kigali,Headset,Accessories,1,4952.47,Bank Transfer,Amina,SME,Completed
TX00963,2026-02-11,CUST0420,Uganda,NAIROBI,Wireless Mouse,Accessories,2,1681.66,M-Pesa,David,Individual,Completed
TX02511,2026-04-04,CUST0852,Rwanda,Kisumu,Office Laptop,Hardware,1,98965.91,Cash,David,SME,Completed
TX04709,2026-01-13,CUST0851,UGANDA,Kisumu,USB-C Hub,Accessories,2,6446.6,Bank Transfer,Amina,Corporate,Completed
TX02923,2026-01-23,CUST0225,Tanzania,Kampala,Laptop Bag,Accessories,1,3765.47,Bank Transfer,Carol,Individual,Completed
TX03568,2026-06-30,,TANZANIA,Nairobi,Keyboard,Accessories,1,2536.32,Card,Faith,Individual,Cancelled
TX03144,2026-01-05,CUST0662,Tanzania,Kisumu,External SSD,Storage,2,14719.66,Cash,Faith,SME,Completed
TX02416,2026-05-24,CUST0996,TANZANIA,Kigali,Laptop Bag,Accessories,5,3562.83,M-Pesa,Carol,Individual,Cancelled
TX04731,2026-04-25,CUST1173,Tanzania,NAIROBI,Office Laptop,Hardware,2,87638.01,Card,John,Individual,Completed
TX04306,2026-03-21,CUST0074,Tanzania,Arusha,Keyboard,Accessories,1,2578.59,Bank Transfer,Amina,SME,Completed
TX02186,2026-06-14,CUST0727,UGANDA,Kigali,Laptop Stand,Accessories,1,4464.91,Cash,Brian,Corporate,Pending
TX04099,2026-03-23,CUST0050,Kenya,Kisumu,Headset,Accessories,1,5254.53,M-Pesa,Brian,SME,Cancelled
TX02568,2026-06-24,CUST1154,Uganda,Arusha,Office Laptop,Hardware,1,87152.6,Card,Faith,Corporate,Completed
TX02038,2026-03-14,CUST0963,TANZANIA,MOMBASA,Office Laptop,Hardware,1,99079.72,M-Pesa,Carol,Individual,Cancelled
TX04333,2026-03-21,CUST0579,Tanzania,Dar es Salaam,Laptop Bag,Accessories,1,3441.56,Cash,David,Individual,Completed
TX00773,2026-05-12,CUST0100,UGANDA,Arusha,External SSD,Storage,2,15627.38,M-Pesa,Amina,Individual,Completed
TX01285,2026-03-19,CUST0072,KENYA,Arusha,Office Laptop,Hardware,2,102696.48,Card,Irene,SME,Completed
TX04679,2026-05-07,CUST0050,Uganda,Kisumu,Wireless Mouse,Accessories,1,1788.55,Card,Amina,Corporate,Completed
TX04815,2026-03-22,CUST0313,UGANDA,Kigali,Office Laptop,Hardware,1,90922.59,Card,Amina,Individual,Completed
TX02588,2026-05-13,CUST0434,UGANDA,Kigali,Monitor,Hardware,1,21049.24,Bank Transfer,Brian,Individual,Cancelled
TX04651,2026-01-05,CUST0895,KENYA,Kampala,Wireless Mouse,Accessories,2,1743.32,M-Pesa,Irene,Individual,Cancelled
TX01415,2026-01-18,CUST0710,TANZANIA,Arusha,Monitor,Hardware,1,23685.79,Bank Transfer,David,Corporate,Completed
TX01235,2026-01-30,CUST0557,Uganda,Dar es Salaam,Laptop Bag,Accessories,5,3778.7,Cash,Irene,Individual,Completed
TX04965,2026-05-22,CUST0848,Rwanda,Arusha,Office Laptop,Hardware,2,95356.67,Card,Amina,Corporate,Cancelled
TX00436,2026-05-08,CUST0628,Tanzania,Nairobi,Monitor,Hardware,1,21662.67,Bank Transfer,John,SME,Completed
TX01675,2026-03-13,CUST1010,KENYA,Mombasa,Office Laptop,Hardware,3,96373.09,Card,George,Corporate,Completed
TX00366,2026-02-08,CUST0213,KE,Kampala,Keyboard,Accessories,1,2435.47,Card,Faith,Individual,completed
TX04070,2026-01-28,CUST0493,Kenya,Arusha,Laptop Bag,Accessories,1,3830.5,Cash,Brian,Corporate,Pending
TX00232,2026-06-23,CUST0888,UGANDA,Mombasa,Wireless Mouse,Accessories,4,1706.65,M-Pesa,Carol,SME,Completed
TX04339,2026-03-08,CUST0356,TANZANIA,NAIROBI,External SSD,Storage,1,14581.25,M-Pesa,Irene,Corporate,Pending
TX00148,2026-01-17,CUST0700,KE,Nairobi,Headset,Accessories,1,4767.46,Cash,John,Individual,Completed
TX04471,2026-04-08,CUST0696,KENYA,Dar es Salaam,Keyboard,Accessories,1,2487.19,Bank Transfer,Carol,SME ,Completed
TX00408,2026-03-03,CUST0171,TANZANIA,Kisumu,Laptop Bag,Accessories,2,3691.09,M-Pesa,Carol,Individual,Completed
TX02091,2026-04-12,CUST1182,Tanzania,Dar es Salaam,Laptop Bag,Accessories,2,3393.74,Card,Brian,Corporate,Pending
TX00087,2026-01-26,CUST0173,KENYA,Arusha,External SSD,Storage,2,15430.5,Cash,Faith,SME,Completed
TX00845,2026-01-10,CUST0717,Kenya,Kigali,Keyboard,Accessories,2,2644.2,Bank Transfer,Brian,Individual,Pending
TX01032,2026-04-16,CUST0190,UGANDA,Dar es Salaam,External SSD,Storage,2,13652.53,Cash,George,Corporate,Completed
TX03385,2026-02-17,CUST1009,UGANDA,Kampala,Monitor,Hardware,1,20851.37,Card,Faith,Corporate,Cancelled
TX03320,2026-05-25,CUST0202,UGANDA,Kampala,Tablet,Hardware,2,45991.98,Cash,Carol,SME,Pending
TX04677,2026-02-06,CUST0536,Kenya,Mombasa,Keyboard,Accessories,2,2601.06,Card,George,SME,Completed
TX03348,2026-03-21,CUST0643,KENYA,NAIROBI,Laptop Bag,Accessories,2,3215.74,Bank Transfer,John,SME ,Completed
TX02629,2026-06-13,CUST0377,KENYA,MOMBASA,USB-C Hub,Accessories,1,6090.69,Cash,Amina,SME,Cancelled
TX04063,2026-05-20,CUST0166,KENYA,Dar es Salaam,Laptop Stand,Accessories,1,4574.61,Cash,Brian,Individual,Completed
TX00856,2026-03-16,CUST0020,KE,NAIROBI,USB-C Hub,Accessories,1,6944.58,Bank Transfer,George,SME,Pending
TX00079,2026-03-19,CUST0365,Tanzania,Dar es Salaam,Monitor,Hardware,1,21430.08,Card,George,Corporate,Completed
TX02248,2026-04-14,CUST0547,Rwanda,Arusha,Laptop Stand,Accessories,1,4087.74,Card,George,SME,Cancelled
TX04645,2026-06-11,CUST0836,Uganda,MOMBASA,Monitor,Hardware,2,21412.86,Bank Transfer,Faith,Corporate,Pending
TX03787,2026-06-03,CUST1070,KENYA,NAIROBI,Laptop Bag,Accessories,1,3443.35,Card,Irene,SME,Completed
TX03017,2026-01-27,CUST0018,UGANDA,MOMBASA,External SSD,Storage,3,15148.72,Card,Amina,Corporate,Completed
TX03014,2026-01-26,CUST0728,Kenya,Mombasa,External SSD,Storage,1,14619.63,Card,Faith,Individual,Completed
TX02280,2026-02-13,CUST0947,Rwanda,Nairobi,External SSD,Storage,2,14707.2,Cash,David,Corporate,Completed
TX02687,2026-05-28,CUST0341,TANZANIA,Kigali,External SSD,Storage,1,14480.32,M-Pesa,John,Individual,Completed
TX04227,2026-03-02,,Tanzania,Kigali,Laptop Stand,Accessories,3,4183.84,Cash,David,SME,Completed
TX04006,2026-03-17,CUST0635,Kenya,Mombasa,Headset,Accessories,1,5419.98,M-Pesa,Carol,Corporate,Pending
TX03478,2026-02-09,CUST0905,UGANDA,Mombasa,Keyboard,Accessories,3,2726.57,Bank Transfer,Brian,SME,Completed
TX02177,2026-02-26,CUST1029,KE,MOMBASA,Laptop Stand,Accessories,1,4671.65,Card,John,Corporate,Completed
TX00425,2026-05-20,CUST0957,Rwanda,MOMBASA,Laptop Bag,Accessories,2,3197.08,Bank Transfer,Carol,Individual,Completed
TX00393,2026-01-28,CUST0549,TANZANIA,Nairobi,Office Laptop,Hardware,1,100694.66,M-Pesa,Brian,Corporate,Completed
TX04804,2026-04-27,CUST0078,Tanzania,Mombasa,Headset,Accessories,1,5356.97,Bank Transfer,Brian,Individual,Cancelled
TX03537,2026-05-16,CUST0330,UGANDA,Mombasa,Office Laptop,Hardware,3,95961.66,M-Pesa,Brian,SME,Completed
TX00105,2026-03-29,CUST0177,Uganda,Kampala,Keyboard,Accessories,1,2538.82,M-Pesa,Irene,Corporate,Completed
TX03081,2026-06-13,CUST0003,KENYA,Kigali,Headset,Accessories,1,4688.8,Card,Faith,Corporate,Completed
TX02660,2026-02-05,CUST1054,Tanzania,Nairobi,USB-C Hub,Accessories,30,95000,Card,Faith,Individual,Completed
TX03253,2026-05-14,CUST0918,KENYA,MOMBASA,Laptop Stand,Accessories,3,4488.13,Card,Faith,Corporate,Completed
TX02909,2026-06-17,CUST0197,Kenya,Kisumu,USB-C Hub,Accessories,1,6329.88,Cash,John,SME,Completed
TX01949,2026-05-26,CUST0262,Kenya,Kampala,Laptop Stand,Accessories,1,4157.32,Bank Transfer,George,Corporate,Completed
TX01460,2026-04-07,CUST0705,Uganda,Kisumu,Laptop Bag,Accessories,2,3750.6,Cash,Brian,SME,Completed
TX03376,2026-02-15,CUST0410,Tanzania,Mombasa,USB-C Hub,Accessories,1,6468.43,Cash,John,Individual,Completed
TX02903,2026-04-15,CUST0460,Rwanda,Arusha,Monitor,Hardware,1,20698.14,Bank Transfer,John,SME,Completed
TX04374,2026-02-28,CUST0805,Rwanda,Kampala,Office Laptop,Hardware,1,98578.99,Card,David,Individual,Completed
TX04868,2026-02-20,CUST1180,TANZANIA,Kisumu,Laptop Stand,Accessories,1,4343.29,Cash,Carol,Corporate,Cancelled
TX01588,2026-05-23,CUST0051,UGANDA,,Laptop Stand,Accessories,1,4275.34,Bank Transfer,George,Corporate,Completed
TX03790,2026-04-01,CUST0933,Uganda,Arusha,Headset,Accessories,3,5111.33,Cash,Amina,Individual,Completed
TX01732,2026-03-19,CUST0583,UGANDA,NAIROBI,Wireless Mouse,Accessories,1,1695.92,Cash,Brian,Corporate,Pending
TX04843,2026-05-07,CUST0984,Rwanda,Kampala,Laptop Stand,Accessories,3,4104.47,Card,,Corporate,Completed
TX03583,2026-02-17,CUST0566,Tanzania,MOMBASA,Wireless Mouse,Accessories,2,1821.14,Card,Amina,SME,Completed
TX03812,2026-01-22,CUST1144,TANZANIA,Mombasa,Keyboard,Accessories,2,2679.28,Card,George,Corporate,Completed
TX01792,2026-06-15,CUST0216,Uganda,Mombasa,Tablet,Hardware,1,44262.78,M-Pesa,John,SME,Completed
TX02356,2026-01-18,CUST0536,KENYA,Arusha,Tablet,Hardware,2,40161.67,M-Pesa,Carol,SME,Completed
TX01941,2026-06-18,CUST0018,Rwanda,MOMBASA,Keyboard,Accessories,3,2626.26,Bank Transfer,Faith,Individual,Completed
TX00703,2026-02-18,CUST0988,Rwanda,Mombasa,Office Laptop,Hardware,1,96830.58,Cash,John,Corporate,Completed
TX02443,2026-01-13,CUST0565,TANZANIA,Nairobi,Laptop Bag,Accessories,2,3647.85,Bank Transfer,John,SME,Completed
TX04638,2026-04-06,CUST1194,Rwanda,MOMBASA,Keyboard,Accessories,1,2319.1,M-Pesa,Amina,Individual,Completed
TX00497,2026-06-29,CUST0797,KENYA,Dar es Salaam,Laptop Stand,Accessories,1,4240.01,Bank Transfer,Irene,Corporate,Completed
TX00465,2026-05-12,CUST0923,Rwanda,NAIROBI,External SSD,Storage,2,15906.05,M-Pesa,Irene,Corporate,Cancelled
TX02779,2026-04-29,CUST0552,Rwanda,Dar es Salaam,Headset,Accessories,2,4965.96,Cash,Amina,Corporate,Completed
TX04405,2026-01-16,CUST0744,Kenya,NAIROBI,Monitor,Hardware,2,23800.57,Card,John,SME,Pending
TX00173,2026-04-29,CUST0837,KENYA,NAIROBI,External SSD,Storage,1,14795.38,Card,Faith,Individual,Pending
TX04164,2026-03-11,CUST0883,TANZANIA,Kisumu,Keyboard,Accessories,1,2693.51,Cash,Carol,SME,Completed
TX04875,2026-03-27,CUST0317,Kenya,MOMBASA,Headset,Accessories,1,5198.0,M-Pesa,Carol,SME,Cancelled
TX02541,2026-04-04,CUST1121,Rwanda,Arusha,Tablet,Hardware,2,38106.09,Card,Irene,SME,Cancelled
TX04067,2026-03-04,CUST0958,TANZANIA,Mombasa,External SSD,Storage,2,15645.31,Bank Transfer,Amina,SME,Cancelled
TX03059,2026-04-01,CUST0830,UGANDA,Arusha,USB-C Hub,Accessories,1,6980.2,M-Pesa,Brian,Individual,Completed
TX02261,2026-02-19,CUST0179,KENYA,Nairobi,Office Laptop,Hardware,1,100265.73,Cash,Irene,Corporate,Completed
TX02113,2026-03-10,CUST0699,KE,Kigali,USB-C Hub,Accessories,1,6033.33,Bank Transfer,Faith,SME,Cancelled
TX00901,2026-04-24,CUST1189,TANZANIA,MOMBASA,Wireless Mouse,Accessories,2,1946.01,Card,George,Corporate,Completed
TX01447,2026-03-15,CUST0238,KE,Kigali,Tablet,Hardware,1,37938.91,M-Pesa,Irene,SME,Completed
TX04086,2026-06-10,CUST0690,Rwanda,Nairobi,Tablet,Hardware,1,45953.05,M-Pesa,Brian,Individual,Cancelled
TX00742,2026-05-07,CUST0680,UGANDA,Nairobi,Headset,Accessories,2,5183.23,Card,David,Corporate,Completed
TX02294,2026-05-04,CUST0203,KE,MOMBASA,Laptop Stand,Accessories,1,4860.7,Card,George,Individual,Completed
TX02453,2026-06-10,CUST0038,Rwanda,Kigali,External SSD,Storage,2,13052.99,Cash,George,Corporate,Pending
TX02949,2026-04-19,CUST0687,Uganda,Mombasa,USB-C Hub,Accessories,2,6720.08,Bank Transfer,Brian,Corporate,Completed
TX04154,2026-01-02,CUST0569,UGANDA,Mombasa,Office Laptop,Hardware,3,100459.45,M-Pesa,Brian,Corporate,completed
TX01207,2026-02-15,CUST1009,Rwanda,Kampala,Laptop Bag,Accessories,1,3504.46,Card,Brian,Individual,Completed
TX00510,2026-06-25,CUST1063,KENYA,Kigali,External SSD,Storage,1,13130.75,Cash,Brian,Individual,Completed
TX04222,2026-02-12,CUST0196,UGANDA,NAIROBI,Monitor,Hardware,2,23645.33,Card,George,SME,Completed
TX04340,2026-05-14,CUST0364,KE,Arusha,External SSD,Storage,1,15312.25,Card,Amina,SME,Completed
TX04035,2026-01-05,CUST1012,KE,Kampala,Tablet,Hardware,1,41837.97,Card,Faith,Corporate,Completed
TX04140,2026-01-28,CUST1016,UGANDA,Kisumu,Office Laptop,Hardware,1,96496.86,Cash,Irene,Individual,Completed
TX01550,2026-05-23,CUST0534,Kenya,Kampala,Office Laptop,Hardware,2,92139.51,Card,John,SME,Completed
TX00175,2026-06-17,CUST0301,UGANDA,Nairobi,Office Laptop,Hardware,1,101801.74,Bank Transfer,Irene,Corporate,Completed
TX02203,2026-02-06,CUST0303,TANZANIA,Kisumu,External SSD,Storage,1,15278.0,Cash,Faith,Individual,Completed
TX02567,2026-01-31,CUST0575,KENYA,MOMBASA,Office Laptop,Hardware,4,88946.37,M-Pesa,Irene,Individual,Cancelled
TX02771,2026-02-17,CUST0725,UGANDA,Kampala,Laptop Bag,Accessories,1,3708.34,M-Pesa,Brian,SME,Completed
TX02045,2026-04-18,CUST0948,KE,Kampala,Monitor,Hardware,3,22344.32,,David,SME,Completed
TX00768,2026-02-12,CUST0214,Kenya,Nairobi,Tablet,Hardware,1,41663.85,Card,Carol,SME ,Completed
TX04952,2026-05-19,CUST0910,UGANDA,Dar es Salaam,Headset,Accessories,3,5164.55,Bank Transfer,Irene,Individual,Completed
TX03869,2026-01-13,CUST0962,KENYA,Mombasa,External SSD,Storage,2,13069.55,Bank Transfer,David,Corporate,Completed
TX00422,2026-04-11,CUST0204,Rwanda,MOMBASA,Monitor,Hardware,1,24126.54,M-Pesa,David,Individual,Completed
TX00124,2026-05-09,CUST0061,Rwanda,Nairobi,Tablet,Hardware,1,40692.82,Bank Transfer,John,SME,Completed
TX04230,2026-06-13,CUST0429,Rwanda,NAIROBI,Wireless Mouse,Accessories,1,1903.24,Cash,Irene,SME,Pending
TX02857,2026-01-15,CUST0368,Tanzania,NAIROBI,Laptop Stand,Accessories,2,4498.4,Bank Transfer,Irene,Corporate,Completed
TX00820,2026-05-01,CUST0202,TANZANIA,MOMBASA,Laptop Bag,Accessories,1,3535.48,Card,Carol,SME,Completed
TX01404,2026-05-26,CUST0113,Rwanda,Kigali,Laptop Stand,Accessories,1,4906.42,Cash,Irene,Corporate,Completed
TX01383,2026-05-31,CUST0625,KENYA,Kampala,Tablet,Hardware,2,46082.18,Card,John,SME,Completed
TX02149,2026-01-23,CUST0656,Rwanda,MOMBASA,External SSD,Storage,1,14071.62,Cash,David,Corporate,Pending
TX01576,2026-01-09,CUST0228,Uganda,Mombasa,USB-C Hub,Accessories,2,6128.2,M-Pesa,Irene,SME,Completed
TX01639,2026-02-07,CUST0125,Tanzania,Kigali,USB-C Hub,Accessories,1,7065.71,Card,Amina,Individual,Completed
TX01796,2026-03-13,CUST0585,TANZANIA,Kampala,Office Laptop,Hardware,2,86312.88,Bank Transfer,George,SME ,Completed
TX04894,2026-03-02,CUST0248,Uganda,Kampala,USB-C Hub,Accessories,1,6903.14,Cash,Carol,Individual,Pending
TX00400,2026-02-08,CUST0425,KE,Mombasa,Laptop Bag,Accessories,1,3424.91,Card,Faith,SME,Cancelled
TX02311,2026-03-18,CUST1117,Rwanda,Kampala,Headset,Accessories,2,5559.81,Bank Transfer,Irene,Individual,Pending
TX00883,2026-02-27,CUST0253,TANZANIA,Dar es Salaam,Headset,Accessories,2,4952.14,Bank Transfer,David,SME,Completed
TX00070,2026-02-26,CUST0624,Tanzania,Kisumu,Keyboard,Accessories,2,2676.09,Bank Transfer,Irene,Corporate,Completed
TX03002,2026-02-02,CUST0205,KENYA,Dar es Salaam,Keyboard,Accessories,4,2303.47,M-Pesa,Brian,SME,COMPLETED
TX01353,2026-06-21,CUST0531,Rwanda,Mombasa,Keyboard,Accessories,1,2550.1,Cash,David,Individual,Completed
TX04718,2026-05-14,CUST0243,KE,Arusha,External SSD,Storage,1,15496.12,M-Pesa,Brian,Corporate,Completed
TX04625,2026-03-17,CUST0190,UGANDA,Mombasa,Laptop Stand,Accessories,1,4916.56,Bank Transfer,John,Corporate,Completed
TX02131,2026-05-23,CUST0220,TANZANIA,Kampala,Wireless Mouse,Accessories,1,1864.89,Bank Transfer,Carol,Individual,Cancelled
TX00983,2026-02-07,CUST0195,Uganda,Arusha,External SSD,Storage,1,15402.15,Bank Transfer,Amina,Corporate,Completed
TX00457,2026-04-18,CUST0471,Kenya,MOMBASA,Laptop Bag,Accessories,1,3580.59,Cash,David,SME,Pending
TX03656,2026-05-07,CUST1061,Rwanda,Nairobi,Keyboard,Accessories,1,2324.06,Cash,David,Individual,Completed
TX01080,2026-02-19,CUST0467,KE,Nairobi,Laptop Stand,Accessories,4,4949.01,Cash,George,SME,Completed
TX01951,2026-05-07,CUST0617,KE,Kigali,Wireless Mouse,Accessories,2,1874.53,Bank Transfer,Irene,Individual,Completed
TX04386,2026-03-10,CUST1068,KENYA,Kigali,Office Laptop,Hardware,2,96083.71,M-Pesa,Carol,Individual,Pending
TX00690,2026-02-07,CUST0471,TANZANIA,Kisumu,Tablet,Hardware,2,39646.84,Cash,Brian,Individual,Pending
TX02430,2026-05-17,CUST0027,UGANDA,Dar es Salaam,External SSD,Storage,1,15723.06,Cash,Faith,Individual,Completed
TX00642,2026-03-26,CUST0577,TANZANIA,MOMBASA,Headset,Accessories,2,5383.45,Cash,Carol,SME,Cancelled
TX02393,2026-01-06,CUST0494,KENYA,Arusha,USB-C Hub,Accessories,5,7124.6,Cash,Carol,Corporate,Completed
TX01954,2026-05-24,CUST0843,Kenya,Kigali,Monitor,Hardware,1,20774.46,M-Pesa,John,Corporate,Completed
TX03167,2026-03-12,CUST1049,TANZANIA,Kampala,Keyboard,Accessories,2,2649.49,Card,David,SME,Cancelled
TX04059,2026-12-31,CUST0122,Tanzania,Arusha,Headset,Accessories,1,5220.95,Card,Brian,SME,Pending
TX03558,2026-05-23,CUST0578,TANZANIA,Nairobi,Laptop Bag,Accessories,2,3629.95,Bank Transfer,John,Corporate,Completed
TX02711,2026-01-27,CUST0267,UGANDA,Mombasa,Laptop Bag,Accessories,2,3327.48,M-Pesa,David,SME,Completed
TX03457,2026-01-22,CUST0406,TANZANIA,Mombasa,Tablet,Hardware,1,43129.79,Card,Carol,SME,Completed
TX04845,2026-01-24,CUST1191,Kenya,MOMBASA,Headset,Accessories,1,5532.86,Card,Faith,Individual,Cancelled
TX03036,2026-01-07,CUST0999,Tanzania,Arusha,Monitor,Hardware,1,23561.94,Bank Transfer,Amina,Corporate,Completed
TX01885,2026-03-09,CUST0759,TANZANIA,MOMBASA,Wireless Mouse,Accessories,1,1745.94,Card,John,Corporate,Completed
TX03587,2026-01-08,CUST0373,KENYA,Kisumu,USB-C Hub,Accessories,5,6256.05,Card,John,Corporate,Completed
TX00390,2026-04-20,CUST0299,Uganda,Nairobi,Laptop Bag,Accessories,2,3185.01,Cash,Brian,Corporate,Pending
TX02495,2026-03-26,CUST0594,Uganda,Kampala,Laptop Stand,Accessories,5,4825.96,Card,Brian,SME,Completed
TX03802,2026-06-11,CUST0962,TANZANIA,Kisumu,Tablet,Hardware,2,38404.64,Card,Brian,Corporate,Pending
TX02996,2026-04-17,CUST0028,Uganda,Kampala,External SSD,Storage,1,14822.97,M-Pesa,Brian,Individual,Completed
TX00846,2026-05-10,CUST1156,Uganda,Kigali,USB-C Hub,Accessories,1,5866.67,Cash,George,SME,Pending
TX00543,2026-05-02,CUST0123,Rwanda,Dar es Salaam,Laptop Stand,Accessories,2,4737.32,Bank Transfer,Carol,Corporate,Pending
TX00092,2026-01-01,CUST0873,KE,Mombasa,External SSD,Storage,5,13644.51,M-Pesa,George,SME,Cancelled
TX04026,2026-05-30,CUST0664,Tanzania,Arusha,Keyboard,Accessories,1,2341.65,Card,Brian,Individual,Cancelled
TX01980,2026-06-05,CUST0410,UGANDA,Nairobi,Laptop Stand,Accessories,4,4154.22,Card,John,SME,Completed
TX04881,2026-05-14,CUST1063,Uganda,Mombasa,Monitor,Hardware,4,23266.6,M-Pesa,Irene,Corporate,Completed
TX04403,2026-02-01,CUST0638,TANZANIA,Nairobi,Laptop Bag,Accessories,1,3709.29,Card,Irene,Individual,Completed
TX03007,2026-05-26,CUST0320,Kenya,MOMBASA,Tablet,Hardware,1,38591.22,Cash,David,Individual,Cancelled
TX02530,2026-05-10,CUST0479,Rwanda,NAIROBI,Monitor,Hardware,1,23856.34,M-Pesa,Brian,Individual,Completed
TX01677,2026-03-23,CUST0911,Kenya,Kampala,Laptop Stand,Accessories,3,4080.44,Cash,Carol,SME,Pending
TX01049,2026-01-11,CUST0008,UGANDA,Kampala,Laptop Stand,Accessories,1,4834.36,M-Pesa,John,SME,Pending
TX01961,2026-01-12,CUST0091,KENYA,Dar es Salaam,Office Laptop,Hardware,2,94081.1,Cash,David,Individual,Completed
TX02531,2026-03-07,CUST0861,KENYA,Kampala,Office Laptop,Hardware,1,91606.87,M-Pesa,Faith,Individual,Completed
TX02880,2026-04-15,CUST0076,Tanzania,MOMBASA,Keyboard,Accessories,1,2530.37,Bank Transfer,David,Individual,Completed
TX00238,2026-06-04,CUST0937,UGANDA,Dar es Salaam,Tablet,Hardware,2,40411.8,Cash,Faith,Individual,Completed
TX03075,2026-05-01,CUST0073,Kenya,MOMBASA,Tablet,Hardware,1,39834.02,Card,John,Individual,Completed
TX03663,2026-04-05,CUST0901,Kenya,MOMBASA,Laptop Stand,Accessories,4,4873.71,M-Pesa,David,Corporate,COMPLETED
TX01134,2026-04-23,CUST0160,TANZANIA,NAIROBI,Keyboard,Accessories,2,2525.31,M-Pesa,George,Individual,Pending
TX01806,2026-01-30,CUST0815,Kenya,Kisumu,Laptop Bag,Accessories,2,3561.64,Card,Irene,SME,Completed
TX04211,2026-02-01,CUST0605,Rwanda,MOMBASA,Laptop Bag,Accessories,2,3788.03,Bank Transfer,John,Individual,Completed
TX00164,2026-01-06,CUST0223,Tanzania,Kigali,External SSD,Storage,2,15098.78,Cash,Amina,SME,Completed
TX03617,2026-03-26,CUST0400,Kenya,Arusha,Tablet,Hardware,1,39454.78,Cash,Carol,Individual,Completed
TX04787,2026-06-04,CUST0681,Uganda,Kisumu,USB-C Hub,Accessories,3,6617.66,Cash,John,Corporate,Completed
TX03464,2026-04-12,CUST0089,TANZANIA,Arusha,External SSD,Storage,2,14549.95,M-Pesa,John,Corporate,Cancelled
TX03576,2026-04-08,CUST0046,TANZANIA,Kigali,Tablet,Hardware,3,46072.34,Card,Irene,Corporate,Pending
TX03318,2026-03-17,CUST0728,TANZANIA,MOMBASA,Office Laptop,Hardware,45,95000,Card,Amina,SME,Completed
TX03765,2026-05-22,CUST0138,Kenya,Nairobi,Laptop Bag,Accessories,1,3326.68,Card,George,Individual,Completed
TX04076,2026-03-26,CUST0856,KENYA,Arusha,Wireless Mouse,Accessories,1,1708.56,Bank Transfer,Carol,SME,Completed
TX01812,2026-04-29,CUST0611,UGANDA,Arusha,USB-C Hub,Accessories,1,6804.02,Bank Transfer,John,SME,Completed
TX03226,2026-05-03,CUST0101,UGANDA,Arusha,Office Laptop,Hardware,2,100848.35,M-Pesa,Irene,Corporate,Completed
TX03266,2026-02-17,CUST0803,Kenya,Kisumu,Wireless Mouse,Accessories,1,1843.4,M-Pesa,John,Corporate,Pending
TX01429,2026-06-16,CUST1026,Kenya,Kigali,USB-C Hub,Accessories,3,6998.38,Card,George,Corporate,Completed
TX03754,2026-05-23,CUST0777,Rwanda,Kampala,Monitor,Hardware,3,24130.55,M-Pesa,Carol,SME,Completed
TX04263,2026-05-04,,Rwanda,Mombasa,External SSD,Storage,1,15674.85,Card,Amina,SME ,Completed
TX04334,2026-03-07,CUST0786,KE,Mombasa,External SSD,Storage,1,13693.81,Cash,Brian,Individual,Pending
TX04535,2026-03-17,CUST0997,Kenya,Kampala,External SSD,Storage,1,14450.9,Bank Transfer,George,Individual,Completed
TX04726,2026-05-12,CUST0541,Uganda,Kigali,Tablet,Hardware,1,38571.54,Bank Transfer,John,Individual,Completed
TX04391,2026-05-26,CUST0772,Rwanda,Nairobi,Office Laptop,Hardware,5,87231.51,M-Pesa,Irene,SME,Completed
TX01453,2026-05-28,CUST0283,TANZANIA,Mombasa,Monitor,Hardware,1,21273.37,Card,Faith,Corporate,Completed
TX00594,2026-05-08,CUST0982,Kenya,Arusha,USB-C Hub,Accessories,5,7086.82,Bank Transfer,Amina,Corporate,Completed
TX02726,2026-02-28,CUST0817,KENYA,Kisumu,Laptop Bag,Accessories,5,3188.71,Card,Amina,SME,Pending
TX00042,2026-03-27,CUST1093,KE,Kisumu,Headset,Accessories,1,5268.68,Bank Transfer,,SME,Completed
TX00561,2026-06-22,CUST0508,Uganda,Kigali,External SSD,Storage,2,15650.07,Card,Carol,SME,Completed
TX03363,2026-04-26,CUST0416,Uganda,Arusha,Office Laptop,Hardware,1,92416.34,M-Pesa,Carol,SME,Completed
TX03154,2026-03-27,CUST0523,Tanzania,NAIROBI,Tablet,Hardware,1,42463.71,Cash,Faith,Individual,Completed
TX00244,2026-06-25,CUST0740,Rwanda,,Tablet,Hardware,2,44424.37,Card,Irene,Individual,Pending
TX01340,2026-02-11,CUST1097,KE,Kigali,Wireless Mouse,Accessories,1,1950.11,Cash,Carol,Individual,Completed
TX02878,2026-01-10,CUST0241,Rwanda,Kampala,Keyboard,Accessories,1,2279.12,Cash,David,Corporate,Completed
TX04806,2026-04-12,CUST0602,TANZANIA,Dar es Salaam,USB-C Hub,Accessories,1,6842.41,Cash,Faith,SME,Completed
TX03931,2026-06-26,CUST0247,Uganda,MOMBASA,Laptop Bag,Accessories,2,3739.62,Cash,Brian,Corporate,Completed
TX01443,2026-06-07,CUST0992,TANZANIA,Kampala,Office Laptop,Hardware,1,89631.78,Bank Transfer,Irene,Individual,Completed
TX00262,2026-06-20,CUST0709,KE,NAIROBI,USB-C Hub,Accessories,1,6437.21,Bank Transfer,Carol,SME,Completed
TX02861,2026-02-06,CUST1031,TANZANIA,Kigali,Laptop Stand,Accessories,3,4805.64,Cash,Irene,Individual,COMPLETED
TX01690,2026-05-09,CUST0703,UGANDA,Kampala,Monitor,Hardware,1,20052.66,M-Pesa,Irene,Individual,Completed
TX01726,2026-02-16,CUST0428,Rwanda,NAIROBI,Keyboard,Accessories,2,2311.37,M-Pesa,Carol,SME,Completed
TX01204,2026-05-22,CUST0892,Kenya,MOMBASA,Monitor,Hardware,1,22036.57,M-Pesa,Carol,SME,Completed
TX00835,2026-06-14,CUST0192,TANZANIA,Mombasa,Laptop Stand,Accessories,2,4848.16,Card,George,SME,Pending
TX01867,2026-02-01,CUST0747,Tanzania,MOMBASA,Monitor,Hardware,3,21138.5,M-Pesa,Amina,Individual,Completed
TX02497,2026-01-11,CUST0438,Kenya,NAIROBI,Tablet,Hardware,5,38405.02,Cash,Irene,Corporate,Completed
TX03592,2026-04-09,CUST1073,Rwanda,Mombasa,Monitor,Hardware,2,23713.93,Bank Transfer,Irene,SME,Cancelled
TX02011,2026-02-10,CUST0124,Uganda,Kigali,External SSD,Storage,4,13889.40,M-Pesa,George,Corporate,Pending
TX02874,2026-04-14,CUST0289,TANZANIA,Kigali,Monitor,Hardware,1,22973.66,Cash,Faith,Corporate,Completed
TX00341,2026-02-28,CUST0616,Rwanda,Kampala,External SSD,Storage,2,15313.09,,Faith,Individual,Completed
TX03098,2026-01-28,CUST1011,Tanzania,Mombasa,Monitor,Hardware,2,21068.35,Bank Transfer,Carol,Individual,Completed
TX01602,2026-06-27,CUST0515,Tanzania,NAIROBI,Laptop Bag,Accessories,1,3267.16,Bank Transfer,David,SME,Completed
TX02797,2026-05-20,CUST0874,Kenya,NAIROBI,Office Laptop,Hardware,1,87064.88,Card,Faith,Corporate,Completed
TX03114,2026-05-08,CUST0971,Kenya,Kisumu,Wireless Mouse,Accessories,1,1746.92,Bank Transfer,David,SME,Cancelled
TX04771,2026-05-18,CUST0531,KE,Kampala,USB-C Hub,Accessories,1,6866.75,Card,David,Corporate,Pending
TX00481,2026-06-12,CUST0122,KE,Nairobi,Keyboard,Accessories,2,2272.02,Cash,David,Individual,Completed
TX02925,2026-12-31,CUST0143,UGANDA,Kigali,Headset,Accessories,1,5547.35,M-Pesa,Faith,Corporate,Completed
TX03660,2026-02-17,CUST0725,TANZANIA,Dar es Salaam,Wireless Mouse,Accessories,1,1972.24,Card,Amina,Individual,Completed
TX04037,2026-03-13,CUST0603,Rwanda,Kigali,Monitor,Hardware,5,21250.69,Card,,Corporate,Cancelled
TX03516,2026-03-18,CUST0543,KENYA,Kampala,Keyboard,Accessories,4,2554.31,Bank Transfer,Irene,SME,Completed
TX04715,2026-01-02,CUST1164,KE,Kisumu,Monitor,Hardware,1,21195.37,Card,Irene,Individual,Cancelled
TX03159,2026-06-29,CUST0593,KE,,Office Laptop,Hardware,1,96327.38,Cash,George,Individual,Completed
TX00800,2026-02-15,CUST0788,Kenya,Kampala,USB-C Hub,Accessories,2,6568.52,Bank Transfer,George,Corporate,COMPLETED
TX01767,2026-06-18,CUST0230,KENYA,Nairobi,Headset,Accessories,2,5218.45,Cash,Carol,Individual,Cancelled
TX04548,2026-01-29,CUST0235,KENYA,Kisumu,Keyboard,Accessories,1,2548.4,Card,George,SME ,Cancelled
TX02454,2026-03-08,CUST0395,UGANDA,Dar es Salaam,Wireless Mouse,Accessories,1,1955.54,M-Pesa,George,Corporate,Completed
TX02981,2026-05-04,CUST0707,Kenya,Nairobi,Office Laptop,Hardware,1,86169.64,Cash,Brian,Corporate,Pending
TX03948,2026-06-21,CUST1167,TANZANIA,Kigali,Office Laptop,Hardware,2,95549.19,Card,John,Individual,Cancelled
TX04467,2026-01-22,CUST0391,KENYA,Kisumu,Headset,Accessories,1,4786.44,Cash,John,SME,Completed
TX04754,2026-05-27,CUST0280,Tanzania,Kisumu,Keyboard,Accessories,5,2684.45,Bank Transfer,David,SME,Completed
TX03810,2026-04-20,CUST1092,Tanzania,Kigali,USB-C Hub,Accessories,1,5966.29,Cash,Amina,SME,Completed
TX01272,2026-05-27,CUST1183,UGANDA,MOMBASA,Office Laptop,Hardware,1,95875.88,M-Pesa,David,SME,Cancelled
TX03528,2026-05-16,CUST0676,KENYA,MOMBASA,Monitor,Hardware,1,23764.11,M-Pesa,Carol,Individual,Completed
TX04576,2026-02-21,CUST0409,Uganda,Kisumu,Laptop Bag,Accessories,1,3513.49,M-Pesa,Amina,Corporate,Completed
TX03209,2026-03-30,CUST0932,TANZANIA,Mombasa,Laptop Stand,Accessories,3,4916.69,Cash,George,SME,COMPLETED
TX04210,2026-01-20,CUST0892,Rwanda,NAIROBI,Laptop Stand,Accessories,1,4159.26,Bank Transfer,George,Corporate,Pending
TX00348,2026-03-16,CUST0050,Uganda,Nairobi,Keyboard,Accessories,1,2472.77,Bank Transfer,Irene,SME,Pending
TX04017,2026-04-02,CUST1187,TANZANIA,Mombasa,Laptop Stand,Accessories,1,4289.22,Card,Faith,Individual,Cancelled
TX04700,2026-06-22,CUST0475,KENYA,Dar es Salaam,External SSD,Storage,1,15724.86,Cash,Amina,Individual,Pending
TX02563,2026-01-22,CUST0406,UGANDA,Mombasa,Monitor,Hardware,1,22575.56,Cash,George,SME,Completed
TX04665,2026-05-18,CUST0648,Uganda,NAIROBI,Headset,Accessories,1,4836.14,Bank Transfer,Irene,Individual,Completed
TX01424,2026-06-25,CUST0116,Rwanda,Kampala,Laptop Stand,Accessories,1,4667.74,Bank Transfer,David,Individual,Completed
TX00657,2026-03-10,CUST0992,KE,NAIROBI,Headset,Accessories,1,4758.31,Card,Amina,Individual,Completed
TX02103,2026-02-03,CUST1063,TANZANIA,Nairobi,Monitor,Hardware,2,24077.77,Card,George,Corporate,Completed
TX00633,2026-03-16,CUST0057,Rwanda,Kigali,Tablet,Hardware,1,44257.48,Cash,John,SME,Completed
TX04072,2026-04-20,CUST0719,KE,Mombasa,Headset,Accessories,1,5033.48,Card,George,Individual,Cancelled
TX02494,2026-06-10,CUST0153,Tanzania,NAIROBI,USB-C Hub,Accessories,2,6948.67,Cash,John,Corporate,Completed
TX02666,2026-02-10,CUST0039,Rwanda,MOMBASA,Wireless Mouse,Accessories,1,1929.62,M-Pesa,Irene,Individual,Completed
TX03334,2026-05-22,CUST0088,Tanzania,Kigali,Laptop Stand,Accessories,2,4545.9,Bank Transfer,John,Corporate,Pending
TX03793,2026-01-21,CUST0210,TANZANIA,Arusha,Wireless Mouse,Accessories,1,1947.88,Bank Transfer,Carol,Corporate,COMPLETED
TX03426,2026-06-02,CUST0820,TANZANIA,Nairobi,Laptop Bag,Accessories,3,3782.08,Cash,Carol,Corporate,Completed
TX03211,2026-03-26,CUST0565,Rwanda,Kampala,Laptop Bag,Accessories,5,3304.69,M-Pesa,John,Individual,Completed
TX03723,2026-03-31,CUST0177,Kenya,Kigali,Laptop Stand,Accessories,2,4346.74,Bank Transfer,Faith,SME,Completed
TX02501,2026-04-13,CUST0362,Uganda,NAIROBI,Keyboard,Accessories,1,2360.35,Cash,John,Corporate,Completed
TX01466,2026-04-04,CUST0216,Kenya,Nairobi,Tablet,Hardware,2,46176.52,M-Pesa,David,SME,Cancelled
TX03193,2026-04-21,CUST0311,TANZANIA,Dar es Salaam,External SSD,Storage,1,14485.88,Bank Transfer,Carol,Individual,Completed
TX00116,2026-02-28,CUST0128,Tanzania,Arusha,USB-C Hub,Accessories,2,5998.51,Cash,Amina,SME,Cancelled
TX01822,2026-06-29,CUST0385,KENYA,NAIROBI,Monitor,Hardware,2,20157.63,Bank Transfer,Irene,SME,Completed
TX01495,2026-02-01,CUST0039,TANZANIA,NAIROBI,Keyboard,Accessories,2,2354.42,Cash,Carol,Corporate,Pending
TX02402,2026-05-15,CUST0721,Rwanda,Kigali,Keyboard,Accessories,3,2701.42,Cash,George,Corporate,Completed
TX01233,2026-01-15,,Uganda,Nairobi,Office Laptop,Hardware,1,90515.26,M-Pesa,Amina,Individual,Completed
TX02662,2026-06-08,CUST0057,TANZANIA,Mombasa,Wireless Mouse,Accessories,2,1751.52,Card,Faith,Corporate,Completed
TX02818,2026-01-15,CUST1098,KENYA,Kampala,Laptop Stand,Accessories,1,4499.07,Cash,Carol,Corporate,Pending
TX04785,2026-03-20,CUST0460,KE,Kisumu,Keyboard,Accessories,2,2359.96,Card,Amina,Individual,Completed
TX04648,2026-05-04,CUST1123,Kenya,NAIROBI,Laptop Bag,Accessories,1,3387.94,Card,John,SME ,Cancelled
TX01154,2026-03-03,CUST1072,Tanzania,Kisumu,Monitor,Hardware,1,21639.07,Card,Amina,Individual,Completed
TX04443,2026-03-03,CUST0349,Kenya,NAIROBI,Office Laptop,Hardware,1,91625.41,Bank Transfer,George,Individual,Pending
TX00058,2026-03-02,CUST1025,Tanzania,MOMBASA,Keyboard,Accessories,1,2452.6,Bank Transfer,Faith,SME,Completed
TX03517,2026-03-08,CUST0649,KE,Nairobi,Tablet,Hardware,1,44398.3,Card,Carol,Corporate,Completed
TX04360,2026-01-07,CUST0083,KE,Nairobi,Headset,Accessories,1,5035.5,Cash,Amina,SME,Completed
TX00492,2026-02-17,CUST0099,KE,MOMBASA,Headset,Accessories,2,4734.49,Bank Transfer,Carol,Individual,Completed
TX01736,2026-04-21,CUST0590,KE,Kampala,Wireless Mouse,Accessories,2,1893.53,Bank Transfer,Irene,SME,Completed
TX02824,2026-04-20,CUST0590,KE,Kigali,Office Laptop,Hardware,3,90185.53,Card,Faith,Individual,Pending
TX02197,2026-06-05,CUST1084,KENYA,NAIROBI,Laptop Stand,Accessories,1,4268.62,Card,Brian,Corporate,Completed
TX03679,2026-03-14,CUST0754,Tanzania,Kampala,Tablet,Hardware,1,43034.74,Cash,Irene,Corporate,Pending
TX02476,2026-05-16,CUST0353,Tanzania,Mombasa,USB-C Hub,Accessories,1,6853.83,Card,Brian,Corporate,Pending
TX02565,2026-05-06,CUST0758,KENYA,Kampala,Office Laptop,Hardware,2,91038.69,M-Pesa,John,Corporate,Pending
TX03276,2026-03-22,CUST0759,Tanzania,Kisumu,Laptop Bag,Accessories,1,3649.42,Card,John,Individual,Completed
TX03958,2026-01-18,CUST0342,Tanzania,Dar es Salaam,Monitor,Hardware,1,21877.59,Card,,SME ,Completed
TX02609,2026-01-11,CUST0209,Rwanda,Kisumu,Laptop Stand,Accessories,1,4571.76,Bank Transfer,Irene,SME ,Completed
TX03786,2026-05-16,CUST0055,KENYA,NAIROBI,Laptop Bag,Accessories,2,3680.24,Card,Brian,SME,Completed
TX00708,2026-01-24,CUST0016,KENYA,Mombasa,Tablet,Hardware,1,37923.04,Bank Transfer,Amina,Corporate,Completed
TX04352,2026-05-12,CUST0098,KENYA,Mombasa,Keyboard,Accessories,1,2302.13,Card,Faith,Corporate,Completed
TX01094,2026-01-20,CUST0058,Tanzania,MOMBASA,Tablet,Hardware,3,38285.42,M-Pesa,Faith,Corporate,Completed
TX04242,2026-04-13,CUST0240,TANZANIA,NAIROBI,Keyboard,Accessories,1,2444.21,M-Pesa,John,SME,Completed
TX01377,2026-04-15,CUST1166,Kenya,Dar es Salaam,Wireless Mouse,Accessories,1,1896.82,Card,Irene,Corporate,Completed
TX04993,2026-01-17,CUST0250,Uganda,,Wireless Mouse,Accessories,2,1652.91,M-Pesa,John,SME ,Pending
TX00073,2026-05-18,CUST0785,UGANDA,MOMBASA,Headset,Accessories,2,5405.55,Cash,David,Individual,Completed
TX01923,2026-01-08,CUST0191,Kenya,Kampala,External SSD,Storage,1,14830.79,M-Pesa,David,SME,Completed
TX03291,2026-05-02,CUST0266,UGANDA,NAIROBI,Laptop Bag,Accessories,1,3684.2,Cash,Carol,Individual,Completed
TX01765,2026-04-17,CUST0940,TANZANIA,NAIROBI,Keyboard,Accessories,4,2261.9,Bank Transfer,George,Corporate,Completed
TX00744,2026-06-16,CUST1198,TANZANIA,Nairobi,Keyboard,Accessories,2,2438.5,M-Pesa,Carol,Corporate,COMPLETED
TX03993,2026-02-08,CUST0408,Uganda,MOMBASA,Laptop Bag,Accessories,2,3789.02,Bank Transfer,George,Individual,Completed
TX01006,2026-05-30,CUST0208,Rwanda,MOMBASA,Laptop Bag,Accessories,1,3745.26,Cash,George,Individual,Pending
TX02669,2026-03-19,CUST0913,TANZANIA,Kampala,Laptop Stand,Accessories,3,4206.78,,Irene,Corporate,Completed
TX01191,2026-03-08,CUST0171,Rwanda,Kampala,Tablet,Hardware,1,45804.45,M-Pesa,Faith,SME,Completed
TX03308,2026-01-23,CUST0791,KE,Arusha,Keyboard,Accessories,4,2508.86,Bank Transfer,George,SME ,Pending
TX02602,2026-01-05,CUST0753,KENYA,Arusha,Keyboard,Accessories,2,2421.33,Bank Transfer,John,Individual,Cancelled
TX01126,2026-05-26,CUST1070,Kenya,Kisumu,USB-C Hub,Accessories,1,6598.21,Bank Transfer,Carol,Corporate,Cancelled
TX01242,2026-05-04,CUST0014,KENYA,Kampala,Headset,Accessories,1,5018.14,Cash,Amina,SME,Completed
TX04757,2026-04-29,CUST1160,Kenya,NAIROBI,Tablet,Hardware,1,38601.98,M-Pesa,Faith,Individual,Completed
TX04198,2026-03-26,CUST0330,Uganda,Kigali,External SSD,Storage,1,13229.31,Bank Transfer,Irene,Corporate,Cancelled
TX03712,2026-06-14,CUST1046,KENYA,Kisumu,Keyboard,Accessories,2,2564.69,Card,George,SME,Completed
TX00999,2026-05-11,CUST0856,TANZANIA,Kisumu,Keyboard,Accessories,1,2304.64,Bank Transfer,George,SME,Completed
TX04481,2026-03-24,CUST1051,KENYA,NAIROBI,Monitor,Hardware,5,20450.53,M-Pesa,George,Corporate,Cancelled
TX02685,2026-01-25,CUST0420,Rwanda,MOMBASA,Laptop Bag,Accessories,1,3244.93,Cash,Faith,Individual,Completed
TX01578,2026-02-28,CUST0576,KE,Arusha,Wireless Mouse,Accessories,2,1887.4,,Irene,SME,Completed
TX04869,2026-02-20,CUST0750,UGANDA,Dar es Salaam,Tablet,Hardware,2,44341.66,M-Pesa,John,Corporate,Completed
TX01827,2026-02-01,CUST1122,Rwanda,Nairobi,Tablet,Hardware,2,38928.09,Cash,Irene,Individual,Completed
TX03411,2026-01-20,CUST1142,Uganda,Mombasa,Wireless Mouse,Accessories,1,1641.31,Cash,Faith,Individual,Completed
TX00298,2026-06-13,CUST0375,Tanzania,NAIROBI,External SSD,Storage,2,15502.25,M-Pesa,Faith,SME,Completed
TX03661,2026-03-16,CUST0595,Tanzania,Nairobi,Monitor,Hardware,1,22785.39,Card,Amina,Corporate,Completed
TX00441,2026-04-14,CUST0110,Rwanda,Dar es Salaam,Office Laptop,Hardware,5,93855.07,Cash,John,Individual,Completed
TX04575,2026-02-28,CUST1180,Uganda,NAIROBI,Keyboard,Accessories,2,2522.4,Card,Amina,Corporate,Pending
TX01101,2026-01-13,CUST0088,Kenya,Kampala,Office Laptop,Hardware,2,86664.68,Cash,George,SME,Completed
TX02638,2026-03-26,CUST1095,UGANDA,Dar es Salaam,Laptop Stand,Accessories,2,4465.45,M-Pesa,Faith,Corporate,Completed
TX01419,2026-02-10,CUST0978,Tanzania,MOMBASA,Monitor,Hardware,2,21427.68,M-Pesa,Amina,Individual,Pending
TX00650,2026-03-10,CUST0746,Uganda,MOMBASA,Office Laptop,Hardware,1,90108.34,M-Pesa,,SME,Completed
TX01547,2026-04-06,CUST0020,UGANDA,NAIROBI,Monitor,Hardware,2,19867.83,Cash,George,Individual,Completed
TX03876,2026-03-03,CUST0831,Uganda,Kigali,USB-C Hub,Accessories,2,5914.85,Cash,Brian,SME,Pending
TX03686,2026-04-19,CUST0078,Uganda,Dar es Salaam,External SSD,Storage,2,15296.75,M-Pesa,Irene,SME,Pending
TX04021,2026-06-23,CUST0639,Kenya,Arusha,Laptop Stand,Accessories,1,4930.75,Card,Amina,Individual,Cancelled
TX03304,2026-06-29,CUST0664,Kenya,Arusha,Monitor,Hardware,1,22698.5,Cash,Amina,Individual,Cancelled
TX03872,2026-03-20,CUST0365,Kenya,MOMBASA,Laptop Bag,Accessories,2,3370.42,Card,David,SME ,Completed
TX00631,2026-02-20,CUST1144,Tanzania,Arusha,Tablet,Hardware,1,43037.56,Cash,Faith,SME,Completed
TX00673,2026-05-30,CUST0893,Uganda,NAIROBI,Monitor,Hardware,3,21221.15,Card,Irene,Corporate,Completed
TX01250,2026-06-11,CUST0183,KENYA,Kampala,Laptop Stand,Accessories,1,4173.23,M-Pesa,Brian,Corporate,Completed
TX00483,2026-06-22,CUST0237,Rwanda,MOMBASA,Monitor,Hardware,2,19928.28,Card,Irene,Corporate,Completed
TX01585,2026-06-28,CUST0733,Kenya,MOMBASA,Tablet,Hardware,2,42117.96,M-Pesa,Faith,Corporate,Pending
TX03188,2026-06-19,CUST0736,Kenya,Kampala,Laptop Stand,Accessories,2,4274.55,Card,Brian,SME,Cancelled
TX04704,2026-05-22,CUST0063,Rwanda,Arusha,Laptop Bag,Accessories,2,3373.89,Bank Transfer,Carol,Individual,Completed
TX03151,2026-05-25,CUST0619,UGANDA,Kisumu,External SSD,Storage,1,14431.80,Bank Transfer,Faith,Corporate,Cancelled
TX01463,2026-04-26,CUST0410,KENYA,Kisumu,Wireless Mouse,Accessories,1,1975.25,Card,David,Corporate,Pending
TX04066,2026-03-28,CUST0405,TANZANIA,Kigali,External SSD,Storage,1,14631.15,Cash,David,Corporate,Completed
TX03751,2026-06-09,CUST0204,Rwanda,Mombasa,Keyboard,Accessories,1,2380.11,Bank Transfer,Amina,SME,Pending
TX03296,2026-06-01,CUST0522,Tanzania,MOMBASA,Tablet,Hardware,2,44799.11,Card,Carol,Corporate,Pending
TX02579,2026-02-19,CUST0042,TANZANIA,Mombasa,Monitor,Hardware,1,22488.19,Bank Transfer,David,Corporate,Pending
TX03933,2026-02-06,CUST0292,KENYA,Dar es Salaam,Headset,Accessories,2,4866.01,M-Pesa,Brian,Individual,Completed
TX00050,2026-04-09,CUST0062,TANZANIA,Kigali,Laptop Stand,Accessories,1,4661.86,Cash,John,Individual,Completed
TX04606,2026-06-16,CUST0078,Kenya,Kigali,Headset,Accessories,2,4703.82,Cash,Brian,SME,Completed
TX03170,2026-06-09,CUST0953,TANZANIA,Kampala,Laptop Bag,Accessories,1,3213.55,Bank Transfer,John,Corporate,Cancelled
TX00859,2026-02-22,CUST0715,Uganda,Mombasa,Laptop Stand,Accessories,1,4102.4,Cash,John,Corporate,Cancelled
TX01073,2026-03-01,CUST0231,Rwanda,Kigali,Keyboard,Accessories,2,2667.06,Cash,Carol,SME,Completed
TX00720,2026-06-22,CUST0954,Rwanda,Kampala,Keyboard,Accessories,1,2548.02,Bank Transfer,David,SME,COMPLETED
TX03275,2026-04-12,CUST1015,UGANDA,Dar es Salaam,USB-C Hub,Accessories,1,6531.41,Card,John,Individual,Completed
TX02632,2026-06-06,CUST0854,UGANDA,Nairobi,External SSD,Storage,2,14762.27,Card,Brian,Corporate,Pending
TX04953,2026-02-20,CUST0892,Tanzania,Nairobi,Keyboard,Accessories,4,2639.51,Bank Transfer,Irene,Individual,Completed
TX01661,2026-02-05,CUST0895,Rwanda,Dar es Salaam,External SSD,Storage,1,15503.35,M-Pesa,Brian,Individual,Completed
TX01657,2026-04-08,CUST0230,Tanzania,Kisumu,External SSD,Storage,2,15721.62,Cash,Amina,Individual,completed
TX02426,2026-01-07,CUST0855,Tanzania,Kisumu,Office Laptop,Hardware,1,104460.06,Bank Transfer,David,Individual,Completed
TX03649,2026-06-11,CUST0759,Uganda,MOMBASA,Laptop Bag,Accessories,1,3255.51,Card,Brian,SME,Completed
TX03106,2026-03-18,CUST1091,Rwanda,Dar es Salaam,Laptop Stand,Accessories,2,4556.22,Cash,George,Individual,Completed
TX02723,2026-04-11,CUST1163,KE,MOMBASA,Wireless Mouse,Accessories,4,1782.94,Bank Transfer,,Corporate,Completed
TX03428,2026-06-18,CUST0792,TANZANIA,Arusha,Office Laptop,Hardware,1,96444.62,Card,Brian,Corporate,Cancelled
TX04551,2026-03-22,CUST0861,Uganda,MOMBASA,USB-C Hub,Accessories,2,6287.1,,Amina,Individual,Cancelled
TX03424,2026-04-10,CUST0241,KENYA,Dar es Salaam,External SSD,Storage,3,15549.77,Cash,Faith,Individual,Completed
TX04830,2026-03-26,CUST0537,UGANDA,Kampala,Tablet,Hardware,2,38594.36,Card,John,SME,Completed
TX02935,2026-01-05,CUST1174,KE,Kampala,Headset,Accessories,1,4836.31,M-Pesa,David,Corporate,Completed
TX04194,2026-02-20,CUST0079,UGANDA,Kigali,Office Laptop,Hardware,1,97815.2,Cash,Brian,Corporate,Pending
TX04595,2026-01-21,CUST0049,Uganda,MOMBASA,Headset,Accessories,1,4954.44,Card,Faith,Individual,Completed
TX02607,2026-06-18,CUST0393,Kenya,Nairobi,Monitor,Hardware,2,22576.08,Card,Carol,SME,Pending
TX01386,2026-02-20,CUST0271,Tanzania,Nairobi,Keyboard,Accessories,2,2414.55,M-Pesa,John,Corporate,Completed
TX03968,2026-02-20,CUST0832,TANZANIA,Dar es Salaam,Laptop Stand,Accessories,1,4441.27,Bank Transfer,David,Corporate,Completed
TX01400,2026-02-01,CUST0423,Tanzania,Arusha,Wireless Mouse,Accessories,1,1967.68,Cash,Brian,SME,Completed
TX01196,2026-02-08,CUST0606,Kenya,Arusha,Laptop Stand,Accessories,2,4894.87,Bank Transfer,Carol,Individual,Completed
TX01409,2026-01-04,CUST0091,Kenya,Nairobi,Office Laptop,Hardware,1,101890.81,Cash,David,Corporate,Completed
TX03957,2026-03-08,CUST0547,Rwanda,Kisumu,External SSD,Storage,3,15632.57,Bank Transfer,Brian,SME,Pending
TX01799,2026-01-23,CUST1061,KENYA,MOMBASA,Laptop Stand,Accessories,1,4555.62,Bank Transfer,Amina,Individual,Completed
TX01476,2026-05-15,CUST0507,Kenya,MOMBASA,Laptop Bag,Accessories,35,14500,M-Pesa,Irene,Individual,Cancelled
TX03335,2026-01-01,CUST0187,TANZANIA,Kisumu,Laptop Bag,Accessories,2,3751.2,M-Pesa,Irene,SME,Completed
TX00036,2026-03-27,CUST0575,KENYA,Dar es Salaam,Keyboard,Accessories,1,2437.79,Card,Faith,SME,Completed
TX03667,2026-01-18,CUST0697,Rwanda,NAIROBI,Laptop Stand,Accessories,3,4349.53,Card,David,Corporate,Completed
TX02346,2026-01-03,CUST0345,KE,NAIROBI,USB-C Hub,Accessories,2,6950.8,Cash,George,Individual,Cancelled
TX03567,2026-01-06,CUST0347,Tanzania,Mombasa,Office Laptop,Hardware,1,90871.45,Card,Amina,Corporate,Completed
TX02360,2026-05-30,CUST0575,Tanzania,Kisumu,Laptop Bag,Accessories,1,3435.72,M-Pesa,Carol,SME,Cancelled
TX02207,2026-04-16,CUST0570,Tanzania,NAIROBI,Tablet,Hardware,5,45724.79,Cash,George,SME,Completed
TX03319,2026-01-09,CUST0210,UGANDA,Arusha,Monitor,Hardware,1,20281.13,Card,David,Corporate,Cancelled
TX03899,2026-03-03,CUST0807,Uganda,Kigali,Monitor,Hardware,4,21392.91,M-Pesa,Carol,SME,Completed
TX01287,2026-05-27,CUST0488,Tanzania,Arusha,External SSD,Storage,1,14887.96,M-Pesa,Amina,SME,Completed
TX00350,2026-04-28,CUST0154,TANZANIA,Kampala,Laptop Stand,Accessories,1,4584.2,Card,David,Corporate,Completed
TX02138,2026-02-05,CUST0626,Tanzania,Dar es Salaam,Keyboard,Accessories,1,2334.28,Card,Amina,SME,Completed
TX02692,2026-05-29,,UGANDA,Nairobi,Laptop Bag,Accessories,1,3797.45,Bank Transfer,Carol,SME,Pending
TX03991,2026-03-22,CUST1114,KENYA,Kampala,Headset,Accessories,1,5382.0,Cash,George,Individual,Completed
TX03791,2026-05-24,CUST1082,UGANDA,Dar es Salaam,External SSD,Storage,5,14489.05,Cash,David,Corporate,Completed
TX01682,2026-02-19,CUST1145,UGANDA,Kampala,Laptop Stand,Accessories,3,4401.38,Card,Brian,SME,Completed
TX04125,2026-06-20,CUST0884,Tanzania,NAIROBI,Wireless Mouse,Accessories,1,1722.81,Cash,John,SME,Pending
TX01444,2026-02-01,CUST0412,TANZANIA,Dar es Salaam,Office Laptop,Hardware,1,86448.53,Cash,John,SME,Completed
TX03362,2026-05-25,CUST0286,Kenya,Mombasa,Monitor,Hardware,2,20330.49,Bank Transfer,Faith,Corporate,Pending
TX01672,2026-05-28,CUST0424,Rwanda,Arusha,Wireless Mouse,Accessories,3,1626.92,Cash,Carol,Corporate,Completed
TX03322,2026-02-09,CUST0115,TANZANIA,Mombasa,Tablet,Hardware,1,42093.86,Cash,Irene,SME,Completed
TX01180,2026-03-10,CUST0006,Uganda,MOMBASA,Headset,Accessories,1,5203.39,Cash,Carol,SME,Pending
TX02799,2026-03-02,CUST1061,Tanzania,Mombasa,Office Laptop,Hardware,1,87305.05,Cash,Amina,Individual,Pending
TX01693,2026-01-24,CUST0943,KENYA,Arusha,Tablet,Hardware,1,41226.66,Cash,George,Individual,Completed
TX04010,2026-03-31,CUST0541,Rwanda,Dar es Salaam,Laptop Bag,Accessories,4,3628.44,,Brian,SME,Completed
TX00373,2026-01-27,CUST1000,Rwanda,Mombasa,Keyboard,Accessories,2,2517.15,M-Pesa,John,SME,Cancelled
TX03739,2026-04-11,CUST0561,Tanzania,MOMBASA,Monitor,Hardware,2,22275.43,M-Pesa,Carol,Individual,Completed
TX01917,2026-03-21,CUST0308,Rwanda,Mombasa,Laptop Stand,Accessories,1,4104.33,Card,George,SME,COMPLETED
TX01358,2026-06-26,CUST0547,Uganda,MOMBASA,Wireless Mouse,Accessories,2,1736.94,Bank Transfer,Brian,Individual,Completed
TX01826,2026-03-03,CUST0637,KE,Kampala,Monitor,Hardware,1,20983.18,M-Pesa,Carol,Individual,Completed
TX00787,2026-02-15,CUST0969,Uganda,Kigali,External SSD,Storage,2,14093.98,M-Pesa,Amina,Corporate,Completed
TX00470,2026-02-15,CUST0789,Tanzania,MOMBASA,Laptop Stand,Accessories,2,4528.31,Cash,Amina,SME,Completed
TX00141,2026-03-14,CUST0952,TANZANIA,Kigali,Keyboard,Accessories,1,2361.91,Bank Transfer,Carol,Individual,Completed
TX00789,2026-02-04,CUST0855,Uganda,Arusha,External SSD,Storage,2,15660.91,Cash,David,Corporate,Pending
TX00324,2026-01-23,CUST1098,TANZANIA,Nairobi,Laptop Stand,Accessories,1,4733.65,Card,David,SME,Cancelled
TX00051,2026-05-27,CUST0265,Uganda,Kigali,USB-C Hub,Accessories,1,5979.98,Bank Transfer,David,SME,Completed
TX00715,2026-03-14,CUST0561,Kenya,Mombasa,Headset,Accessories,1,4859.09,M-Pesa,Brian,SME,Cancelled
TX04563,2026-04-17,CUST0883,Rwanda,MOMBASA,USB-C Hub,Accessories,1,6573.06,Cash,Brian,Individual,Completed
TX02841,2026-04-18,CUST0661,UGANDA,Kisumu,External SSD,Storage,1,15412.16,Cash,Amina,Individual,Completed
TX02447,2026-01-02,CUST0687,Rwanda,NAIROBI,Tablet,Hardware,1,46103.43,Bank Transfer,Faith,Corporate,Completed
TX04949,2026-03-07,CUST1095,KENYA,Mombasa,Laptop Stand,Accessories,1,4869.21,M-Pesa,George,SME,Pending
TX04598,2026-03-19,CUST0068,Rwanda,Kigali,Headset,Accessories,1,5684.42,Bank Transfer,Irene,SME,Completed
TX04671,2026-05-28,CUST0184,UGANDA,NAIROBI,USB-C Hub,Accessories,1,6458.18,Bank Transfer,David,Corporate,Completed
TX03126,2026-01-13,CUST0106,UGANDA,Kampala,Wireless Mouse,Accessories,2,1861.2,Cash,Amina,SME,Cancelled
TX02667,2026-03-25,CUST0997,KENYA,NAIROBI,Office Laptop,Hardware,1,96308.36,Bank Transfer,Faith,Corporate,Completed
TX00407,2026-01-26,CUST0071,TANZANIA,Arusha,Laptop Bag,Accessories,1,3803.19,M-Pesa,Faith,SME,Completed
TX03480,2026-01-09,CUST0833,KENYA,NAIROBI,Monitor,Hardware,1,21616.58,Cash,,SME,Completed
TX01005,2026-01-09,CUST0292,TANZANIA,Nairobi,Tablet,Hardware,1,41882.88,M-Pesa,John,Corporate,Completed
TX04997,2026-03-11,CUST0975,UGANDA,Dar es Salaam,Keyboard,Accessories,2,2594.16,Bank Transfer,Carol,Individual,Completed
TX00891,2026-03-19,CUST0013,KE,Kampala,Office Laptop,Hardware,2,97359.65,Bank Transfer,David,Corporate,completed
TX02412,2026-05-11,CUST0370,Kenya,Kigali,Laptop Stand,Accessories,2,4705.74,Cash,John,SME ,Pending
TX02546,2026-01-09,CUST0595,KE,Kisumu,Tablet,Hardware,2,38390.78,Cash,Brian,SME,Completed
TX03559,2026-06-03,CUST0930,Uganda,Dar es Salaam,Monitor,Hardware,3,22155.51,M-Pesa,George,Corporate,Cancelled
TX02391,2026-01-07,CUST0146,Uganda,Dar es Salaam,Wireless Mouse,Accessories,1,1884.76,M-Pesa,Carol,Individual,Completed
TX04077,2026-02-01,CUST0522,UGANDA,Kigali,Headset,Accessories,2,5150.31,Bank Transfer,Irene,Corporate,Completed
TX00043,2026-02-08,CUST0357,KENYA,Kisumu,Monitor,Hardware,1,19875.51,Bank Transfer,Brian,SME,Completed
TX02831,2026-02-12,CUST0093,Tanzania,Kampala,Keyboard,Accessories,1,2684.72,Card,Brian,Corporate,Completed
TX03429,2026-05-11,CUST0377,KE,Kigali,Wireless Mouse,Accessories,1,1754.08,Bank Transfer,John,SME,Pending
TX03023,2026-06-27,CUST0337,TANZANIA,Kigali,Wireless Mouse,Accessories,2,1707.87,Cash,Amina,Corporate,Completed
TX00304,2026-01-30,CUST0485,UGANDA,Kisumu,Tablet,Hardware,1,40430.93,Card,,Individual,Completed
TX04588,2026-01-28,CUST0195,KE,Arusha,USB-C Hub,Accessories,2,6882.5,Card,David,Individual,Completed
TX03878,2026-06-21,CUST0366,Uganda,NAIROBI,Tablet,Hardware,1,41333.63,Bank Transfer,George,SME,Completed
TX00665,2026-05-15,CUST0703,KE,Arusha,Office Laptop,Hardware,1,100902.99,Card,Brian,Corporate,Cancelled
TX01178,2026-04-17,CUST0263,Rwanda,Nairobi,Headset,Accessories,1,5434.1,Bank Transfer,Amina,Individual,Pending
TX02677,2026-01-24,CUST0686,KE,Kampala,Tablet,Hardware,4,44896.56,M-Pesa,David,Individual,Completed
TX01948,2026-01-18,CUST0054,KE,Arusha,External SSD,Storage,1,13877.26,Bank Transfer,John,Individual,Completed
TX02502,2026-05-16,CUST0582,KE,Kisumu,Wireless Mouse,Accessories,1,1902.55,Bank Transfer,John,Individual,Pending
TX01474,2026-01-23,CUST0610,Uganda,Arusha,Laptop Bag,Accessories,2,3241.14,M-Pesa,George,SME,Pending
TX03608,2026-02-09,CUST0360,Rwanda,Arusha,Keyboard,Accessories,2,2706.53,Bank Transfer,John,Corporate,Completed
TX04388,2026-02-13,CUST0868,Rwanda,Kigali,Laptop Stand,Accessories,2,4550.23,M-Pesa,George,Individual,Completed
TX02133,2026-01-02,CUST0479,Tanzania,MOMBASA,Tablet,Hardware,1,41200.25,Card,Brian,Individual,Completed
TX01027,2026-01-08,CUST0568,TANZANIA,Kigali,Tablet,Hardware,1,39317.57,Card,Irene,SME ,Pending
TX02990,2026-04-24,CUST1034,KE,NAIROBI,Laptop Stand,Accessories,1,4190.3,Bank Transfer,Amina,SME,Completed
TX00962,2026-01-14,CUST1080,KE,Arusha,USB-C Hub,Accessories,2,6521.38,Card,Irene,Corporate,Completed
TX02890,2026-01-25,CUST1061,UGANDA,Dar es Salaam,Laptop Bag,Accessories,1,3743.59,Bank Transfer,Carol,Corporate,Completed
TX03022,2026-02-24,CUST0968,KE,Arusha,Wireless Mouse,Accessories,1,1823.05,M-Pesa,David,SME,Completed
TX03016,2026-01-01,CUST0209,Uganda,Kampala,USB-C Hub,Accessories,1,6603.69,M-Pesa,Amina,Individual,COMPLETED
TX03251,2026-03-11,CUST0411,KENYA,MOMBASA,Laptop Stand,Accessories,3,4356.75,Bank Transfer,Brian,Individual,Completed
TX02010,2026-03-07,CUST0628,Kenya,Dar es Salaam,Laptop Bag,Accessories,2,3189.35,M-Pesa,Irene,SME,Cancelled
TX02150,2026-05-07,CUST0611,KE,Kigali,USB-C Hub,Accessories,2,6081.19,Card,Faith,Corporate,Cancelled
TX03443,2026-04-06,CUST0234,Uganda,Kigali,Laptop Stand,Accessories,5,4292.88,Cash,George,Individual,Completed
TX02339,2026-02-15,CUST0786,TANZANIA,Dar es Salaam,USB-C Hub,Accessories,1,5856.59,Bank Transfer,Brian,SME,Pending
TX04025,2026-04-09,CUST1161,TANZANIA,Kigali,Monitor,Hardware,2,21149.22,Bank Transfer,David,SME,Cancelled
TX00305,2026-01-18,CUST0201,Tanzania,MOMBASA,Tablet,Hardware,1,41781.65,M-Pesa,Faith,Individual,Completed
TX01441,2026-01-27,CUST0484,KE,NAIROBI,Laptop Stand,Accessories,1,4802.83,Bank Transfer,Amina,Individual,Pending
TX01497,2026-06-23,CUST0444,Tanzania,Dar es Salaam,Headset,Accessories,3,5435.67,M-Pesa,David,SME,Completed
TX02653,2026-03-30,CUST0453,Rwanda,Dar es Salaam,Monitor,Hardware,1,20636.41,Card,Amina,Individual,Cancelled
TX02876,2026-02-14,,UGANDA,Kisumu,External SSD,Storage,1,13915.66,Card,Amina,SME,Completed
TX00917,2026-03-22,CUST1012,Tanzania,Kigali,Wireless Mouse,Accessories,1,1727.3,M-Pesa,Carol,Corporate,Completed
TX04701,2026-06-28,CUST1041,KENYA,Dar es Salaam,USB-C Hub,Accessories,2,5959.93,Bank Transfer,David,Corporate,Cancelled
TX04619,2026-03-22,CUST0027,TANZANIA,MOMBASA,Office Laptop,Hardware,1,101411.87,Cash,Irene,Corporate,Pending
TX02773,2026-05-01,CUST0821,Uganda,NAIROBI,Laptop Stand,Accessories,2,4548.18,Card,Brian,SME,Completed
TX01625,2026-04-04,CUST0716,KENYA,Mombasa,Monitor,Hardware,1,24108.19,Card,Carol,SME,Completed
TX04652,2026-06-11,CUST0158,Kenya,Nairobi,Headset,Accessories,1,5332.79,M-Pesa,Brian,SME,Completed
TX00822,2026-02-20,,KENYA,Arusha,Office Laptop,Hardware,1,92554.15,Card,George,Corporate,Cancelled
TX03419,2026-04-22,CUST0255,Kenya,Kampala,Monitor,Hardware,2,22721.67,Bank Transfer,George,SME,Completed
TX01355,2026-02-26,CUST0079,KE,Dar es Salaam,Office Laptop,Hardware,1,89602.83,M-Pesa,Brian,Corporate,Completed
TX04572,2026-03-31,CUST0681,Uganda,NAIROBI,Wireless Mouse,Accessories,1,1696.31,Cash,Amina,Individual,Completed
TX00851,2026-05-25,CUST0509,Rwanda,Dar es Salaam,USB-C Hub,Accessories,1,6144.79,Bank Transfer,Amina,SME,Completed
TX01001,2026-01-25,CUST1056,Kenya,Mombasa,Laptop Bag,Accessories,3,3247.06,Bank Transfer,David,Corporate,COMPLETED
TX04379,2026-05-21,CUST0484,KE,NAIROBI,Monitor,Hardware,4,20235.26,Bank Transfer,John,SME,Completed
TX00019,2026-02-22,CUST0730,KE,NAIROBI,Headset,Accessories,1,5624.6,Cash,George,Corporate,Completed
TX01638,2026-06-17,CUST0237,Tanzania,Kigali,Laptop Stand,Accessories,1,4133.89,M-Pesa,Faith,Individual,Completed
TX01668,2026-01-10,CUST0236,KENYA,Kisumu,Wireless Mouse,Accessories,1,1877.28,Card,Brian,Corporate,Pending
TX00494,2026-04-18,CUST0431,KE,Kampala,Laptop Bag,Accessories,1,3750.57,Bank Transfer,John,SME,Completed
TX01348,2026-05-15,CUST0754,Uganda,Dar es Salaam,Laptop Bag,Accessories,1,3240.17,Card,Irene,SME,completed
TX03019,2026-06-06,CUST0257,TANZANIA,Mombasa,Tablet,Hardware,2,38671.5,Cash,George,Corporate,Completed
TX03858,2026-04-29,CUST0372,Tanzania,NAIROBI,Laptop Bag,Accessories,2,3167.78,Card,David,Corporate,Completed
TX04653,2026-04-08,CUST0692,TANZANIA,Mombasa,Laptop Bag,Accessories,2,3269.86,Card,Brian,Individual,Completed
TX03743,2026-02-19,CUST1152,KE,Arusha,Office Laptop,Hardware,1,88702.83,M-Pesa,George,Individual,Cancelled
TX03606,2026-06-15,CUST0767,Rwanda,Arusha,Monitor,Hardware,1,20827.84,Card,Faith,SME,Cancelled
TX00688,2026-03-28,CUST0016,Uganda,NAIROBI,Tablet,Hardware,1,41428.89,Card,George,Corporate,Completed
TX03862,2026-04-16,CUST0506,Kenya,Kigali,Keyboard,Accessories,2,2547.33,Card,Faith,SME,Completed
TX01609,2026-05-03,CUST0740,UGANDA,Arusha,Office Laptop,Hardware,3,98714.58,Card,George,Individual,Pending
TX04158,2026-04-17,CUST0133,Uganda,MOMBASA,Headset,Accessories,1,5600.54,Cash,Faith,Individual,Cancelled
TX03524,2026-03-17,CUST0268,Uganda,Dar es Salaam,USB-C Hub,Accessories,2,6602.8,Cash,John,Individual,Completed
TX01010,2026-06-02,CUST0597,Rwanda,Kampala,Wireless Mouse,Accessories,2,1707.19,Bank Transfer,Irene,Individual,Completed
TX02409,2026-05-07,CUST0289,KENYA,Kisumu,Headset,Accessories,2,4722.51,M-Pesa,Faith,Individual,Completed
TX01093,2026-04-27,,Rwanda,Dar es Salaam,Laptop Stand,Accessories,2,4559.8,Bank Transfer,Faith,Corporate,Completed
TX01328,2026-06-22,CUST0256,Rwanda,Nairobi,Laptop Bag,Accessories,1,3421.39,Cash,George,SME,COMPLETED
TX01678,2026-04-20,,Uganda,NAIROBI,External SSD,Storage,2,13526.23,Card,George,Corporate,Pending
TX02000,2026-04-23,CUST0739,Rwanda,Kigali,Laptop Stand,Accessories,1,4334.94,Cash,David,Corporate,Cancelled
TX01311,2026-03-24,CUST0823,Kenya,Kampala,Keyboard,Accessories,2,2561.57,Bank Transfer,George,Corporate,Pending
TX03166,2026-01-27,CUST1143,TANZANIA,Kampala,Tablet,Hardware,1,40772.61,Bank Transfer,David,Individual,Cancelled
TX04123,2026-05-02,CUST0687,Uganda,Mombasa,Laptop Stand,Accessories,1,4404.14,Bank Transfer,Carol,SME ,Completed
TX01988,2026-06-16,CUST0032,TANZANIA,Kampala,Office Laptop,Hardware,2,104373.98,Cash,Brian,SME,Completed
TX03779,2026-04-22,CUST0360,Kenya,MOMBASA,Keyboard,Accessories,2,2420.49,M-Pesa,David,Individual,Cancelled
TX00345,2026-02-26,CUST0686,Rwanda,Kampala,Laptop Bag,Accessories,1,3792.24,Card,Brian,Individual,Completed
TX04254,2026-02-06,CUST0871,Rwanda,Dar es Salaam,Laptop Bag,Accessories,1,3756.52,M-Pesa,Brian,Corporate,Completed
TX00987,2026-04-15,CUST0913,Rwanda,Kampala,USB-C Hub,Accessories,3,5912.82,M-Pesa,John,Individual,Completed
TX03986,2026-06-07,CUST0727,Rwanda,Arusha,External SSD,Storage,1,15373.07,Bank Transfer,George,SME,Completed
TX03939,2026-03-14,CUST1042,Rwanda,Dar es Salaam,Monitor,Hardware,1,23423.22,M-Pesa,David,Corporate,Pending
TX04384,2026-05-05,CUST0884,UGANDA,Kampala,USB-C Hub,Accessories,1,6539.03,Bank Transfer,Faith,Corporate,Completed
TX04807,2026-05-12,CUST0351,KENYA,Kigali,External SSD,Storage,2,15007.39,Card,David,SME,Completed
TX04201,2026-02-25,CUST0059,KE,MOMBASA,Tablet,Hardware,2,44784.39,Cash,Carol,Corporate,Completed
TX04562,2026-04-28,CUST0726,KE,Dar es Salaam,Monitor,Hardware,1,19925.82,Cash,George,Corporate,Completed
TX01143,2026-06-29,CUST0134,TANZANIA,,Office Laptop,Hardware,4,100969.97,Bank Transfer,John,SME,Completed
TX02359,2026-05-27,CUST0416,Rwanda,Kisumu,Tablet,Hardware,1,39685.76,Cash,Irene,Individual,Completed
TX01199,2026-01-06,CUST1173,KENYA,Dar es Salaam,External SSD,Storage,1,14986.98,Bank Transfer,John,Corporate,Completed
TX00086,2026-03-16,CUST0646,Tanzania,NAIROBI,External SSD,Storage,2,15942.04,Card,Amina,SME,Completed
TX01519,2026-03-19,CUST0294,Kenya,MOMBASA,Office Laptop,Hardware,1,91628.99,M-Pesa,Amina,SME,Cancelled
TX00517,2026-01-31,CUST0785,Tanzania,Nairobi,Monitor,Hardware,2,21068.31,Cash,Carol,SME,Completed
TX01382,2026-01-06,CUST0405,KE,Kampala,Laptop Bag,Accessories,2,3351.7,Card,Brian,Corporate,Completed
TX02717,2026-06-13,CUST0791,Kenya,NAIROBI,USB-C Hub,Accessories,2,6759.01,Card,Irene,Corporate,Completed
TX04783,2026-06-27,CUST1014,KENYA,Mombasa,Headset,Accessories,1,4763.48,Card,Amina,Corporate,Completed
TX01015,2026-03-11,CUST0784,KENYA,MOMBASA,External SSD,Storage,2,14498.69,,Faith,Corporate,Completed
TX00129,2026-02-28,CUST0594,Rwanda,NAIROBI,Laptop Stand,Accessories,2,4223.34,Bank Transfer,George,Corporate,Pending
TX01365,2026-01-04,CUST0186,KENYA,Arusha,Office Laptop,Hardware,2,91204.28,M-Pesa,Amina,Individual,Completed
TX03753,2026-04-23,CUST0814,UGANDA,MOMBASA,Office Laptop,Hardware,1,96147.33,M-Pesa,David,SME,completed
TX04105,2026-02-03,CUST0388,UGANDA,Nairobi,Monitor,Hardware,1,22040.43,Card,George,SME,Completed
TX03241,2026-02-07,CUST0147,Rwanda,Kampala,Monitor,Hardware,1,20633.81,Card,Brian,Corporate,Cancelled
TX00892,2026-03-23,CUST0356,Rwanda,Arusha,Keyboard,Accessories,2,2428.2,Card,Faith,Individual,Completed
TX02794,2026-04-30,CUST0894,TANZANIA,Nairobi,Wireless Mouse,Accessories,1,1899.67,Bank Transfer,George,SME,Completed
TX04793,2026-04-16,CUST0973,Tanzania,Kampala,Headset,Accessories,2,5382.86,Card,Amina,Individual,Completed
TX01360,2026-06-09,CUST0366,KENYA,MOMBASA,Wireless Mouse,Accessories,4,1691.32,M-Pesa,Carol,Corporate,Pending
TX00308,2026-04-02,CUST0483,KE,Nairobi,Laptop Stand,Accessories,5,4551.94,M-Pesa,Irene,SME,Pending
TX01662,2026-04-03,CUST0064,TANZANIA,NAIROBI,External SSD,Storage,1,15387.35,Card,Brian,SME ,Completed
TX02432,2026-04-24,CUST0738,KE,MOMBASA,Headset,Accessories,1,5275.52,M-Pesa,Carol,SME,Completed
TX04706,2026-02-06,CUST1102,KENYA,Arusha,Laptop Bag,Accessories,1,3271.59,M-Pesa,David,Individual,Completed
TX01318,2026-02-01,CUST0043,UGANDA,NAIROBI,Tablet,Hardware,1,43354.95,M-Pesa,Irene,SME,completed
TX04375,2026-01-04,CUST0050,Kenya,MOMBASA,Office Laptop,Hardware,1,94675.29,Cash,Carol,Individual,Pending
TX02475,2026-03-27,CUST0045,KE,Kampala,Laptop Bag,Accessories,3,3182.77,M-Pesa,Irene,Corporate,COMPLETED
TX02543,2026-04-18,CUST0940,KE,Mombasa,Tablet,Hardware,1,42773.01,M-Pesa,Faith,Corporate,Pending
TX01247,2026-06-04,CUST0794,Rwanda,Kigali,Headset,Accessories,2,4890.37,Cash,Carol,Corporate,Completed
TX03780,2026-04-19,CUST0811,Tanzania,Mombasa,Monitor,Hardware,1,24012.63,Bank Transfer,Brian,SME,Completed
TX01209,2026-01-05,CUST0378,Uganda,NAIROBI,Monitor,Hardware,1,22568.1,Cash,John,Individual,Cancelled
TX00217,2026-06-13,CUST0422,Uganda,MOMBASA,External SSD,Storage,2,14834.14,Bank Transfer,Brian,Corporate,Completed
TX04454,2026-06-14,CUST0784,KE,Mombasa,Tablet,Hardware,2,40122.0,Card,Amina,Corporate,Completed
TX04764,2026-03-23,CUST0426,UGANDA,Arusha,USB-C Hub,Accessories,1,6606.28,Card,Carol,Individual,Cancelled
TX01240,2026-04-08,CUST0162,TANZANIA,MOMBASA,Wireless Mouse,Accessories,4,1890.03,M-Pesa,George,Corporate,Completed
TX02290,2026-05-22,CUST0797,UGANDA,Mombasa,Headset,Accessories,5,5597.17,Card,Faith,SME ,completed
TX02741,2026-03-26,CUST0737,Rwanda,Dar es Salaam,Laptop Stand,Accessories,2,4459.86,Cash,Faith,Corporate,Completed
TX00276,2026-04-23,CUST0424,TANZANIA,MOMBASA,External SSD,Storage,1,14247.01,Cash,George,SME,Completed
TX00490,2026-05-05,CUST1071,TANZANIA,Mombasa,Wireless Mouse,Accessories,1,1957.87,Cash,John,Corporate,Pending
TX01036,2026-03-10,CUST0170,TANZANIA,Kampala,External SSD,Storage,4,15556.27,Card,Faith,Corporate,Cancelled
TX01230,2026-06-04,CUST0466,Rwanda,NAIROBI,Headset,Accessories,1,4888.36,Cash,David,Individual,Completed
TX04923,2026-02-11,CUST0105,TANZANIA,Dar es Salaam,External SSD,Storage,3,15348.15,Card,Carol,Corporate,Pending
TX01009,2026-06-20,CUST0465,Rwanda,Kampala,Tablet,Hardware,2,41996.79,Card,George,Corporate,Completed
TX04784,2026-02-14,CUST1067,Kenya,MOMBASA,External SSD,Storage,1,13466.7,Bank Transfer,Irene,Corporate,Completed
TX03239,2026-04-14,CUST1091,TANZANIA,Dar es Salaam,Monitor,Hardware,1,23734.92,Card,John,Corporate,Completed
TX03300,2026-05-11,CUST0363,Uganda,Kigali,External SSD,Storage,2,14998.91,Cash,David,SME,Completed
TX02533,2026-06-16,CUST0325,Rwanda,Mombasa,Monitor,Hardware,1,23349.2,Bank Transfer,Brian,Corporate,Completed
TX04237,2026-02-28,CUST0452,KE,Dar es Salaam,Tablet,Hardware,1,38861.49,Cash,David,Individual,Cancelled
TX01059,2026-03-10,CUST0381,KENYA,Dar es Salaam,Keyboard,Accessories,2,2606.3,M-Pesa,,SME,Completed
TX02167,2026-02-21,CUST0515,KENYA,Kisumu,Office Laptop,Hardware,1,89347.48,M-Pesa,Irene,SME,Pending
TX04166,2026-06-23,CUST0055,UGANDA,Dar es Salaam,Tablet,Hardware,1,39730.11,M-Pesa,Brian,Corporate,Completed
TX03495,2026-02-27,CUST0707,Tanzania,Nairobi,Monitor,Hardware,2,23673.08,M-Pesa,George,Corporate,Pending
TX00282,2026-04-11,CUST1013,Rwanda,MOMBASA,Wireless Mouse,Accessories,2,1857.18,M-Pesa,Amina,Individual,Completed
TX03692,2026-06-17,CUST0278,KE,Mombasa,Tablet,Hardware,1,40515.73,Card,Carol,SME,Pending
TX01317,2026-04-10,CUST0570,Uganda,MOMBASA,Office Laptop,Hardware,3,98803.58,Cash,John,Individual,Completed
TX01318,2026-02-01,CUST0043,UGANDA,NAIROBI,Tablet,Hardware,1,43354.95,M-Pesa,Irene,SME,Completed
TX00969,2026-01-28,CUST0983,Uganda,Kigali,Laptop Bag,Accessories,1,3606.58,Card,Amina,Corporate,Cancelled
TX04960,2026-05-16,CUST0889,Rwanda,Kampala,Headset,Accessories,1,5551.61,Bank Transfer,Brian,Corporate,Pending
TX04057,2026-01-29,CUST0185,Kenya,Nairobi,Headset,Accessories,1,4837.8,M-Pesa,John,Individual,Completed
TX04362,2026-05-20,CUST0544,UGANDA,NAIROBI,Laptop Bag,Accessories,2,3228.73,Cash,John,SME,Cancelled
TX04268,2026-01-17,CUST1128,Uganda,Kisumu,Monitor,Hardware,1,20404.71,Cash,John,SME ,Completed
TX00620,2026-01-20,CUST0558,KENYA,MOMBASA,Headset,Accessories,1,4823.9,Bank Transfer,Irene,SME,Completed
TX03353,2026-01-31,CUST0566,Tanzania,Mombasa,Headset,Accessories,1,5318.35,Card,George,Corporate,Completed
TX01743,2026-05-01,CUST0170,KENYA,Mombasa,Laptop Bag,Accessories,1,3573.96,Card,Brian,Individual,Completed
TX01391,2026-06-30,CUST0674,TANZANIA,Kampala,USB-C Hub,Accessories,2,6146.83,Bank Transfer,Faith,Corporate,Completed
TX04730,2026-06-19,CUST0518,KENYA,Nairobi,USB-C Hub,Accessories,1,5982.98,Card,Irene,SME,Completed
TX01848,2026-06-02,CUST0393,Rwanda,Kigali,Tablet,Hardware,2,38087.24,Bank Transfer,John,SME,Pending
TX01580,2026-04-15,CUST1055,UGANDA,MOMBASA,Tablet,Hardware,3,42949.32,,Faith,Corporate,Completed
TX01656,2026-05-27,CUST1005,UGANDA,Dar es Salaam,Wireless Mouse,Accessories,3,1785.35,M-Pesa,Brian,Individual,Completed
TX02353,2026-06-25,CUST0677,KENYA,Kisumu,Headset,Accessories,1,5085.18,Bank Transfer,George,Individual,Pending
TX02213,2026-03-27,CUST0477,TANZANIA,MOMBASA,External SSD,Storage,3,14874.27,Cash,John,SME,Completed
TX02021,2026-02-06,CUST0561,KENYA,Arusha,Keyboard,Accessories,2,2481.89,Card,Brian,Corporate,Cancelled
TX03697,2026-03-22,CUST0700,TANZANIA,Kampala,Monitor,Hardware,1,20126.99,Cash,Faith,Corporate,Cancelled
TX01957,2026-05-07,CUST1048,KENYA,Nairobi,Laptop Stand,Accessories,1,4125.11,Bank Transfer,Amina,Corporate,Cancelled
TX03709,2026-03-16,CUST0273,Tanzania,Nairobi,Laptop Stand,Accessories,2,4649.71,Cash,George,Individual,Cancelled
TX01308,2026-04-09,CUST0012,UGANDA,NAIROBI,USB-C Hub,Accessories,5,5966.5,Bank Transfer,Faith,SME,Completed
TX02004,2026-02-12,CUST1075,Uganda,MOMBASA,Keyboard,Accessories,1,2713.41,M-Pesa,George,Individual,Completed
TX04530,2026-01-27,CUST1002,TANZANIA,Kisumu,Keyboard,Accessories,2,2628.68,Card,Amina,SME,Pending
TX00576,2026-02-28,CUST1136,Rwanda,Dar es Salaam,Keyboard,Accessories,4,2414.41,Cash,George,Corporate,Completed
TX02361,2026-01-03,CUST0492,Kenya,Dar es Salaam,Wireless Mouse,Accessories,5,1634.17,Card,Irene,Corporate,Completed
TX04271,2026-03-29,,KENYA,MOMBASA,Laptop Stand,Accessories,4,4570.3,Card,Brian,SME,Completed
TX04511,2026-01-12,CUST0813,KE,Dar es Salaam,Wireless Mouse,Accessories,2,1796.6,Card,David,Corporate,Pending
TX01707,2026-01-07,CUST0166,Kenya,Dar es Salaam,Headset,Accessories,1,5363.1,Cash,David,Individual,COMPLETED
TX03873,2026-01-15,CUST0538,Uganda,Mombasa,External SSD,Storage,2,15376.05,Bank Transfer,Faith,Corporate,Cancelled
TX04056,2026-04-15,CUST0709,TANZANIA,MOMBASA,Laptop Stand,Accessories,1,4478.79,M-Pesa,Amina,Individual,Completed
TX01281,2026-02-09,CUST0792,Kenya,Kisumu,Wireless Mouse,Accessories,1,1963.24,Card,John,Individual,Completed
TX00862,2026-03-07,CUST0982,Uganda,Nairobi,External SSD,Storage,4,14428.0,M-Pesa,Brian,Individual,Completed
TX04213,2026-03-09,CUST0900,TANZANIA,NAIROBI,Laptop Stand,Accessories,1,4946.2,Cash,Faith,SME,Cancelled
TX01802,2026-01-08,CUST1160,KE,Kigali,Wireless Mouse,Accessories,4,1637.92,Bank Transfer,Amina,Corporate,Completed
TX01629,2026-03-06,CUST1166,KE,Arusha,Laptop Bag,Accessories,1,3517.94,Cash,Brian,Corporate,Completed
TX01994,2026-04-25,CUST0147,Uganda,Kampala,Keyboard,Accessories,4,2378.37,Cash,Brian,SME,Completed
TX02640,2026-06-14,CUST0871,Rwanda,Mombasa,Wireless Mouse,Accessories,1,1811.76,Cash,George,Individual,Cancelled
TX00270,2026-02-03,CUST0307,KE,MOMBASA,External SSD,Storage,1,15135.32,Bank Transfer,Brian,SME,Completed
TX00630,2026-02-07,CUST0086,Kenya,Kampala,Monitor,Hardware,4,22010.44,Cash,Brian,Corporate,Cancelled
TX03082,2026-05-16,CUST0480,Kenya,Kampala,External SSD,Storage,1,14266.98,M-Pesa,Brian,SME,Completed
TX02335,2026-03-25,CUST1055,UGANDA,Kisumu,Office Laptop,Hardware,1,99980.3,Cash,John,SME ,Completed
TX02967,2026-06-27,CUST1060,KE,Arusha,Laptop Bag,Accessories,2,3342.65,M-Pesa,Faith,Corporate,Completed
TX00301,2026-01-19,CUST0914,Kenya,MOMBASA,Headset,Accessories,1,5605.7,Cash,Carol,Corporate,Pending
TX00460,2026-06-09,CUST0733,Kenya,Nairobi,Keyboard,Accessories,2,2312.74,M-Pesa,Faith,Corporate,Completed
TX01448,2026-05-23,CUST0236,Kenya,Kisumu,Monitor,Hardware,1,20039.21,Bank Transfer,Faith,Corporate,Completed
TX01473,2026-03-30,CUST0257,Tanzania,Arusha,External SSD,Storage,2,14084.71,M-Pesa,Brian,SME,Pending
TX02047,2026-05-24,CUST0223,KENYA,Dar es Salaam,Keyboard,Accessories,2,2339.46,Bank Transfer,George,Individual,COMPLETED
TX04297,2026-04-24,CUST0274,Tanzania,Kisumu,Laptop Bag,Accessories,1,3208.48,Cash,Amina,SME,Pending
TX03895,2026-05-29,CUST1121,Rwanda,MOMBASA,External SSD,Storage,1,15434.62,Card,John,Corporate,Cancelled
TX02114,2026-06-23,CUST0248,Kenya,Kampala,Monitor,Hardware,2,20597.33,Cash,Brian,Individual,Completed
TX00028,2026-04-29,CUST0750,Uganda,Mombasa,Keyboard,Accessories,2,2534.15,Card,George,SME,Cancelled
TX03972,2026-03-08,CUST0144,KENYA,Nairobi,Tablet,Hardware,4,42099.71,M-Pesa,Brian,Individual,Completed
TX04597,2026-04-21,CUST0004,KE,Arusha,Laptop Stand,Accessories,1,4204.67,M-Pesa,John,SME ,Completed
TX03682,2026-04-16,CUST0427,Kenya,Nairobi,Keyboard,Accessories,2,2533.24,Cash,David,SME,Cancelled
TX00838,2026-03-10,CUST0918,Uganda,Mombasa,Tablet,Hardware,5,43505.04,Cash,Amina,Corporate,Completed
TX03959,2026-06-17,CUST0720,TANZANIA,Mombasa,Headset,Accessories,2,5184.53,Cash,Carol,Corporate,Completed
TX04522,2026-03-12,CUST0106,Tanzania,Dar es Salaam,Wireless Mouse,Accessories,1,1918.88,Cash,Amina,Corporate,Completed
TX02009,2026-04-01,CUST0480,Kenya,Kisumu,Office Laptop,Hardware,2,96128.64,Cash,Brian,Corporate,Completed
TX04987,2026-03-20,CUST0530,Rwanda,Kigali,Wireless Mouse,Accessories,1,1718.37,M-Pesa,Brian,Corporate,Completed
TX00504,2026-06-08,CUST1112,Rwanda,Dar es Salaam,Wireless Mouse,Accessories,1,1823.12,M-Pesa,Carol,Corporate,Completed
TX04495,2026-02-06,CUST1002,Rwanda,Mombasa,USB-C Hub,Accessories,2,6272.49,Card,Carol,Corporate,Pending
TX04376,2026-04-08,CUST0406,Rwanda,Nairobi,Wireless Mouse,Accessories,1,1754.64,Bank Transfer,Amina,SME ,Cancelled
TX00381,2026-05-11,CUST0098,Uganda,Dar es Salaam,Monitor,Hardware,1,21324.71,M-Pesa,Carol,SME,Completed
TX01852,2026-04-24,CUST0919,TANZANIA,Dar es Salaam,Monitor,Hardware,1,23948.34,Card,David,Corporate,Pending
TX01526,2026-06-07,CUST0099,Tanzania,Kigali,Headset,Accessories,1,5301.8,M-Pesa,Carol,SME,Cancelled
TX02366,2026-05-26,CUST0780,KE,MOMBASA,Monitor,Hardware,1,22739.47,Cash,Amina,Corporate,Cancelled
TX03347,2026-04-04,CUST1045,UGANDA,Kigali,Wireless Mouse,Accessories,1,1930.58,Bank Transfer,Carol,Corporate,Completed
TX03053,2026-06-26,CUST0831,Rwanda,Dar es Salaam,USB-C Hub,Accessories,3,5888.07,Card,Brian,Individual,Pending
TX02885,2026-05-09,CUST0699,UGANDA,MOMBASA,Tablet,Hardware,1,43592.62,Cash,Irene,Corporate,Completed
TX02341,2026-02-04,CUST0318,Uganda,NAIROBI,Laptop Bag,Accessories,1,3617.08,Bank Transfer,George,Corporate,Completed
TX00375,2026-04-29,CUST1015,Tanzania,Arusha,Keyboard,Accessories,1,2285.45,Bank Transfer,Carol,SME,Completed
TX03379,2026-01-09,CUST0380,KE,Nairobi,External SSD,Storage,2,14389.8,Cash,Amina,SME,Completed
TX02382,2026-05-05,CUST0871,Uganda,Kampala,Wireless Mouse,Accessories,2,1934.53,Bank Transfer,Irene,Individual,Completed
TX04656,2026-01-13,CUST0933,KE,Mombasa,Office Laptop,Hardware,1,103991.66,Card,George,SME,Completed
TX00940,2026-02-06,CUST1055,Rwanda,Mombasa,Monitor,Hardware,2,23366.66,Bank Transfer,Faith,Corporate,Completed
TX03985,2026-04-10,CUST0692,Tanzania,Kigali,Tablet,Hardware,2,39202.91,Cash,Brian,Individual,Completed
TX04233,2026-04-06,CUST1162,KENYA,MOMBASA,Office Laptop,Hardware,1,90300.16,Card,Irene,SME,Completed
TX02800,2026-01-08,CUST0011,Rwanda,Nairobi,Headset,Accessories,1,4864.32,Bank Transfer,,SME ,Completed
TX02148,2026-04-08,CUST1000,KENYA,Kisumu,Headset,Accessories,3,5097.51,Bank Transfer,George,Individual,Cancelled
TX03950,2026-05-28,CUST0068,KE,Kampala,External SSD,Storage,2,14807.45,Card,Brian,Corporate,Cancelled
TX04615,2026-05-14,CUST0136,Rwanda,Mombasa,Laptop Stand,Accessories,1,4197.54,M-Pesa,John,SME,Pending
TX04285,2026-04-15,CUST0927,TANZANIA,NAIROBI,Monitor,Hardware,2,20307.77,M-Pesa,Carol,Individual,Completed
TX02069,2026-03-23,CUST0081,KE,,Headset,Accessories,1,5387.42,Bank Transfer,David,Corporate,Cancelled
TX00530,2026-06-07,CUST1117,Uganda,Nairobi,Monitor,Hardware,1,20068.86,M-Pesa,Irene,SME,Completed
TX03861,2026-06-01,CUST0525,Uganda,,Headset,Accessories,1,5208.07,Cash,Amina,SME,Pending
TX00637,2026-01-23,CUST0833,Tanzania,Mombasa,Monitor,Hardware,3,22814.77,Cash,John,SME,Completed
TX01270,2026-06-27,CUST1132,Kenya,Nairobi,External SSD,Storage,1,14632.26,Cash,David,Individual,Pending
TX00186,2026-04-08,CUST1126,KE,MOMBASA,Office Laptop,Hardware,1,90985.03,Card,David,SME,Pending
TX03951,2026-01-14,CUST0820,UGANDA,Dar es Salaam,Laptop Bag,Accessories,4,3183.28,M-Pesa,Brian,Corporate,COMPLETED
TX03297,2026-04-21,CUST0643,UGANDA,Mombasa,Wireless Mouse,Accessories,1,1659.08,M-Pesa,Amina,Corporate,Completed
TX03577,2026-02-22,CUST0135,Kenya,Kigali,Monitor,Hardware,2,22788.86,Cash,Irene,Corporate,Completed
TX01798,2026-06-11,CUST0306,Uganda,Mombasa,Keyboard,Accessories,1,2521.99,Card,Irene,Individual,Pending
TX02980,2026-01-02,CUST0606,KE,Dar es Salaam,Monitor,Hardware,2,22657.76,Card,George,Individual,Completed
TX01442,2026-05-14,CUST0416,UGANDA,Mombasa,Keyboard,Accessories,1,2266.7,Card,Faith,SME,Completed
TX03549,2026-02-08,CUST0400,UGANDA,Kigali,Monitor,Hardware,1,22396.11,Cash,,Corporate,Completed
TX04954,2026-01-21,CUST0916,KENYA,NAIROBI,USB-C Hub,Accessories,1,6306.98,Cash,Carol,SME,Completed
TX01536,2026-04-15,CUST0493,Rwanda,Nairobi,Office Laptop,Hardware,2,88400.41,Bank Transfer,John,Corporate,Completed
TX03566,2026-03-04,CUST1112,KE,Arusha,Headset,Accessories,1,5011.93,M-Pesa,David,SME,Pending
TX03189,2026-05-21,CUST0042,Rwanda,Kampala,Wireless Mouse,Accessories,4,1703.71,M-Pesa,Brian,SME ,Cancelled
TX01274,2026-03-22,CUST0839,Tanzania,Dar es Salaam,Office Laptop,Hardware,1,96669.83,Cash,Amina,Individual,Completed
TX02468,2026-04-25,CUST0432,Uganda,Kampala,USB-C Hub,Accessories,1,5969.55,Bank Transfer,John,Individual,Completed
TX00608,2026-03-15,CUST0101,TANZANIA,Nairobi,Office Laptop,Hardware,2,85981.62,Cash,Carol,Individual,completed
TX04521,2026-04-26,CUST1044,Uganda,MOMBASA,Wireless Mouse,Accessories,1,1914.87,Bank Transfer,David,SME,COMPLETED
TX01713,2026-02-26,CUST0375,TANZANIA,Kigali,Laptop Bag,Accessories,2,3186.34,Cash,Irene,Individual,Completed
TX02200,2026-06-15,CUST0491,Kenya,NAIROBI,Monitor,Hardware,2,22569.2,M-Pesa,Amina,SME,Cancelled
TX00956,2026-05-27,CUST0292,UGANDA,Kigali,Laptop Bag,Accessories,2,3653.29,Bank Transfer,Irene,Individual,Completed
TX02580,2026-02-25,CUST0546,Uganda,NAIROBI,Office Laptop,Hardware,1,103134.66,Card,David,Individual,Completed
TX04244,2026-04-16,CUST0861,UGANDA,MOMBASA,Laptop Stand,Accessories,2,4267.02,M-Pesa,John,Individual,Completed
TX04499,2026-02-07,,Kenya,Nairobi,Monitor,Hardware,2,22545.95,M-Pesa,John,Individual,Completed
TX03502,2026-01-05,CUST0119,Uganda,Dar es Salaam,Headset,Accessories,1,4931.91,Card,Faith,SME,Completed
TX03816,2026-03-24,CUST0646,Kenya,Kisumu,Laptop Stand,Accessories,2,4905.6,Card,Faith,Individual,Completed
TX00404,2026-01-28,CUST0206,Uganda,NAIROBI,Tablet,Hardware,1,38684.9,Bank Transfer,Irene,Corporate,Completed
TX02072,2026-05-01,CUST0576,KE,Kampala,Tablet,Hardware,1,40665.43,M-Pesa,Faith,SME,Completed
TX04834,2026-03-27,CUST0900,Rwanda,Arusha,USB-C Hub,Accessories,1,5924.77,Card,George,SME,Cancelled
TX01978,2026-04-25,CUST1008,Kenya,NAIROBI,Wireless Mouse,Accessories,1,1682.15,Bank Transfer,John,Individual,Completed
TX00159,2026-05-19,CUST0721,Rwanda,Arusha,USB-C Hub,Accessories,2,6199.69,Cash,Faith,SME,Pending
TX01749,2026-05-26,CUST1054,KE,MOMBASA,Laptop Bag,Accessories,2,3565.07,Cash,Amina,Corporate,Completed
TX02910,2026-04-25,CUST0901,KENYA,MOMBASA,Wireless Mouse,Accessories,2,1756.37,Cash,John,SME,Completed
TX03659,2026-04-21,CUST1063,UGANDA,Kampala,Tablet,Hardware,1,40755.18,Bank Transfer,Irene,SME,Completed
TX00903,2026-05-21,CUST0139,Rwanda,Kisumu,Tablet,Hardware,1,39933.86,Bank Transfer,George,Individual,Completed
TX00353,2026-06-19,CUST0872,Uganda,Kisumu,Tablet,Hardware,2,40966.68,Card,Irene,Corporate,Completed
TX01231,2026-01-09,CUST0245,Kenya,MOMBASA,Tablet,Hardware,2,39650.05,Card,Amina,SME ,completed
TX04747,2026-12-31,CUST0326,Rwanda,Kampala,Monitor,Hardware,1,22068.41,Card,Amina,Corporate,Pending
TX02141,2026-05-31,CUST0559,Uganda,NAIROBI,Wireless Mouse,Accessories,1,1921.01,Bank Transfer,Irene,Corporate,Pending
TX00445,2026-04-16,CUST0184,KENYA,Kigali,Laptop Bag,Accessories,1,3838.96,Card,Amina,SME,Pending
TX02373,2026-02-09,CUST0726,TANZANIA,NAIROBI,Laptop Bag,Accessories,2,3735.08,Bank Transfer,Amina,Individual,Completed
TX00755,2026-03-11,CUST0613,Kenya,Mombasa,Office Laptop,Hardware,1,94846.63,Card,David,Individual,Completed
TX01738,2026-04-02,CUST0399,KE,Kisumu,External SSD,Storage,1,13348.14,Cash,Faith,Corporate,Cancelled
TX02972,2026-04-24,CUST0920,Uganda,Kigali,Headset,Accessories,2,5011.83,M-Pesa,Carol,SME,Completed
TX03236,2026-01-30,CUST1172,Kenya,Dar es Salaam,External SSD,Storage,1,13984.5,M-Pesa,Carol,Individual,Cancelled
TX02921,2026-03-08,CUST1087,KE,Kisumu,Monitor,Hardware,2,21794.57,Cash,Irene,Corporate,Completed
TX00312,2026-04-06,CUST1023,KE,MOMBASA,Tablet,Hardware,4,39049.89,Bank Transfer,Brian,SME,Cancelled
TX00549,2026-02-15,CUST0994,Kenya,MOMBASA,Office Laptop,Hardware,1,85956.1,Cash,Carol,SME,Completed
TX00662,2026-06-24,,UGANDA,,USB-C Hub,Accessories,3,6191.54,M-Pesa,Carol,Individual,Cancelled
TX04840,2026-01-22,CUST0985,KENYA,Kisumu,Headset,Accessories,1,5610.13,M-Pesa,David,Individual,COMPLETED
TX01990,2026-05-15,CUST0582,KENYA,MOMBASA,External SSD,Storage,3,15281.45,Card,David,Corporate,Completed
TX00307,2026-06-09,CUST0762,KE,NAIROBI,USB-C Hub,Accessories,1,6940.11,,Faith,SME,Pending
TX02336,2026-05-27,CUST0034,Kenya,Kisumu,Headset,Accessories,1,5149.52,Bank Transfer,David,Individual,Completed
TX00695,2026-06-08,CUST1138,Uganda,Kampala,Tablet,Hardware,1,41385.92,Cash,David,SME,COMPLETED
TX02357,2026-05-05,CUST0213,Rwanda,Mombasa,Laptop Stand,Accessories,4,4146.79,Bank Transfer,Amina,SME,Completed
TX01928,2026-06-05,CUST0575,Uganda,Kisumu,Laptop Stand,Accessories,3,4531.47,Bank Transfer,Carol,SME,Completed
TX00685,2026-06-27,CUST0396,TANZANIA,MOMBASA,Headset,Accessories,1,5646.84,Bank Transfer,Irene,Individual,Completed
TX00750,2026-04-22,CUST0649,Rwanda,Arusha,Tablet,Hardware,3,38633.6,Cash,Brian,Corporate,Completed
TX03614,2026-01-30,CUST0727,Kenya,Arusha,USB-C Hub,Accessories,2,6729.19,M-Pesa,,Corporate,Cancelled
TX03365,2026-06-09,,Rwanda,Kampala,Headset,Accessories,1,5220.26,Cash,David,Individual,Completed
TX01267,2026-06-28,CUST1123,KE,NAIROBI,Laptop Stand,Accessories,2,4231.32,Cash,David,Corporate,Completed
TX03404,2026-06-06,CUST0232,KE,Kigali,External SSD,Storage,1,15117.86,M-Pesa,Carol,Individual,Completed
TX03654,2026-06-02,CUST0845,KE,MOMBASA,External SSD,Storage,1,14265.24,Cash,Irene,Individual,COMPLETED
TX04826,2026-01-04,CUST0969,KENYA,Mombasa,Laptop Bag,Accessories,2,3503.76,M-Pesa,Irene,SME,Completed
TX02135,2026-01-07,CUST0178,Tanzania,Nairobi,Monitor,Hardware,1,20338.32,Card,Irene,SME,Completed
TX03084,2026-05-27,CUST0538,Kenya,Kisumu,Tablet,Hardware,2,38769.48,M-Pesa,John,SME,Pending
TX03062,2026-05-15,CUST0770,Uganda,Kisumu,Monitor,Hardware,2,20519.94,Card,David,Individual,Completed
TX03026,2026-05-02,CUST0828,Tanzania,Arusha,Wireless Mouse,Accessories,1,1672.95,M-Pesa,Amina,Corporate,Completed
TX00971,2026-02-25,CUST1083,KE,NAIROBI,Keyboard,Accessories,1,2457.61,Cash,Brian,Individual,Pending
TX00014,2026-05-14,CUST1052,KENYA,Kigali,Headset,Accessories,1,4847.67,Cash,David,SME,Completed
TX00874,2026-01-10,CUST0148,Rwanda,Kigali,Monitor,Hardware,1,20469.8,Card,Amina,Individual,Completed
TX00809,2026-05-20,CUST0989,Rwanda,Nairobi,Headset,Accessories,1,5640.1,Cash,George,Individual,Completed
TX03199,2026-04-08,CUST0475,Kenya,Mombasa,Laptop Bag,Accessories,1,3784.68,M-Pesa,Faith,SME,Completed
TX00515,2026-05-20,CUST1005,Tanzania,Dar es Salaam,Laptop Stand,Accessories,55,42000,Bank Transfer,George,Individual,Completed
TX04547,2026-06-30,CUST0624,Rwanda,Mombasa,External SSD,Storage,1,15181.91,M-Pesa,George,Individual,Cancelled
TX00410,2026-04-28,CUST0718,Uganda,Mombasa,Office Laptop,Hardware,3,89365.29,M-Pesa,Carol,Corporate,Completed
TX03530,2026-03-17,CUST0612,KENYA,Arusha,USB-C Hub,Accessories,2,6049.47,M-Pesa,Carol,Individual,Completed
TX04934,2026-03-19,CUST0895,TANZANIA,MOMBASA,Tablet,Hardware,1,42650.93,Bank Transfer,Faith,Corporate,Completed
TX00208,2026-03-16,CUST0311,UGANDA,NAIROBI,Headset,Accessories,1,5054.54,Card,Carol,SME,Completed
TX03525,2026-02-14,CUST0878,Rwanda,Nairobi,Tablet,Hardware,2,45555.52,Cash,Brian,Individual,Cancelled
TX00459,2026-06-04,CUST0107,Rwanda,Arusha,Laptop Bag,Accessories,2,3790.48,Cash,Brian,SME,Cancelled
TX03596,2026-04-22,CUST0511,Tanzania,Nairobi,Wireless Mouse,Accessories,2,1971.04,Card,David,Corporate,Completed
TX02431,2026-01-02,CUST0525,Rwanda,Arusha,Tablet,Hardware,1,41206.41,Cash,Faith,SME,Cancelled
TX03788,2026-06-02,CUST1075,KE,Kampala,USB-C Hub,Accessories,2,6047.07,Card,John,SME,Completed
TX00111,2026-02-23,CUST0579,UGANDA,Arusha,Keyboard,Accessories,1,2585.95,Bank Transfer,Amina,Corporate,Completed
TX04185,2026-01-29,CUST0541,UGANDA,NAIROBI,Keyboard,Accessories,2,2333.0,Cash,David,SME,Completed
TX01108,2026-04-05,CUST0729,KENYA,Arusha,Headset,Accessories,2,5587.36,M-Pesa,John,Individual,Completed
TX01884,2026-04-09,CUST0403,UGANDA,NAIROBI,External SSD,Storage,2,14007.78,M-Pesa,Carol,Corporate,Pending
TX01714,2026-02-03,CUST0822,KENYA,NAIROBI,Wireless Mouse,Accessories,1,1888.41,Bank Transfer,Irene,SME,Completed
TX04096,2026-06-12,CUST0673,TANZANIA,Kigali,Headset,Accessories,1,5176.39,M-Pesa,Faith,Individual,Completed
TX03521,2026-01-13,CUST0775,Kenya,Arusha,Headset,Accessories,2,5461.68,Cash,Faith,Individual,Completed
TX00553,2026-05-27,CUST0891,Uganda,Nairobi,Keyboard,Accessories,1,2615.44,Cash,Faith,SME,Completed
TX01440,2026-02-11,CUST0030,KE,NAIROBI,Laptop Bag,Accessories,2,3681.24,Bank Transfer,George,Corporate,Completed
TX02271,2026-06-13,CUST0377,Rwanda,NAIROBI,Laptop Bag,Accessories,2,3771.26,M-Pesa,Faith,Corporate,Completed
TX03145,2026-05-10,CUST0507,KE,Mombasa,USB-C Hub,Accessories,1,6312.85,Card,George,SME,Completed
TX02822,2026-06-14,CUST0427,KE,Arusha,Laptop Stand,Accessories,1,4219.05,M-Pesa,John,Individual,Pending
TX00529,2026-01-26,CUST1078,KENYA,Kigali,USB-C Hub,Accessories,2,6877.02,M-Pesa,Carol,Individual,Completed
TX01926,2026-04-28,CUST1079,Tanzania,Kigali,External SSD,Storage,2,14149.5,M-Pesa,Irene,SME ,Completed
TX00635,2026-04-20,CUST0088,Tanzania,NAIROBI,Monitor,Hardware,1,22341.5,Cash,Faith,SME,Cancelled
TX04884,2026-06-09,CUST0520,KE,Dar es Salaam,Monitor,Hardware,2,21842.37,M-Pesa,Amina,SME ,Pending
TX00317,2026-01-30,CUST1187,Rwanda,Mombasa,Laptop Stand,Accessories,1,4773.99,Bank Transfer,Brian,SME,Completed
TX04542,2026-04-17,CUST0421,Tanzania,MOMBASA,External SSD,Storage,1,13152.07,M-Pesa,Faith,Individual,Completed
TX04777,2026-01-11,CUST0525,Rwanda,Mombasa,Laptop Stand,Accessories,1,4329.78,Bank Transfer,John,Corporate,Completed
TX01329,2026-02-25,CUST0732,TANZANIA,Kisumu,Wireless Mouse,Accessories,4,1689.49,Bank Transfer,David,SME,Completed
TX00428,2026-01-03,CUST1149,TANZANIA,Mombasa,Laptop Bag,Accessories,2,3177.26,Card,Carol,Individual,Pending
TX04120,2026-01-29,CUST0672,Uganda,Nairobi,Laptop Bag,Accessories,4,3289.61,Cash,George,SME,Completed
TX00106,2026-03-22,CUST0689,Kenya,Dar es Salaam,USB-C Hub,Accessories,1,6126.49,Cash,George,SME,Completed
TX03042,2026-01-19,CUST1047,UGANDA,Kigali,Laptop Stand,Accessories,1,4503.64,M-Pesa,Brian,SME,Completed
TX00143,2026-02-06,CUST0973,KENYA,NAIROBI,USB-C Hub,Accessories,1,6790.45,Cash,Faith,Individual,Completed
TX02170,2026-06-16,CUST1036,Kenya,Dar es Salaam,Wireless Mouse,Accessories,3,1912.37,Cash,John,SME ,Cancelled
TX04343,2026-03-16,CUST0890,Uganda,Dar es Salaam,Monitor,Hardware,2,23584.08,Bank Transfer,Brian,Individual,Pending
TX00090,2026-03-25,CUST0329,Rwanda,NAIROBI,Headset,Accessories,2,4889.8,M-Pesa,Amina,Corporate,Completed
TX02919,2026-03-25,CUST0988,Tanzania,,USB-C Hub,Accessories,2,6756.6,Card,David,Corporate,Cancelled
TX03238,2026-01-28,CUST0351,Kenya,NAIROBI,Laptop Stand,Accessories,1,4534.38,M-Pesa,Irene,Corporate,Completed
TX02242,2026-04-07,CUST0955,KE,Arusha,Office Laptop,Hardware,4,101183.3,M-Pesa,Faith,Individual,Completed
TX03175,2026-06-04,CUST0243,KENYA,Arusha,Headset,Accessories,2,5022.73,Bank Transfer,George,Individual,Completed
TX04178,2026-06-27,CUST0942,KE,MOMBASA,USB-C Hub,Accessories,2,7031.76,Bank Transfer,Amina,Corporate,Completed
TX02164,2026-06-17,CUST0375,TANZANIA,MOMBASA,USB-C Hub,Accessories,1,5944.37,Cash,Brian,Individual,Completed
TX02637,2026-03-14,CUST1118,Rwanda,NAIROBI,Laptop Stand,Accessories,2,4258.93,Cash,Carol,SME,Cancelled
TX01950,2026-04-30,CUST0573,UGANDA,MOMBASA,External SSD,Storage,1,15785.17,M-Pesa,Brian,SME,Completed
TX01769,2026-03-14,CUST0711,Uganda,Kampala,External SSD,Storage,3,14401.81,Cash,Brian,Individual,Completed
TX04550,2026-01-23,CUST0196,UGANDA,NAIROBI,External SSD,Storage,1,13394.15,Card,Amina,Corporate,Completed
TX02273,2026-06-04,CUST0301,KE,Kigali,External SSD,Storage,1,15399.37,M-Pesa,Carol,SME,Completed
TX00002,2026-02-22,CUST0344,KE,Kampala,External SSD,Storage,1,13464.31,Cash,George,SME,Completed
TX03401,2026-03-14,CUST1185,UGANDA,MOMBASA,External SSD,Storage,1,15445.05,Card,Faith,Corporate,Completed
TX02082,2026-06-29,CUST0619,KE,Arusha,Wireless Mouse,Accessories,5,1666.88,Bank Transfer,Irene,Individual,Cancelled
TX01952,2026-01-08,CUST0626,KENYA,NAIROBI,Keyboard,Accessories,1,2358.62,Bank Transfer,Faith,SME,Completed
TX00936,2026-04-22,CUST0815,Kenya,NAIROBI,Keyboard,Accessories,2,2387.02,Card,Carol,Individual,Pending
TX04368,2026-06-29,CUST0004,TANZANIA,Kampala,External SSD,Storage,2,14888.25,M-Pesa,Amina,SME,Completed
TX02721,2026-05-28,CUST0259,KE,Dar es Salaam,Laptop Bag,Accessories,4,3771.59,Cash,George,SME,Completed
TX03611,2026-06-02,CUST1034,Uganda,MOMBASA,Office Laptop,Hardware,4,102619.67,Bank Transfer,Brian,SME,Completed
TX01110,2026-04-13,CUST0575,Tanzania,MOMBASA,Headset,Accessories,2,5561.3,Card,John,SME,Completed
TX03715,2026-03-11,CUST0031,Uganda,Nairobi,Laptop Stand,Accessories,1,4946.49,M-Pesa,Faith,Individual,Completed
TX00592,2026-02-18,CUST0882,Kenya,MOMBASA,Headset,Accessories,2,4938.55,Bank Transfer,Faith,SME ,Completed
TX01696,2026-01-29,CUST0669,Rwanda,MOMBASA,Tablet,Hardware,1,42767.53,Card,John,Corporate,Completed
TX04145,2026-01-26,CUST0002,Rwanda,Kigali,External SSD,Storage,1,13821.24,M-Pesa,John,Corporate,Completed
TX02937,2026-01-23,CUST1151,Uganda,Kigali,Keyboard,Accessories,3,2412.23,M-Pesa,Amina,Individual,Completed
TX04273,2026-01-13,CUST0827,KENYA,MOMBASA,USB-C Hub,Accessories,1,6631.61,Bank Transfer,Faith,SME,Pending
TX03533,2026-06-23,CUST0574,Kenya,Dar es Salaam,Keyboard,Accessories,3,2747.8,M-Pesa,Irene,SME,Completed
TX01577,2026-01-16,CUST0136,KE,Kigali,Monitor,Hardware,1,21050.2,M-Pesa,Brian,SME,Completed
TX04092,2026-05-04,,Rwanda,NAIROBI,USB-C Hub,Accessories,1,6162.18,,Amina,Individual,Cancelled
TX00214,2026-03-01,CUST0287,Tanzania,NAIROBI,Monitor,Hardware,1,20264.92,Bank Transfer,Faith,Corporate,COMPLETED
TX00779,2026-05-18,CUST1046,TANZANIA,Nairobi,Keyboard,Accessories,2,2581.75,Bank Transfer,Faith,Individual,Completed
TX01416,2026-02-10,CUST0010,Kenya,Dar es Salaam,Laptop Stand,Accessories,2,4489.84,Card,Brian,SME,Completed
TX03890,2026-04-01,CUST0720,KENYA,Nairobi,Office Laptop,Hardware,5,91360.66,Bank Transfer,Brian,SME,Completed
TX02044,2026-04-04,CUST1112,TANZANIA,Arusha,Keyboard,Accessories,2,2624.67,Card,Brian,Corporate,Completed
TX02849,2026-06-30,CUST0099,KENYA,Kigali,Office Laptop,Hardware,2,96373.85,Card,Amina,Individual,completed
TX04674,2026-03-07,CUST0299,UGANDA,Nairobi,Office Laptop,Hardware,4,100946.67,Card,Carol,SME,Completed
TX03961,2026-03-19,,Kenya,Kisumu,Tablet,Hardware,3,44208.43,Cash,John,Individual,Completed
TX03945,2026-05-10,CUST0829,Tanzania,Kisumu,Wireless Mouse,Accessories,3,1734.17,Card,John,Corporate,Completed
TX01568,2026-02-05,CUST1097,KE,MOMBASA,USB-C Hub,Accessories,3,7072.83,Card,Amina,Individual,Cancelled
TX00166,2026-01-12,CUST0909,KENYA,Kampala,Office Laptop,Hardware,1,93833.54,M-Pesa,Faith,Corporate,Completed
TX04792,2026-06-13,CUST0975,TANZANIA,MOMBASA,Office Laptop,Hardware,1,103332.56,M-Pesa,Amina,SME,Completed
TX03711,2026-04-01,CUST0797,Kenya,Arusha,USB-C Hub,Accessories,1,6506.38,Bank Transfer,Irene,Corporate,Pending
TX01807,2026-05-16,CUST1028,Uganda,Kampala,USB-C Hub,Accessories,1,6533.07,Cash,Amina,SME,COMPLETED
TX01344,2026-04-06,CUST0117,Tanzania,Dar es Salaam,Office Laptop,Hardware,1,101330.98,Cash,John,SME,Completed
TX02014,2026-02-07,CUST0070,TANZANIA,MOMBASA,Keyboard,Accessories,3,2325.98,M-Pesa,David,Corporate,Completed
TX00274,2026-05-25,CUST0845,Tanzania,MOMBASA,Office Laptop,Hardware,1,97910.09,Bank Transfer,Brian,Corporate,Completed
TX00072,2026-02-21,CUST0166,TANZANIA,NAIROBI,Wireless Mouse,Accessories,1,1777.49,M-Pesa,John,Corporate,Completed
TX04024,2026-06-17,CUST1061,KENYA,Kigali,Headset,Accessories,1,5257.16,Card,Brian,SME,Completed
TX01088,2026-06-24,CUST1196,KE,Kigali,Office Laptop,Hardware,1,87472.95,M-Pesa,John,SME,Completed
TX00395,2026-05-15,CUST0875,UGANDA,MOMBASA,USB-C Hub,Accessories,2,6628.5,Card,John,Corporate,COMPLETED
TX00584,2026-04-04,CUST0340,Kenya,Arusha,USB-C Hub,Accessories,1,6436.65,M-Pesa,Faith,Individual,Pending
TX01368,2026-01-10,CUST0500,Kenya,Dar es Salaam,Monitor,Hardware,1,23659.5,M-Pesa,John,SME,Pending
TX03719,2026-06-11,CUST0345,Tanzania,Arusha,Headset,Accessories,1,5656.74,Bank Transfer,Amina,Corporate,Completed
TX04719,2026-03-17,CUST0765,Tanzania,Kisumu,Laptop Stand,Accessories,1,4087.75,Card,Irene,SME,Completed
TX02549,2026-04-06,CUST0577,KE,NAIROBI,Laptop Stand,Accessories,1,4892.48,M-Pesa,Faith,Individual,Completed
TX01014,2026-02-20,CUST1021,TANZANIA,Kigali,USB-C Hub,Accessories,1,7047.39,Cash,John,Corporate,Completed
TX04977,2026-02-16,CUST0458,TANZANIA,Arusha,Tablet,Hardware,2,42853.08,Card,Carol,Individual,Completed
TX03004,2026-03-05,CUST0091,KE,Kigali,External SSD,Storage,1,13524.01,Card,John,SME,Completed
TX04867,2026-03-28,CUST1013,TANZANIA,NAIROBI,Monitor,Hardware,1,21890.33,Card,Carol,SME,Completed
TX01702,2026-03-28,CUST0585,Rwanda,NAIROBI,Laptop Bag,Accessories,1,3556.91,Bank Transfer,John,SME ,Cancelled
TX03657,2026-04-29,CUST0122,UGANDA,,Office Laptop,Hardware,2,103326.66,Card,Carol,Individual,Completed
TX01764,2026-05-31,CUST1164,Tanzania,Kampala,External SSD,Storage,1,15626.14,Card,David,Corporate,Completed
TX01876,2026-03-05,CUST0301,Rwanda,Kisumu,External SSD,Storage,1,13930.1,M-Pesa,Carol,SME,Cancelled
TX01260,2026-05-16,CUST1196,UGANDA,Kampala,External SSD,Storage,1,13941.55,M-Pesa,Faith,SME,Pending
TX03345,2026-01-29,CUST0850,KE,Kampala,Tablet,Hardware,3,38020.83,M-Pesa,Carol,SME ,Completed
TX04605,2026-03-28,CUST1188,KE,Arusha,Wireless Mouse,Accessories,5,1935.06,M-Pesa,George,SME,Completed
TX02254,2026-05-09,CUST0451,TANZANIA,Kisumu,USB-C Hub,Accessories,1,6372.17,Cash,David,Corporate,Pending
TX02782,2026-04-20,CUST0550,UGANDA,Kisumu,USB-C Hub,Accessories,2,6601.63,Cash,Irene,SME,Pending
TX03721,2026-06-23,CUST0322,KENYA,Kigali,USB-C Hub,Accessories,1,5879.66,Bank Transfer,Carol,Corporate,Cancelled
TX00527,2026-06-14,CUST0600,KE,Kisumu,Tablet,Hardware,2,40633.34,Cash,Amina,Individual,Cancelled
TX03543,2026-04-22,CUST1158,KE,NAIROBI,Laptop Stand,Accessories,3,4776.7,Card,Irene,Individual,Completed
TX02947,2026-04-29,CUST1100,TANZANIA,Kigali,Headset,Accessories,1,5207.03,M-Pesa,Irene,Individual,Completed
TX00378,2026-02-02,CUST1108,TANZANIA,Dar es Salaam,USB-C Hub,Accessories,1,5923.56,Card,Irene,Corporate,COMPLETED
TX01560,2026-05-05,CUST0862,KE,Kisumu,Monitor,Hardware,2,22136.41,Bank Transfer,Brian,SME,Completed
TX04614,2026-06-26,CUST0606,Rwanda,Kampala,Wireless Mouse,Accessories,1,1813.02,Cash,David,Individual,Completed
TX01964,2026-03-06,CUST0680,Uganda,MOMBASA,Headset,Accessories,1,4856.37,Bank Transfer,Faith,Corporate,Pending
TX04811,2026-06-18,CUST1137,UGANDA,NAIROBI,External SSD,Storage,1,14124.14,Cash,David,SME,Completed
TX00349,2026-03-05,CUST1114,Rwanda,Arusha,Office Laptop,Hardware,1,103577.17,Card,Amina,Corporate,Completed
TX02435,2026-02-07,CUST0808,Tanzania,Kisumu,Wireless Mouse,Accessories,3,1862.6,M-Pesa,Faith,SME,Cancelled
TX02247,2026-02-02,CUST0495,KENYA,Arusha,Headset,Accessories,5,5166.05,Card,Amina,Corporate,Completed
TX04234,2026-03-04,CUST0257,Kenya,Kisumu,Keyboard,Accessories,2,2333.25,Cash,John,Corporate,Completed
TX01710,2026-06-07,CUST0135,Rwanda,Arusha,External SSD,Storage,1,15546.52,M-Pesa,Faith,SME ,Pending
TX01051,2026-03-21,CUST0135,Tanzania,Nairobi,Laptop Bag,Accessories,2,3751.07,Bank Transfer,John,Individual,Completed
TX00591,2026-02-27,CUST0071,KE,NAIROBI,Laptop Bag,Accessories,3,3756.22,Cash,Brian,SME,Completed
TX00520,2026-01-16,CUST0193,UGANDA,Kampala,Headset,Accessories,5,5141.87,Bank Transfer,Brian,Individual,Completed
TX03381,2026-05-13,CUST0559,KENYA,MOMBASA,Laptop Stand,Accessories,2,4300.5,Card,Faith,Corporate,Completed
TX04568,2026-04-06,CUST0675,KENYA,Kigali,Laptop Bag,Accessories,1,3430.76,Bank Transfer,Brian,Corporate,Pending
TX04191,2026-02-12,CUST0801,Uganda,Mombasa,Wireless Mouse,Accessories,2,1659.34,Card,George,Individual,Pending
TX02478,2026-03-07,CUST0992,KENYA,Nairobi,Keyboard,Accessories,4,2591.93,Card,George,Individual,Completed
TX01084,2026-04-16,CUST0968,Rwanda,Kisumu,Wireless Mouse,Accessories,1,1878.2,Bank Transfer,Amina,Individual,Completed
TX03717,2026-04-10,CUST0045,Tanzania,MOMBASA,Keyboard,Accessories,2,2479.65,M-Pesa,Amina,Corporate,Pending
TX04857,2026-01-14,CUST0839,Tanzania,Kisumu,External SSD,Storage,1,13752.69,Bank Transfer,George,Individual,Completed
TX04708,2026-05-19,CUST0898,KE,Kisumu,Headset,Accessories,4,4887.32,Card,Amina,Corporate,completed
TX01295,2026-02-07,CUST1062,KE,Dar es Salaam,Headset,Accessories,1,5261.67,M-Pesa,David,Corporate,Completed
TX01810,2026-05-30,CUST0923,Uganda,Kampala,Laptop Bag,Accessories,1,3808.99,Card,Brian,Individual,Completed
TX00792,2026-02-02,CUST1164,Kenya,Kampala,Wireless Mouse,Accessories,1,1783.97,M-Pesa,Amina,Corporate,Completed
TX00793,2026-03-26,CUST1055,Kenya,Dar es Salaam,External SSD,Storage,2,15014.64,M-Pesa,John,SME,Pending
TX04182,2026-04-04,CUST0612,KENYA,NAIROBI,Headset,Accessories,5,5020.4,Card,Brian,Individual,Completed
TX01856,2026-04-22,CUST1044,TANZANIA,Nairobi,Keyboard,Accessories,1,2370.56,Cash,Amina,Individual,Cancelled
TX04836,2026-04-02,CUST0118,Uganda,NAIROBI,External SSD,Storage,1,13878.89,Card,,Corporate,Completed
TX01981,2026-02-11,CUST0405,KENYA,NAIROBI,Monitor,Hardware,2,20061.99,Cash,Faith,Corporate,completed
TX03234,2026-01-12,CUST0758,TANZANIA,Kampala,Headset,Accessories,1,4899.73,M-Pesa,David,Individual,Completed
TX04045,2026-04-01,CUST0983,Rwanda,Arusha,Monitor,Hardware,1,22601.68,Bank Transfer,Irene,Individual,Cancelled
TX04699,2026-05-30,CUST0585,Kenya,Kampala,External SSD,Storage,2,15862.63,M-Pesa,John,SME,Completed
TX03329,2026-02-14,CUST0498,UGANDA,Kigali,Laptop Stand,Accessories,2,4167.36,Cash,Brian,SME,Completed
TX01531,2026-05-08,CUST0097,Uganda,Mombasa,USB-C Hub,Accessories,2,6111.27,Cash,Irene,SME,Completed
TX01411,2026-01-26,CUST0806,UGANDA,Nairobi,USB-C Hub,Accessories,1,7125.79,Card,Brian,Individual,Completed
TX04366,2026-03-06,CUST1103,Uganda,Kampala,Laptop Stand,Accessories,1,4802.43,Card,Faith,SME,Pending
TX04725,2026-01-07,CUST0800,KENYA,Dar es Salaam,Headset,Accessories,2,5575.03,Bank Transfer,George,Individual,Completed
TX00084,2026-06-30,CUST0277,Kenya,Nairobi,External SSD,Storage,1,14008.01,Card,George,Corporate,Cancelled
TX00869,2026-05-30,CUST1126,Uganda,Nairobi,External SSD,Storage,1,13140.10,Card,George,SME,Completed
TX02351,2026-04-26,CUST0486,Rwanda,Mombasa,Office Laptop,Hardware,1,90374.69,Card,David,Corporate,Cancelled
TX00021,2026-05-28,CUST0955,Rwanda,Mombasa,Laptop Bag,Accessories,1,3505.74,Cash,Carol,SME,Completed
TX03546,2026-02-23,CUST0736,KENYA,Kampala,External SSD,Storage,4,13273.17,Cash,John,Corporate,Completed
TX02796,2026-05-07,CUST1135,Rwanda,Kisumu,External SSD,Storage,2,15940.51,Cash,Faith,Individual,Completed
TX03454,2026-02-15,CUST0843,UGANDA,Nairobi,Monitor,Hardware,5,23592.2,M-Pesa,Brian,Individual,Cancelled
TX04687,2026-03-23,CUST0277,Rwanda,Kigali,Office Laptop,Hardware,1,92316.05,Cash,Carol,SME,Completed
TX01563,2026-06-29,CUST0243,UGANDA,Kigali,External SSD,Storage,1,13343.12,Cash,Faith,SME,Cancelled
TX03094,2026-05-19,CUST0595,UGANDA,Arusha,External SSD,Storage,1,15158.2,Card,Brian,Individual,Completed
TX03156,2026-06-30,CUST0361,TANZANIA,NAIROBI,Laptop Bag,Accessories,2,3700.33,Bank Transfer,Brian,Individual,Completed
TX00974,2026-03-27,CUST0320,KE,Kisumu,USB-C Hub,Accessories,2,6710.44,M-Pesa,George,SME,Cancelled
TX01711,2026-01-17,CUST0435,Kenya,NAIROBI,Monitor,Hardware,3,20929.65,M-Pesa,Brian,Corporate,completed
TX03202,2026-03-31,CUST1187,KENYA,Mombasa,Keyboard,Accessories,2,2740.09,M-Pesa,Carol,SME,Completed
TX04205,2026-05-16,CUST0070,Tanzania,Kisumu,USB-C Hub,Accessories,1,6237.01,M-Pesa,Brian,SME,Completed
TX04898,2026-05-19,CUST0976,Rwanda,MOMBASA,Tablet,Hardware,3,38066.66,Cash,Brian,SME,Completed
TX01099,2026-04-14,CUST0245,TANZANIA,Kisumu,Wireless Mouse,Accessories,4,1635.08,M-Pesa,Amina,Individual,completed
TX04229,2026-01-01,CUST0503,KE,Kigali,Wireless Mouse,Accessories,1,1656.08,Bank Transfer,George,SME,Cancelled
TX02845,2026-02-10,CUST0431,Kenya,Kampala,Laptop Stand,Accessories,3,4827.66,Card,George,SME,Completed
TX00887,2026-05-17,CUST0698,Kenya,Dar es Salaam,USB-C Hub,Accessories,2,6976.91,Bank Transfer,Carol,Individual,Pending
TX04779,2026-03-22,CUST0170,Rwanda,Arusha,Office Laptop,Hardware,1,88937.95,Card,George,SME,Pending
TX03809,2026-01-18,,KENYA,Arusha,Headset,Accessories,1,5528.03,M-Pesa,David,Individual,Completed
TX04655,2026-01-01,CUST1125,Tanzania,Kisumu,Headset,Accessories,2,5487.1,Cash,Amina,Individual,Completed
TX03693,2026-06-17,CUST0193,TANZANIA,Dar es Salaam,Laptop Stand,Accessories,1,4824.3,Card,Brian,Corporate,Completed
TX04473,2026-03-31,CUST0763,KENYA,Nairobi,Office Laptop,Hardware,2,98090.39,Card,David,Individual,completed
TX00516,2026-02-23,CUST0610,Kenya,Kigali,Headset,Accessories,1,5525.97,M-Pesa,Faith,Corporate,Completed
TX04697,2026-03-22,CUST0441,UGANDA,Dar es Salaam,External SSD,Storage,3,14251.79,Bank Transfer,David,SME,Completed
TX00738,2026-04-09,CUST0356,Rwanda,Arusha,Office Laptop,Hardware,1,90217.46,Bank Transfer,Irene,SME,Cancelled
TX01454,2026-05-21,CUST0466,TANZANIA,NAIROBI,Laptop Bag,Accessories,5,3539.87,Cash,Irene,Individual,Completed
TX02007,2026-04-22,CUST0017,TANZANIA,,Tablet,Hardware,3,42687.63,M-Pesa,David,SME,Completed
TX04778,2026-01-07,CUST0927,KENYA,Arusha,Office Laptop,Hardware,5,92667.81,M-Pesa,George,SME,Completed
TX02507,2026-05-17,CUST0095,KENYA,Kampala,Laptop Stand,Accessories,1,4594.25,Bank Transfer,George,SME,Completed
TX02995,2026-06-05,CUST0149,Kenya,NAIROBI,Wireless Mouse,Accessories,5,1775.63,Bank Transfer,Carol,SME,Completed
TX02127,2026-02-09,CUST1096,KE,NAIROBI,USB-C Hub,Accessories,2,6248.64,M-Pesa,George,Corporate,Completed
TX02927,2026-04-23,CUST0981,KE,Mombasa,USB-C Hub,Accessories,2,7054.03,M-Pesa,Faith,Corporate,Completed
TX04824,2026-02-03,CUST1111,UGANDA,Nairobi,Headset,Accessories,2,4795.5,Card,John,Corporate,Completed
TX00907,2026-03-30,CUST0793,Rwanda,Kampala,External SSD,Storage,3,15144.88,M-Pesa,John,SME,Completed
TX04838,2026-05-13,CUST0346,Uganda,NAIROBI,Keyboard,Accessories,1,2720.04,M-Pesa,John,Corporate,Completed
TX01031,2026-03-10,CUST0140,Uganda,Arusha,Laptop Stand,Accessories,5,4673.89,Card,Carol,Individual,Pending
TX02508,2026-01-07,CUST0234,TANZANIA,MOMBASA,Office Laptop,Hardware,2,87140.4,Card,Brian,Corporate,Pending
TX02429,2026-05-19,CUST0351,Rwanda,Kampala,Monitor,Hardware,2,22109.27,Cash,Irene,Corporate,Completed
TX00948,2026-05-17,CUST0722,Tanzania,,Office Laptop,Hardware,2,92098.47,Card,Faith,Corporate,Completed
TX03938,2026-05-22,CUST0649,UGANDA,Kampala,Tablet,Hardware,4,43056.29,Card,Carol,Individual,Completed
TX00763,2026-03-25,CUST0388,KE,NAIROBI,Laptop Stand,Accessories,1,4842.14,Card,Brian,SME,Completed
TX00716,2026-01-02,CUST0211,TANZANIA,Mombasa,Laptop Bag,Accessories,5,3630.68,Bank Transfer,Faith,SME,completed
TX00285,2026-03-27,CUST0194,Uganda,Mombasa,Headset,Accessories,1,4923.55,Cash,Brian,Corporate,Completed
TX00687,2026-01-18,CUST0373,TANZANIA,Kisumu,Laptop Bag,Accessories,2,3470.85,M-Pesa,George,Corporate,Cancelled
TX00704,2026-01-25,CUST0923,Kenya,NAIROBI,Laptop Stand,Accessories,3,4670.48,M-Pesa,Irene,SME,Completed
TX03342,2026-06-07,CUST1080,Tanzania,Dar es Salaam,Monitor,Hardware,1,22101.52,Bank Transfer,Amina,SME,Completed
TX02354,2026-04-16,CUST0931,Rwanda,Nairobi,Laptop Stand,Accessories,1,4772.58,M-Pesa,Amina,Corporate,Completed
TX02258,2026-02-23,CUST0870,Kenya,Kampala,External SSD,Storage,2,13995.83,Bank Transfer,Amina,Corporate,completed
TX03677,2026-02-11,CUST0847,UGANDA,Kigali,Tablet,Hardware,1,44131.05,M-Pesa,John,SME,Pending
TX00474,2026-03-31,CUST0891,KE,Dar es Salaam,Laptop Bag,Accessories,2,3581.86,Cash,Irene,Individual,Pending
TX00022,2026-06-10,CUST0872,TANZANIA,MOMBASA,Keyboard,Accessories,2,2424.33,M-Pesa,Carol,Individual,Completed
TX02753,2026-03-08,,TANZANIA,Nairobi,Laptop Stand,Accessories,1,4574.49,Cash,Amina,Individual,Pending
TX00886,2026-03-12,CUST0838,KE,NAIROBI,USB-C Hub,Accessories,1,6271.86,Card,Irene,Corporate,Completed
TX02449,2026-06-15,CUST0083,Uganda,Kigali,Headset,Accessories,2,4854.23,Bank Transfer,Carol,Individual,Completed
TX00918,2026-03-02,CUST0242,Tanzania,NAIROBI,Office Laptop,Hardware,2,95034.96,Bank Transfer,Irene,Individual,Completed
TX03888,2026-02-10,CUST1008,Tanzania,Mombasa,Laptop Stand,Accessories,1,4543.53,M-Pesa,Brian,SME,Pending
TX03882,2026-03-03,CUST0816,UGANDA,Dar es Salaam,Laptop Bag,Accessories,1,3788.41,Bank Transfer,David,SME,Completed
TX02240,2026-01-22,CUST0707,Kenya,Nairobi,Laptop Stand,Accessories,2,4634.76,Card,Amina,Corporate,Completed
TX03977,2026-01-02,CUST0654,Uganda,Mombasa,Monitor,Hardware,3,22909.66,Cash,Faith,Individual,Completed
TX03396,2026-05-28,CUST0701,Kenya,NAIROBI,External SSD,Storage,1,15020.78,Bank Transfer,Carol,SME,Completed
TX01266,2026-01-08,CUST0816,Rwanda,Nairobi,Office Laptop,Hardware,1,97477.62,M-Pesa,Carol,Individual,Completed
TX00484,2026-02-14,CUST0583,TANZANIA,Kigali,USB-C Hub,Accessories,1,7109.28,Cash,David,Corporate,COMPLETED
TX04409,2026-01-17,CUST0534,Rwanda,Kisumu,Monitor,Hardware,1,23578.58,M-Pesa,George,Corporate,Completed
TX02964,2026-03-23,CUST0497,KE,Arusha,Office Laptop,Hardware,1,92035.54,Card,David,Individual,Cancelled
TX01220,2026-02-12,CUST1166,Uganda,NAIROBI,Keyboard,Accessories,2,2562.61,Card,John,Corporate,Completed
TX00278,2026-06-24,CUST0398,Uganda,Mombasa,Office Laptop,Hardware,1,101258.5,Cash,George,Individual,Completed
TX00989,2026-06-20,CUST0190,Uganda,Dar es Salaam,USB-C Hub,Accessories,2,6720.15,Bank Transfer,David,Individual,completed
TX02085,2026-06-22,CUST0628,Uganda,Kigali,Laptop Bag,Accessories,3,3704.08,M-Pesa,Brian,SME,Completed
TX01246,2026-04-29,CUST0511,Uganda,Arusha,Tablet,Hardware,2,45665.31,Cash,Amina,Individual,Completed
TX02383,2026-04-04,CUST1012,KE,Dar es Salaam,Keyboard,Accessories,1,2574.28,Cash,Irene,Individual,Completed
TX00572,2026-01-07,CUST0467,Tanzania,MOMBASA,Keyboard,Accessories,3,2341.41,M-Pesa,Amina,Corporate,Cancelled
TX01436,2026-01-06,CUST0299,KENYA,Kampala,Laptop Stand,Accessories,1,4278.33,M-Pesa,Brian,Corporate,Completed
TX00994,2026-05-11,CUST0855,KENYA,Kigali,USB-C Hub,Accessories,4,6641.16,M-Pesa,Brian,Individual,Completed
TX03575,2026-03-06,CUST0591,Uganda,Arusha,Office Laptop,Hardware,1,87128.24,Cash,Irene,SME,Completed
TX03896,2026-05-15,CUST0653,Kenya,Kisumu,Laptop Stand,Accessories,5,4613.29,Cash,Irene,SME,Completed
TX00586,2026-03-10,CUST0448,Tanzania,Nairobi,Monitor,Hardware,1,21211.76,Cash,Carol,Individual,COMPLETED
TX03527,2026-05-12,CUST0266,Tanzania,Kisumu,External SSD,Storage,1,15595.66,M-Pesa,David,Individual,Completed
TX03789,2026-01-26,CUST0122,Tanzania,MOMBASA,Headset,Accessories,1,4692.53,M-Pesa,Amina,Corporate,Cancelled
TX02515,2026-05-10,CUST0608,TANZANIA,Mombasa,Laptop Bag,Accessories,2,3302.93,Bank Transfer,Brian,Individual,Pending
TX01350,2026-01-17,CUST0476,Kenya,Kigali,Keyboard,Accessories,2,2724.77,Bank Transfer,Amina,SME,Completed
TX01008,2026-06-05,CUST1139,Rwanda,MOMBASA,Tablet,Hardware,5,41066.35,M-Pesa,Brian,SME,Completed
TX00675,2026-03-12,CUST0809,Uganda,Nairobi,Wireless Mouse,Accessories,2,1808.1,Bank Transfer,Carol,Corporate,Cancelled
TX02413,2026-06-04,CUST0432,Uganda,Arusha,Wireless Mouse,Accessories,1,1832.06,M-Pesa,John,Individual,Completed
TX02904,2026-03-06,CUST0814,TANZANIA,Kisumu,Wireless Mouse,Accessories,2,1935.89,Card,John,Individual,Pending
TX00448,2026-05-24,CUST0187,Rwanda,NAIROBI,Keyboard,Accessories,2,2308.51,M-Pesa,John,SME,Completed
TX04363,2026-06-16,CUST0223,Uganda,NAIROBI,Keyboard,Accessories,5,2578.98,Bank Transfer,Carol,Individual,Pending
TX03889,2026-03-03,CUST0082,KE,Dar es Salaam,Office Laptop,Hardware,2,95486.71,Card,George,Individual,Completed
TX03834,2026-02-27,CUST0334,KENYA,Kigali,Headset,Accessories,2,5534.36,Bank Transfer,Amina,Individual,Completed
TX00360,2026-04-22,CUST0924,Kenya,Mombasa,Wireless Mouse,Accessories,1,1832.81,Card,Amina,Corporate,Cancelled
TX02065,2026-03-05,CUST0501,KE,Kigali,Wireless Mouse,Accessories,2,1929.65,Card,Brian,Individual,Completed
TX04524,2026-06-03,CUST0316,KE,NAIROBI,USB-C Hub,Accessories,2,6099.81,Cash,John,Corporate,Completed
TX03942,2026-01-07,CUST0682,Kenya,Arusha,External SSD,Storage,5,13080.19,Cash,Amina,SME ,Pending
TX01691,2026-02-14,CUST0827,Kenya,Arusha,Laptop Stand,Accessories,2,4255.58,Card,Faith,Individual,Completed
TX04398,2026-01-15,CUST1007,TANZANIA,Kampala,Wireless Mouse,Accessories,2,1915.02,Bank Transfer,Irene,SME,Cancelled
TX01549,2026-06-02,CUST0061,Uganda,Dar es Salaam,Laptop Bag,Accessories,1,3535.93,M-Pesa,Irene,SME,Cancelled
TX01248,2026-03-22,CUST0686,Rwanda,Kampala,Laptop Stand,Accessories,1,4556.44,Card,Irene,Corporate,Completed
TX01986,2026-03-05,CUST0191,Tanzania,Kisumu,Keyboard,Accessories,1,2486.13,Card,Irene,Corporate,Pending
TX00295,2026-02-20,CUST0713,Tanzania,NAIROBI,Wireless Mouse,Accessories,3,1835.53,M-Pesa,Irene,Corporate,Cancelled
TX01548,2026-05-03,CUST0455,KE,Kisumu,Wireless Mouse,Accessories,3,1969.22,Card,Brian,SME,Cancelled
TX02013,2026-03-27,CUST0738,Rwanda,Arusha,External SSD,Storage,1,13992.17,Card,Carol,SME,Pending
TX00589,2026-03-11,CUST0802,Kenya,Kigali,Wireless Mouse,Accessories,1,1887.85,Bank Transfer,Brian,SME,completed
TX03330,2026-05-03,CUST1129,Tanzania,NAIROBI,Headset,Accessories,3,5578.12,Card,John,SME,completed
TX02404,2026-01-04,CUST0203,KENYA,Kampala,Laptop Bag,Accessories,3,3518.07,Card,Faith,Corporate,Pending
TX02130,2026-02-20,CUST1010,UGANDA,NAIROBI,Headset,Accessories,1,4684.22,M-Pesa,John,SME,Pending
TX04460,2026-04-03,CUST1015,Tanzania,Arusha,Monitor,Hardware,1,23424.09,Bank Transfer,Amina,Individual,Completed
TX03509,2026-04-18,CUST1196,Kenya,Nairobi,Tablet,Hardware,1,40673.08,M-Pesa,Brian,SME ,Pending
TX02411,2026-03-04,CUST0356,TANZANIA,Nairobi,Keyboard,Accessories,1,2452.68,Bank Transfer,Amina,Individual,Completed
TX02720,2026-03-01,CUST0621,Kenya,Kisumu,Headset,Accessories,1,5269.42,M-Pesa,John,Corporate,completed
TX04629,2026-06-26,CUST0264,Tanzania,Mombasa,Monitor,Hardware,4,23114.59,Cash,Amina,Corporate,Completed
TX00426,2026-02-04,CUST0459,TANZANIA,Nairobi,Tablet,Hardware,1,41712.94,Bank Transfer,Faith,Corporate,Completed
TX02583,2026-03-14,CUST0046,UGANDA,MOMBASA,Laptop Bag,Accessories,3,3178.17,Card,David,SME,Completed
TX01055,2026-01-24,CUST0525,UGANDA,Kigali,Laptop Stand,Accessories,1,4402.75,Bank Transfer,David,Individual,Completed
TX04631,2026-04-09,CUST0694,Uganda,Kampala,External SSD,Storage,2,15812.96,Cash,George,Corporate,Completed
TX04959,2026-06-14,CUST0577,Uganda,Kigali,Headset,Accessories,4,5464.2,Cash,Carol,Individual,Completed
TX00557,2026-02-19,CUST0347,KE,Dar es Salaam,Wireless Mouse,Accessories,1,1917.9,Card,Carol,Individual,Completed
TX04430,2026-03-28,CUST0120,Uganda,Nairobi,Keyboard,Accessories,4,2650.91,M-Pesa,John,Individual,COMPLETED
TX04075,2026-04-20,CUST0106,TANZANIA,Mombasa,Headset,Accessories,1,4848.75,M-Pesa,George,SME,Cancelled
TX04790,2026-03-18,CUST0776,TANZANIA,Kigali,Monitor,Hardware,1,21054.79,M-Pesa,Irene,Individual,completed
TX02470,2026-06-22,CUST0205,Uganda,Kigali,Tablet,Hardware,1,46170.51,Card,Brian,Corporate,completed
TX04788,2026-05-21,CUST0119,Tanzania,Arusha,Office Laptop,Hardware,1,94525.17,Card,Amina,Individual,Completed
TX00356,2026-04-24,CUST1082,KENYA,MOMBASA,Monitor,Hardware,1,22324.9,Card,Faith,Corporate,Completed
TX01194,2026-03-02,CUST0847,KENYA,Dar es Salaam,Monitor,Hardware,2,20552.16,Card,David,Corporate,Completed
TX01717,2026-03-05,CUST0380,Uganda,Kisumu,Monitor,Hardware,1,24084.49,Bank Transfer,George,Corporate,Completed
TX03417,2026-02-09,CUST0713,Kenya,Arusha,Laptop Bag,Accessories,5,3372.99,Cash,George,SME,Completed
TX02605,2026-05-02,CUST0141,Rwanda,Arusha,USB-C Hub,Accessories,5,6147.46,Cash,David,SME,Pending
TX04197,2026-06-13,CUST0562,UGANDA,Nairobi,USB-C Hub,Accessories,1,6151.55,Bank Transfer,John,SME,Completed
TX02829,2026-04-09,CUST0561,Tanzania,Kampala,Monitor,Hardware,5,22589.81,Card,Faith,Corporate,Completed
TX01705,2026-03-29,CUST0573,Tanzania,Kigali,Laptop Stand,Accessories,2,4219.37,Card,Carol,SME,Completed
TX02864,2026-06-29,CUST0874,Uganda,Kisumu,Tablet,Hardware,3,42061.85,Card,Faith,SME,Completed
TX02619,2026-04-24,CUST0194,Tanzania,MOMBASA,Office Laptop,Hardware,2,91668.71,Card,Brian,Individual,Completed
TX02401,2026-06-18,CUST0373,Rwanda,Kampala,Headset,Accessories,1,5459.16,Cash,Brian,Individual,Completed
TX02140,2026-05-10,CUST0387,TANZANIA,Kampala,Tablet,Hardware,2,41383.65,M-Pesa,John,SME,Completed
TX03240,2026-05-13,CUST0115,UGANDA,Dar es Salaam,Keyboard,Accessories,1,2325.62,M-Pesa,Amina,Corporate,Completed
TX02384,2026-04-04,CUST0778,Rwanda,Dar es Salaam,Laptop Stand,Accessories,1,4613.75,M-Pesa,George,SME,Completed
TX03219,2026-03-20,CUST0435,KENYA,Arusha,Monitor,Hardware,2,21923.19,Card,Faith,Individual,Cancelled
TX03898,2026-04-26,CUST0125,Uganda,Mombasa,Headset,Accessories,1,5523.48,M-Pesa,Brian,SME ,Pending
TX01286,2026-06-02,CUST0837,Tanzania,Arusha,Monitor,Hardware,1,21052.57,Card,George,SME,Completed
TX03928,2026-01-19,CUST0704,KE,Dar es Salaam,Laptop Stand,Accessories,1,4485.51,Bank Transfer,Brian,SME,Completed
TX03973,2026-05-04,CUST0278,Uganda,Kisumu,External SSD,Storage,4,15091.68,M-Pesa,Brian,SME,Completed
TX04543,2026-05-04,CUST1157,UGANDA,Arusha,Laptop Bag,Accessories,1,3172.49,Card,David,SME,Completed
TX02088,2026-05-12,CUST0201,Rwanda,Kampala,Monitor,Hardware,4,21039.26,Bank Transfer,Irene,Individual,Completed
TX01890,2026-05-19,CUST0666,Rwanda,MOMBASA,Office Laptop,Hardware,1,102754.92,M-Pesa,George,SME,Completed
TX03631,2026-05-03,CUST0883,Rwanda,Kigali,Tablet,Hardware,2,38752.34,M-Pesa,Amina,SME,Completed
TX01592,2026-02-06,CUST0292,TANZANIA,MOMBASA,Laptop Stand,Accessories,1,4583.24,Bank Transfer,Faith,SME,Completed
TX01347,2026-03-13,CUST0360,UGANDA,MOMBASA,Office Laptop,Hardware,2,102408.69,M-Pesa,John,SME ,Completed
TX04505,2026-05-19,CUST0423,UGANDA,Arusha,Keyboard,Accessories,2,2311.04,M-Pesa,John,Individual,Pending
TX02163,2026-06-25,CUST0448,TANZANIA,Arusha,External SSD,Storage,3,14440.66,Cash,John,Corporate,Completed
TX02397,2026-05-21,CUST0341,UGANDA,MOMBASA,Wireless Mouse,Accessories,1,1832.55,Bank Transfer,Amina,SME,Completed
TX03774,2026-06-09,CUST1130,KE,Kampala,Wireless Mouse,Accessories,2,1676.68,Bank Transfer,John,Corporate,Completed
TX02272,2026-02-08,CUST0115,Kenya,Dar es Salaam,Laptop Bag,Accessories,2,3435.93,Card,George,Individual,Completed
TX04565,2026-06-04,CUST0448,Tanzania,Kampala,Headset,Accessories,1,5073.44,M-Pesa,Irene,Corporate,Completed
TX03112,2026-01-18,CUST0453,KE,Kigali,Laptop Bag,Accessories,2,3602.16,Card,Irene,Corporate,Completed
TX01138,2026-02-11,CUST1092,Uganda,NAIROBI,Wireless Mouse,Accessories,2,1815.65,M-Pesa,David,Corporate,Completed
TX04032,2026-06-26,CUST0650,UGANDA,Kampala,Headset,Accessories,1,4971.11,Cash,Brian,Corporate,Pending
TX00973,2026-06-25,CUST1138,Uganda,Kigali,Keyboard,Accessories,1,2468.43,Bank Transfer,David,SME,Completed
TX00796,2026-01-20,CUST0376,Kenya,NAIROBI,External SSD,Storage,1,15535.16,Cash,John,SME,COMPLETED
TX03021,2026-01-03,CUST0454,Tanzania,Arusha,Keyboard,Accessories,1,2375.16,Bank Transfer,Irene,Corporate,Completed
TX01712,2026-06-23,CUST0497,KENYA,NAIROBI,Keyboard,Accessories,1,2377.82,Bank Transfer,Amina,Individual,Completed
TX03388,2026-05-01,CUST0801,Tanzania,Kigali,External SSD,Storage,2,15221.04,Cash,Amina,Corporate,Completed
TX00037,2026-01-15,CUST1003,KENYA,Kampala,Tablet,Hardware,3,39902.11,Cash,Faith,Individual,Cancelled
TX00454,2026-05-09,CUST1082,Uganda,Nairobi,Monitor,Hardware,1,20821.05,Cash,Brian,Corporate,Pending
TX00914,2026-01-27,CUST0814,KE,Mombasa,Keyboard,Accessories,1,2485.39,M-Pesa,Carol,Individual,completed
TX04156,2026-04-02,CUST0850,Rwanda,MOMBASA,External SSD,Storage,1,13577.31,Card,John,Individual,Completed
TX01200,2026-04-07,CUST0494,UGANDA,Dar es Salaam,Laptop Bag,Accessories,5,3372.57,Cash,Brian,Corporate,Completed
TX01275,2026-04-15,CUST0396,Uganda,Kisumu,Laptop Bag,Accessories,4,3211.91,Card,George,Corporate,Completed
TX02376,2026-01-22,CUST0901,Uganda,Kisumu,Tablet,Hardware,1,41190.98,Card,Amina,Corporate,Completed
TX00038,2026-01-06,CUST0992,UGANDA,Dar es Salaam,External SSD,Storage,2,13675.88,Cash,George,Corporate,COMPLETED
TX00975,2026-04-21,CUST0307,KE,NAIROBI,Office Laptop,Hardware,2,93850.65,Card,John,SME,Pending
TX03196,2026-03-12,CUST0994,KE,Nairobi,Headset,Accessories,2,5386.24,Cash,Irene,SME,Completed
TX00984,2026-06-22,CUST0349,KENYA,Dar es Salaam,Laptop Bag,Accessories,2,3688.29,Cash,George,Individual,Completed
TX04041,2026-01-06,CUST1087,KE,Arusha,Laptop Bag,Accessories,3,3349.76,M-Pesa,John,Corporate,Completed
TX04149,2026-05-15,CUST0320,KENYA,MOMBASA,Laptop Stand,Accessories,1,4917.43,Card,Carol,Corporate,Pending
TX01419,2026-02-10,CUST0978,Tanzania,MOMBASA,Monitor,Hardware,2,21427.68,M-Pesa,Amina,Individual,Pending
TX03333,2026-03-09,CUST0007,KE,Mombasa,Monitor,Hardware,2,20155.84,M-Pesa,Carol,Individual,Completed
TX01561,2026-01-30,CUST0965,Uganda,MOMBASA,Headset,Accessories,2,5618.28,M-Pesa,Irene,SME,Completed
TX00040,2026-05-07,CUST1013,UGANDA,Dar es Salaam,Tablet,Hardware,1,38012.95,M-Pesa,Brian,SME,Completed
TX01487,2026-05-12,CUST0395,TANZANIA,Kigali,Laptop Bag,Accessories,1,3374.54,M-Pesa,David,SME ,Completed
TX04240,2026-02-15,CUST0806,KE,Kisumu,Monitor,Hardware,2,21601.51,Cash,Irene,SME,Completed
TX00170,2026-02-19,CUST0947,Uganda,Arusha,Monitor,Hardware,2,23177.99,Cash,Amina,SME,Completed
TX01356,2026-04-18,CUST0357,UGANDA,Kigali,Monitor,Hardware,2,22478.54,M-Pesa,Carol,Corporate,Pending
TX02786,2026-02-01,CUST0136,Kenya,Mombasa,External SSD,Storage,1,13979.48,Card,Brian,Corporate,Completed
TX04251,2026-05-02,CUST0833,Uganda,Dar es Salaam,USB-C Hub,Accessories,2,6553.56,Card,,Corporate,Completed
TX04827,2026-01-11,CUST0709,Tanzania,Mombasa,Office Laptop,Hardware,2,101749.43,Card,John,SME ,Completed
TX03613,2026-04-09,CUST0978,TANZANIA,Kisumu,External SSD,Storage,1,14803.56,Cash,David,SME,Completed
TX00988,2026-05-15,CUST0367,Uganda,Mombasa,Tablet,Hardware,4,40142.52,Cash,George,Corporate,Completed
TX02683,2026-06-03,CUST1063,Tanzania,Kigali,External SSD,Storage,3,13858.52,M-Pesa,David,Individual,Completed
TX04782,2026-01-11,CUST0138,UGANDA,Kisumu,External SSD,Storage,2,14067.79,Cash,Irene,SME,Completed
TX04129,2026-03-28,CUST0291,Tanzania,Dar es Salaam,Tablet,Hardware,1,39385.88,Bank Transfer,Amina,Individual,Completed
TX01641,2026-06-07,CUST0567,Uganda,Kampala,Headset,Accessories,1,5633.13,Card,Faith,SME,Completed
TX01291,2026-01-05,CUST1173,Rwanda,Dar es Salaam,Laptop Stand,Accessories,5,4831.49,Cash,David,SME,Completed
TX01381,2026-05-14,CUST1100,Tanzania,Kisumu,Laptop Stand,Accessories,2,4066.34,Card,George,SME,Completed
TX01934,2026-02-11,CUST0454,Kenya,NAIROBI,External SSD,Storage,2,14393.65,M-Pesa,Faith,SME,Completed
TX00580,2026-05-04,CUST0663,UGANDA,Nairobi,Keyboard,Accessories,3,2585.51,Card,Brian,SME,Completed
TX04289,2026-03-12,CUST1036,Rwanda,Kisumu,Wireless Mouse,Accessories,1,1928.5,M-Pesa,David,Corporate,Completed
TX03161,2026-01-17,CUST1127,Tanzania,Dar es Salaam,Headset,Accessories,2,4825.75,Card,George,SME,Completed
TX02031,2026-04-07,,KENYA,NAIROBI,Laptop Bag,Accessories,1,3401.05,Card,Carol,Individual,Completed
TX00893,2026-03-15,CUST0991,UGANDA,MOMBASA,Monitor,Hardware,1,23232.37,Bank Transfer,Irene,SME,Completed
TX04089,2026-03-09,CUST1104,UGANDA,Dar es Salaam,USB-C Hub,Accessories,2,6902.79,Card,David,Corporate,Pending
TX00781,2026-04-11,CUST0444,Uganda,Dar es Salaam,Wireless Mouse,Accessories,1,1920.79,M-Pesa,Irene,SME,Cancelled
TX00160,2026-02-02,CUST0102,Rwanda,Kigali,Wireless Mouse,Accessories,1,1836.01,M-Pesa,John,Corporate,Completed
TX00003,2026-03-30,CUST0475,Uganda,Kampala,Wireless Mouse,Accessories,1,1686.03,Bank Transfer,Irene,SME,Completed
TX02264,2026-01-21,CUST0246,Rwanda,NAIROBI,External SSD,Storage,1,13310.07,Bank Transfer,Carol,Corporate,Pending
TX03217,2026-01-16,CUST0730,TANZANIA,MOMBASA,Monitor,Hardware,3,22386.91,M-Pesa,Carol,SME ,Completed
TX02110,2026-01-04,CUST0119,TANZANIA,Kampala,Keyboard,Accessories,1,2738.96,Cash,Carol,SME,Completed
TX00850,2026-06-08,CUST0759,Tanzania,Mombasa,Tablet,Hardware,2,42121.4,Cash,Faith,Individual,Completed
TX02738,2026-04-27,CUST0246,Uganda,Mombasa,Office Laptop,Hardware,1,103782.97,Card,Amina,SME,Completed
TX02467,2026-01-26,CUST0812,TANZANIA,Dar es Salaam,Laptop Stand,Accessories,4,4292.24,Card,Brian,Individual,Cancelled
TX03827,2026-04-05,CUST0995,Tanzania,Kigali,Office Laptop,Hardware,1,87661.88,M-Pesa,Irene,Corporate,Cancelled
TX03781,2026-02-04,CUST0291,UGANDA,Nairobi,Headset,Accessories,1,4732.6,M-Pesa,Amina,Individual,Completed
TX01597,2026-01-15,CUST0859,TANZANIA,Kampala,Laptop Bag,Accessories,2,3383.95,M-Pesa,Irene,SME,Completed
TX01777,2026-01-13,CUST1104,Rwanda,NAIROBI,Keyboard,Accessories,2,2292.06,Cash,Carol,SME,Pending
TX01914,2026-03-24,CUST0055,UGANDA,Arusha,USB-C Hub,Accessories,2,6573.86,Bank Transfer,David,SME,Completed
TX01044,2026-04-25,CUST1136,KE,MOMBASA,Headset,Accessories,2,5688.34,Bank Transfer,David,SME,Completed
TX04791,2026-01-21,CUST0251,Kenya,MOMBASA,External SSD,Storage,2,14346.08,M-Pesa,Brian,Individual,Cancelled
TX01545,2026-05-14,CUST0066,Rwanda,Arusha,Monitor,Hardware,4,21926.76,Cash,Brian,Corporate,Pending
TX02737,2026-05-09,CUST0871,Tanzania,Kigali,USB-C Hub,Accessories,2,6855.12,M-Pesa,George,Corporate,Pending
TX03837,2026-05-19,CUST0044,KENYA,Kigali,Monitor,Hardware,1,24043.96,Bank Transfer,John,Corporate,Completed
TX04694,2026-02-14,CUST0385,Tanzania,Arusha,Monitor,Hardware,1,22069.09,Bank Transfer,Irene,SME,Completed
TX00054,2026-03-17,CUST1098,KE,NAIROBI,Laptop Stand,Accessories,2,4541.32,Card,David,Individual,Completed
TX01797,2026-04-17,CUST1046,TANZANIA,Kisumu,Wireless Mouse,Accessories,5,1742.56,Card,Amina,Corporate,Cancelled
TX03589,2026-04-29,CUST0499,Rwanda,Kigali,Laptop Stand,Accessories,1,4749.04,,Brian,Individual,Completed
TX01912,2026-06-22,CUST0155,Uganda,Kigali,Laptop Stand,Accessories,1,4547.7,Bank Transfer,Carol,Individual,Completed
TX02307,2026-05-08,CUST1021,TANZANIA,Kampala,Laptop Stand,Accessories,2,4134.44,Cash,George,Corporate,Completed
TX02554,2026-02-21,CUST0035,Rwanda,Kigali,USB-C Hub,Accessories,2,6528.28,Card,Faith,SME,Completed
TX02801,2026-01-07,CUST0407,Kenya,Mombasa,Headset,Accessories,1,4803.28,Bank Transfer,Irene,Individual,Completed
TX00937,2026-01-09,CUST0473,KENYA,Kisumu,Laptop Stand,Accessories,2,4365.88,M-Pesa,Brian,Corporate,Completed
TX04195,2026-05-11,CUST0855,TANZANIA,Kampala,USB-C Hub,Accessories,1,6738.36,Card,Carol,Individual,Cancelled
TX00825,2026-02-12,CUST1080,TANZANIA,Mombasa,Office Laptop,Hardware,1,98375.95,Bank Transfer,Carol,Corporate,Cancelled
TX04812,2026-02-10,CUST1185,TANZANIA,Kigali,Keyboard,Accessories,1,2579.8,Cash,John,SME,Cancelled
TX03179,2026-04-26,CUST0379,Tanzania,Kisumu,Headset,Accessories,1,5660.31,Card,David,SME,Completed
TX03402,2026-06-03,CUST0652,TANZANIA,Kampala,Laptop Bag,Accessories,1,3204.62,M-Pesa,Irene,Corporate,Completed
TX01390,2026-01-30,CUST1110,Uganda,Kisumu,Laptop Stand,Accessories,1,4897.03,Card,George,Individual,Completed
TX03565,2026-01-28,CUST0222,UGANDA,Mombasa,Wireless Mouse,Accessories,2,1925.15,Cash,John,Individual,Completed
TX04956,2026-05-06,CUST0620,Rwanda,Kisumu,Keyboard,Accessories,3,2288.79,Cash,Amina,SME,Completed
TX00885,2026-02-13,CUST0442,TANZANIA,Arusha,Office Laptop,Hardware,1,98819.21,Card,George,SME ,Cancelled
TX03937,2026-02-14,CUST1026,UGANDA,Kisumu,Monitor,Hardware,1,21406.06,M-Pesa,Carol,Individual,COMPLETED
TX03647,2026-01-07,CUST0912,UGANDA,Nairobi,Tablet,Hardware,1,43189.05,Cash,George,Corporate,Pending
TX01608,2026-05-05,CUST0460,KENYA,Arusha,External SSD,Storage,2,13214.18,M-Pesa,Amina,SME,Cancelled
TX01595,2026-01-15,CUST0585,UGANDA,Nairobi,Keyboard,Accessories,2,2729.86,Cash,,Corporate,Completed
TX00772,2026-04-03,CUST0379,KE,MOMBASA,Laptop Stand,Accessories,4,4635.23,Card,George,SME,Completed
TX02612,2026-01-04,CUST0996,TANZANIA,Kigali,Office Laptop,Hardware,1,85753.42,Cash,Carol,Individual,Pending
TX03989,2026-04-30,CUST0560,UGANDA,MOMBASA,Office Laptop,Hardware,1,91351.52,Bank Transfer,George,Corporate,Cancelled
TX02274,2026-06-22,CUST1094,KE,Dar es Salaam,Keyboard,Accessories,1,2378.13,Bank Transfer,George,Corporate,Completed
TX01869,2026-03-27,CUST0729,Kenya,Mombasa,Keyboard,Accessories,2,2260.1,Bank Transfer,Brian,Individual,Completed
TX01086,2026-03-15,CUST0841,KENYA,Arusha,Office Laptop,Hardware,2,89561.06,Bank Transfer,George,SME,Completed
TX00011,2026-02-04,CUST0613,Uganda,Arusha,Headset,Accessories,2,5372.56,Bank Transfer,George,Corporate,Completed
TX03740,2026-06-24,CUST0196,TANZANIA,Dar es Salaam,Headset,Accessories,1,4742.2,Card,George,Individual,Completed
TX01326,2026-03-25,CUST0775,UGANDA,Nairobi,Headset,Accessories,4,4903.62,Cash,,Corporate,Completed
TX03391,2026-03-26,CUST0616,TANZANIA,Kigali,Office Laptop,Hardware,1,101517.67,M-Pesa,John,Corporate,Cancelled
TX01464,2026-06-01,CUST0801,Uganda,Kigali,Office Laptop,Hardware,5,98883.71,Cash,David,SME,Completed
TX00807,2026-01-21,CUST0536,Kenya,MOMBASA,Tablet,Hardware,2,39800.96,Bank Transfer,Amina,Corporate,Pending
TX03866,2026-03-31,CUST0633,TANZANIA,Mombasa,Monitor,Hardware,2,20318.28,Card,David,SME,Completed
TX04110,2026-03-04,CUST0456,TANZANIA,Mombasa,Headset,Accessories,1,5341.37,Bank Transfer,David,Individual,Completed
TX03903,2026-05-18,CUST0153,Kenya,Kampala,Monitor,Hardware,1,23991.07,Card,John,Individual,Pending
TX02109,2026-02-03,CUST0266,TANZANIA,Kisumu,Headset,Accessories,3,5580.41,Cash,Carol,Individual,Completed
TX04305,2026-03-23,CUST0392,Rwanda,Kisumu,External SSD,Storage,1,14027.48,Card,Carol,Individual,Completed
TX04467,2026-01-22,CUST0391,KENYA,Kisumu,Headset,Accessories,1,4786.44,Cash,John,SME,Completed
TX02235,2026-02-10,CUST0953,Uganda,Arusha,USB-C Hub,Accessories,2,6662.29,Bank Transfer,David,SME,Completed
TX03212,2026-03-12,CUST0403,Rwanda,Dar es Salaam,Wireless Mouse,Accessories,3,1859.12,Cash,Amina,SME,Completed
TX00964,2026-03-30,CUST1042,Kenya,Kampala,Monitor,Hardware,1,21671.57,Card,Brian,Corporate,COMPLETED
TX03416,2026-03-02,CUST0121,KENYA,Arusha,Tablet,Hardware,1,41170.01,Card,Faith,Corporate,Pending
TX03884,2026-03-24,CUST0094,Kenya,Mombasa,Monitor,Hardware,1,21152.84,Bank Transfer,Faith,Individual,Pending
TX00399,2026-04-20,CUST0314,UGANDA,MOMBASA,Headset,Accessories,1,5521.7,Bank Transfer,John,Individual,Completed
TX02633,2026-06-14,CUST0728,Tanzania,Mombasa,Wireless Mouse,Accessories,1,1623.66,Card,Amina,Corporate,Pending
TX04930,2026-06-23,CUST0381,Rwanda,NAIROBI,Wireless Mouse,Accessories,1,1915.85,Card,John,SME,Completed
TX02997,2026-04-12,CUST0050,TANZANIA,Mombasa,Laptop Stand,Accessories,1,4849.58,Card,David,Individual,COMPLETED
TX00705,2026-05-05,CUST0565,KE,Kampala,Tablet,Hardware,1,38687.46,Card,Brian,SME,Completed
TX00432,2026-05-30,CUST0833,Kenya,Kigali,Laptop Stand,Accessories,1,4629.83,Cash,Irene,Individual,Completed
TX04744,2026-01-01,CUST1102,Kenya,Mombasa,Laptop Bag,Accessories,2,3695.96,M-Pesa,Brian,SME,Completed
TX00293,2026-05-07,CUST0594,Tanzania,Nairobi,Monitor,Hardware,2,20303.75,M-Pesa,Carol,Corporate,Completed
TX04946,2026-01-27,CUST0840,Kenya,Nairobi,Tablet,Hardware,2,44669.28,M-Pesa,Irene,Corporate,Completed
TX00146,2026-01-07,CUST0557,KE,Kampala,Office Laptop,Hardware,4,87510.85,Card,Amina,Corporate,Pending
TX04214,2026-05-21,CUST0043,Rwanda,Nairobi,Tablet,Hardware,1,44533.12,M-Pesa,John,SME,Cancelled
TX02034,2026-02-02,CUST0694,UGANDA,Kampala,USB-C Hub,Accessories,1,6252.12,Cash,David,SME,Pending
TX03742,2026-01-24,CUST1159,KENYA,Nairobi,External SSD,Storage,4,14300.3,Bank Transfer,Amina,SME,Pending
TX04275,2026-04-13,CUST0411,TANZANIA,Kampala,Wireless Mouse,Accessories,2,1828.79,Cash,Amina,Corporate,Pending
TX01166,2026-04-10,CUST0115,KE,NAIROBI,Tablet,Hardware,2,43293.02,Bank Transfer,Amina,Corporate,Completed
TX03501,2026-03-26,CUST0636,UGANDA,Arusha,Laptop Stand,Accessories,1,4485.77,M-Pesa,Irene,Individual,Completed
TX02051,2026-06-18,CUST0246,Uganda,Kisumu,Keyboard,Accessories,4,2692.06,Card,Amina,Corporate,Completed
TX02625,2026-01-03,CUST1083,KENYA,Kigali,External SSD,Storage,2,15398.84,Cash,Irene,SME,Cancelled
TX04450,2026-05-22,CUST0390,TANZANIA,,Laptop Stand,Accessories,1,4916.84,M-Pesa,Brian,Corporate,Completed
TX00340,2026-05-15,CUST0623,Rwanda,Kisumu,Headset,Accessories,1,5066.61,Bank Transfer,Amina,Corporate,Completed
TX04773,2026-05-19,CUST0337,KE,Kampala,Monitor,Hardware,1,20313.17,Bank Transfer,Brian,Individual,Pending
TX03803,2026-04-17,CUST0349,KE,Arusha,Office Laptop,Hardware,2,91875.59,Cash,John,Individual,Completed
TX02974,2026-05-09,CUST0373,UGANDA,Mombasa,External SSD,Storage,1,15841.33,Cash,Brian,SME,Pending
TX00266,2026-01-16,CUST0575,Kenya,Dar es Salaam,USB-C Hub,Accessories,5,6963.94,M-Pesa,Irene,Individual,COMPLETED
TX02425,2026-03-17,CUST0275,TANZANIA,Kisumu,External SSD,Storage,2,13975.3,Card,Faith,Corporate,Completed
TX01263,2026-01-25,CUST0768,Rwanda,Arusha,Laptop Bag,Accessories,1,3391.19,Bank Transfer,Amina,Individual,Completed
TX01772,2026-03-18,CUST1169,TANZANIA,Dar es Salaam,Tablet,Hardware,3,43929.37,Cash,Brian,Individual,Completed
TX03512,2026-01-19,CUST0936,Uganda,Mombasa,Monitor,Hardware,3,20698.48,Card,Irene,Corporate,Completed
TX00272,2026-06-17,CUST1071,KENYA,Mombasa,Laptop Bag,Accessories,1,3623.32,Bank Transfer,George,Individual,Completed
TX00697,2026-01-15,CUST0656,Rwanda,Kisumu,Tablet,Hardware,2,40052.4,M-Pesa,John,Individual,Completed
TX00748,2026-05-11,CUST0821,Kenya,Kampala,Laptop Stand,Accessories,2,4289.61,Cash,Irene,Individual,Completed
TX00245,2026-04-28,CUST0161,Kenya,Kigali,Headset,Accessories,1,5066.28,M-Pesa,George,Corporate,Pending
TX00318,2026-02-05,CUST0001,KE,Nairobi,Laptop Bag,Accessories,1,3151.62,Bank Transfer,Faith,Individual,Completed
TX00477,2026-06-15,CUST0496,Tanzania,Nairobi,External SSD,Storage,1,13200.18,,Faith,SME,Completed
TX02033,2026-06-29,CUST1092,UGANDA,Arusha,Wireless Mouse,Accessories,1,1784.46,Bank Transfer,Amina,SME,Completed
TX00958,2026-06-24,CUST0900,Uganda,Mombasa,Headset,Accessories,1,4731.13,Card,Carol,Corporate,Cancelled
TX03949,2026-06-08,CUST0398,Kenya,Mombasa,External SSD,Storage,2,15263.66,Bank Transfer,Amina,SME,Completed
TX00814,2026-03-25,CUST1076,Kenya,Kisumu,Wireless Mouse,Accessories,2,1890.1,Bank Transfer,Brian,Individual,Completed
TX04239,2026-03-25,CUST0700,Tanzania,MOMBASA,Keyboard,Accessories,2,2613.34,Card,Faith,SME ,Completed
TX01915,2026-02-19,CUST0461,Tanzania,Mombasa,Office Laptop,Hardware,1,92147.59,Bank Transfer,David,SME,Cancelled
TX04678,2026-05-25,CUST0877,KENYA,Kigali,Laptop Bag,Accessories,4,3645.17,Card,Faith,Individual,COMPLETED
TX03488,2026-06-28,CUST0539,KE,NAIROBI,Laptop Stand,Accessories,1,4705.58,,Amina,SME,Completed
TX01298,2026-03-27,CUST0087,Kenya,Kigali,Headset,Accessories,1,5384.17,Bank Transfer,Faith,Corporate,Completed
TX04620,2026-03-26,CUST0119,TANZANIA,Kigali,Headset,Accessories,2,5606.79,Card,Brian,Individual,Cancelled
TX01805,2026-01-11,,Uganda,Kampala,USB-C Hub,Accessories,1,6607.07,Bank Transfer,Amina,SME,Completed
TX00759,2026-02-15,CUST0991,Kenya,Kampala,Wireless Mouse,Accessories,2,1786.54,M-Pesa,Brian,Individual,Completed
TX00251,2026-04-16,CUST0205,KENYA,Kampala,Keyboard,Accessories,1,2643.56,Card,David,Individual,completed
TX02462,2026-02-08,CUST1128,Uganda,Kigali,Monitor,Hardware,2,23449.38,M-Pesa,George,Individual,Completed
TX00546,2026-06-18,CUST0113,Tanzania,NAIROBI,Laptop Stand,Accessories,1,4138.21,M-Pesa,David,Individual,Cancelled
TX03242,2026-05-30,CUST0907,KE,MOMBASA,Monitor,Hardware,2,23068.8,Bank Transfer,Irene,SME ,Completed
TX00739,2026-02-12,CUST0064,TANZANIA,Kigali,Keyboard,Accessories,2,2270.78,Bank Transfer,Brian,SME ,Completed
TX00311,2026-05-19,CUST0977,UGANDA,Kampala,USB-C Hub,Accessories,2,6980.96,Cash,David,Individual,Completed
TX03912,2026-01-04,CUST0648,KE,Nairobi,Keyboard,Accessories,3,2305.05,Cash,Amina,Individual,Completed
TX02942,2026-01-31,CUST1197,UGANDA,Arusha,Keyboard,Accessories,1,2414.82,Card,John,SME,Pending
TX01132,2026-06-01,CUST0365,Rwanda,NAIROBI,Keyboard,Accessories,1,2344.18,M-Pesa,George,Individual,Completed
TX01450,2026-06-27,CUST1038,Kenya,Nairobi,Laptop Bag,Accessories,3,3673.7,Card,Irene,Corporate,Completed
TX04999,2026-03-08,CUST0073,KENYA,Kampala,External SSD,Storage,1,15612.94,Card,Amina,SME,Cancelled
TX00016,2026-02-20,CUST0684,Kenya,Kisumu,Keyboard,Accessories,1,2505.37,Cash,Irene,Corporate,Completed
TX03233,2026-01-05,CUST0139,Rwanda,Dar es Salaam,Office Laptop,Hardware,2,101205.61,Bank Transfer,Brian,Corporate,Completed
TX02770,2026-03-27,CUST1170,UGANDA,Arusha,Office Laptop,Hardware,5,101247.47,Bank Transfer,Amina,Corporate,Completed
TX03469,2026-04-13,CUST1028,Rwanda,Mombasa,Monitor,Hardware,4,22430.19,Bank Transfer,George,Corporate,Completed
TX00921,2026-06-16,CUST0311,Kenya,Nairobi,Monitor,Hardware,1,21264.03,M-Pesa,David,Individual,completed
TX03030,2026-05-23,CUST0690,TANZANIA,NAIROBI,Laptop Stand,Accessories,2,4536.5,Card,Irene,Individual,Completed
TX01373,2026-01-05,CUST1169,TANZANIA,Arusha,Tablet,Hardware,1,42834.79,Bank Transfer,Irene,Individual,Completed
TX03588,2026-06-14,CUST0965,Kenya,NAIROBI,Headset,Accessories,1,4761.26,Cash,Amina,SME,Completed
TX02545,2026-06-27,CUST0630,Rwanda,Mombasa,USB-C Hub,Accessories,1,6447.72,Cash,Carol,Corporate,Completed
TX03599,2026-03-18,CUST0667,Kenya,Kigali,Tablet,Hardware,1,41897.8,Cash,Carol,Corporate,Completed
TX00039,2026-05-04,CUST0657,UGANDA,NAIROBI,Keyboard,Accessories,2,2613.05,Cash,Irene,SME ,Completed
TX00364,2026-02-16,CUST0844,KE,Kampala,Laptop Stand,Accessories,1,4257.37,Card,Carol,Corporate,Completed
TX04168,2026-04-12,,KE,Arusha,Office Laptop,Hardware,1,92940.8,M-Pesa,Carol,Corporate,Completed
TX00183,2026-05-25,CUST0303,KENYA,NAIROBI,Headset,Accessories,4,5390.58,Cash,Amina,Corporate,completed
TX03034,2026-05-31,CUST0796,KE,NAIROBI,External SSD,Storage,5,15824.82,Cash,John,Corporate,Completed
TX02984,2026-02-20,CUST0686,Tanzania,Kampala,Headset,Accessories,1,5457.34,Bank Transfer,Brian,SME ,completed
TX01195,2026-01-28,CUST1051,Kenya,Arusha,Monitor,Hardware,1,23043.8,M-Pesa,Brian,Individual,Completed
TX02853,2026-04-01,CUST0723,Tanzania,Arusha,Wireless Mouse,Accessories,2,1934.21,Card,David,SME,Completed
TX03980,2026-02-18,CUST0148,Kenya,Dar es Salaam,Keyboard,Accessories,2,2253.19,M-Pesa,Irene,Individual,Completed
TX01122,2026-02-11,CUST0057,Uganda,MOMBASA,Keyboard,Accessories,2,2306.43,Card,David,SME ,Completed
TX02236,2026-03-06,CUST0670,KENYA,Arusha,Headset,Accessories,2,5446.51,Cash,Carol,Individual,Completed
TX02668,2026-05-11,CUST0791,Kenya,Arusha,Laptop Bag,Accessories,2,3272.64,Bank Transfer,Amina,Corporate,Cancelled
TX03830,2026-04-05,CUST0708,Kenya,Dar es Salaam,USB-C Hub,Accessories,2,6655.54,M-Pesa,George,SME,Completed
TX03224,2026-02-07,CUST1164,Rwanda,Nairobi,Office Laptop,Hardware,3,100305.48,Cash,Brian,SME,Cancelled
TX01183,2026-01-10,CUST0994,KE,MOMBASA,Wireless Mouse,Accessories,2,1844.56,M-Pesa,George,SME,Pending
TX04252,2026-06-26,CUST0105,KENYA,Kisumu,Headset,Accessories,1,4758.54,Card,John,Corporate,Completed
TX04729,2026-05-17,CUST0774,KENYA,Arusha,Monitor,Hardware,1,23310.11,Card,Carol,Corporate,Completed
TX00615,2026-04-28,CUST0302,Uganda,Kisumu,Headset,Accessories,3,5705.2,Cash,John,Individual,Cancelled
TX04988,2026-01-07,CUST0955,UGANDA,Mombasa,Laptop Stand,Accessories,1,4124.56,M-Pesa,Faith,SME,Completed
TX01467,2026-03-11,CUST0302,KE,MOMBASA,Keyboard,Accessories,1,2607.73,Bank Transfer,David,Corporate,Completed
TX00402,2026-02-14,CUST0597,TANZANIA,Dar es Salaam,Headset,Accessories,1,5401.71,Card,Faith,SME,Completed
TX03043,2026-01-11,CUST0584,TANZANIA,Dar es Salaam,Laptop Stand,Accessories,2,4082.3,M-Pesa,John,Corporate,Completed
TX00935,2026-04-25,CUST0106,Kenya,Mombasa,Monitor,Hardware,2,23092.79,Bank Transfer,John,SME,Completed
TX02420,2026-06-03,CUST0387,Uganda,Dar es Salaam,Tablet,Hardware,2,41329.08,Card,Irene,SME ,Completed
TX04756,2026-01-10,CUST0802,KENYA,NAIROBI,Monitor,Hardware,2,21583.19,M-Pesa,Faith,Corporate,Completed
TX04589,2026-03-07,CUST1001,UGANDA,Nairobi,Tablet,Hardware,2,40883.29,Cash,Amina,SME,Completed
TX02642,2026-03-02,CUST0602,Rwanda,Kisumu,Laptop Stand,Accessories,1,4280.4,Bank Transfer,Irene,SME,Completed
TX04122,2026-04-08,CUST0807,KE,Kampala,Laptop Bag,Accessories,2,3791.45,Cash,David,Individual,Completed
TX00727,2026-04-08,CUST0658,KE,Dar es Salaam,Tablet,Hardware,2,43805.6,M-Pesa,David,SME,Completed
TX00827,2026-04-04,CUST0133,TANZANIA,Kampala,External SSD,Storage,2,14561.4,Bank Transfer,Amina,SME,COMPLETED
TX01522,2026-06-21,CUST0396,Tanzania,MOMBASA,Laptop Bag,Accessories,2,3370.18,M-Pesa,Faith,Corporate,Completed
TX04823,2026-04-14,CUST0923,Uganda,Arusha,Monitor,Hardware,1,20240.66,M-Pesa,Faith,Corporate,Completed
TX02931,2026-05-19,CUST0861,UGANDA,Kigali,Laptop Stand,Accessories,1,4250.74,Bank Transfer,David,Individual,Pending
TX00137,2026-03-04,CUST0011,Tanzania,Dar es Salaam,Laptop Stand,Accessories,2,4130.47,Card,Faith,SME,Cancelled
TX03591,2026-05-20,CUST1169,Rwanda,Kampala,Wireless Mouse,Accessories,5,1663.37,,Carol,SME,Completed
TX00629,2026-03-27,CUST0236,UGANDA,Kampala,Laptop Stand,Accessories,2,4217.2,Card,George,Corporate,Pending
TX00335,2026-01-13,CUST0049,UGANDA,Mombasa,External SSD,Storage,1,14729.61,Card,George,SME,Completed
TX00391,2026-04-04,CUST0639,KE,NAIROBI,Wireless Mouse,Accessories,2,1838.42,Bank Transfer,David,Corporate,Completed
TX04459,2026-03-06,CUST0490,TANZANIA,Kampala,Office Laptop,Hardware,1,103422.25,M-Pesa,Faith,Individual,Completed
TX04955,2026-03-11,CUST0214,TANZANIA,Kampala,External SSD,Storage,1,14613.53,Bank Transfer,Brian,Individual,Completed
TX03965,2026-02-14,CUST0570,Tanzania,Kisumu,Keyboard,Accessories,1,2406.71,Cash,John,Corporate,Completed
TX01818,2026-05-18,CUST0200,KE,Kampala,External SSD,Storage,1,13827.23,M-Pesa,Faith,Corporate,Cancelled
TX00401,2026-05-07,CUST0457,KE,Kigali,Headset,Accessories,3,5573.11,M-Pesa,Irene,Individual,Cancelled
TX00711,2026-04-11,CUST1001,KENYA,Nairobi,Headset,Accessories,4,4956.31,Bank Transfer,Irene,SME,Completed
TX01040,2026-03-21,CUST0421,Rwanda,MOMBASA,Office Laptop,Hardware,5,101522.76,M-Pesa,David,SME,Cancelled
TX00778,2026-02-08,CUST1098,Kenya,Mombasa,Tablet,Hardware,1,38567.98,Bank Transfer,David,Corporate,Completed
TX03360,2026-06-20,CUST0334,Tanzania,Mombasa,Office Laptop,Hardware,2,89924.82,Cash,Brian,Individual,Cancelled
TX00047,2026-03-31,CUST0970,TANZANIA,Nairobi,Wireless Mouse,Accessories,1,1842.57,Card,George,SME,Pending
TX01562,2026-02-01,CUST0041,Rwanda,Mombasa,Office Laptop,Hardware,2,94898.08,Bank Transfer,Faith,Individual,Pending
TX04878,2026-02-15,CUST0742,KE,Kisumu,Laptop Bag,Accessories,1,3723.38,Card,Amina,Corporate,Completed
TX03643,2026-05-20,CUST0111,KENYA,Kisumu,Monitor,Hardware,1,22701.79,M-Pesa,Amina,Corporate,Completed
TX03727,2026-04-04,CUST0328,KENYA,Kisumu,Office Laptop,Hardware,2,103060.86,M-Pesa,Brian,Corporate,Completed
TX04922,2026-03-14,CUST1018,Uganda,MOMBASA,Tablet,Hardware,2,40389.85,Card,Irene,Corporate,Completed
TX01113,2026-04-08,CUST0293,TANZANIA,Arusha,Monitor,Hardware,1,21553.69,M-Pesa,David,SME,Cancelled
TX02514,2026-04-18,CUST0160,Tanzania,Kampala,USB-C Hub,Accessories,2,6501.01,Cash,Amina,SME,Completed
TX03609,2026-03-22,CUST0596,Uganda,NAIROBI,Laptop Bag,Accessories,1,3438.37,Bank Transfer,George,Corporate,Completed
TX01224,2026-03-20,CUST0174,Rwanda,Mombasa,Headset,Accessories,1,4803.08,Cash,Brian,SME ,Completed
TX04936,2026-01-06,CUST1177,KE,NAIROBI,USB-C Hub,Accessories,1,6253.42,M-Pesa,Brian,Corporate,Completed
TX03024,2026-06-28,CUST1067,Tanzania,Nairobi,Monitor,Hardware,4,21770.76,Bank Transfer,Amina,Individual,Completed
TX02422,2026-02-20,CUST0879,Rwanda,Kigali,Wireless Mouse,Accessories,3,1919.18,Cash,Brian,Corporate,Completed
TX01509,2026-01-21,CUST0283,Tanzania,Nairobi,Laptop Bag,Accessories,2,3665.71,Cash,Amina,Corporate,Cancelled
TX01751,2026-04-13,CUST0898,Kenya,NAIROBI,Laptop Bag,Accessories,1,3716.47,Card,Faith,SME,Completed
TX04916,2026-05-14,CUST0872,KENYA,Kampala,External SSD,Storage,1,13584.82,M-Pesa,Irene,Individual,Completed
TX04163,2026-01-11,CUST1142,TANZANIA,Kigali,Wireless Mouse,Accessories,2,1712.8,Cash,John,Corporate,Pending
TX01800,2026-02-15,CUST0752,Rwanda,Kisumu,Office Laptop,Hardware,3,89485.04,Card,John,SME ,Completed
TX00339,2026-06-14,CUST0665,Kenya,NAIROBI,Laptop Stand,Accessories,1,4394.32,M-Pesa,Irene,SME,Cancelled
TX00216,2026-03-21,CUST0609,KE,Dar es Salaam,Laptop Stand,Accessories,1,4322.95,Cash,David,Corporate,Completed
TX03664,2026-06-24,CUST0601,KENYA,Kisumu,Keyboard,Accessories,5,2430.38,Cash,George,Individual,Pending
TX01342,2026-06-30,CUST1184,Kenya,Kampala,USB-C Hub,Accessories,1,6842.74,Cash,Carol,SME,Cancelled
TX00012,2026-01-27,CUST0207,Tanzania,Dar es Salaam,Laptop Bag,Accessories,2,3315.19,Bank Transfer,Brian,SME,Completed
TX01521,2026-03-06,CUST0615,Rwanda,Kigali,Laptop Bag,Accessories,1,3296.59,M-Pesa,Faith,SME,Completed
TX03641,2026-05-24,CUST0062,Tanzania,Nairobi,Monitor,Hardware,2,22066.43,Card,Brian,Corporate,Completed
TX04074,2026-01-04,CUST0369,UGANDA,Mombasa,Office Laptop,Hardware,2,88590.43,Cash,George,Corporate,Completed
TX03907,2026-04-04,CUST0243,Uganda,Mombasa,Monitor,Hardware,5,22371.78,Bank Transfer,David,SME,Completed
TX03005,2026-05-05,CUST0850,UGANDA,Mombasa,Office Laptop,Hardware,1,86508.34,Cash,George,Corporate,Cancelled
TX02865,2026-02-15,CUST0105,Uganda,Mombasa,Laptop Stand,Accessories,2,4761.83,Bank Transfer,Irene,SME,Completed
TX03116,2026-03-22,CUST0087,KE,Kampala,Office Laptop,Hardware,4,103101.03,Card,Faith,Corporate,Completed
TX04919,2026-05-13,CUST0539,Tanzania,Kisumu,Office Laptop,Hardware,1,99281.61,M-Pesa,Faith,Corporate,Cancelled
TX02323,2026-01-03,CUST0298,UGANDA,Kampala,Office Laptop,Hardware,3,85574.6,Cash,David,Individual,Completed
TX02572,2026-06-08,CUST0741,Kenya,Kampala,Office Laptop,Hardware,2,103244.08,Card,Irene,SME,Completed
TX02914,2026-04-15,CUST0492,Uganda,Arusha,Headset,Accessories,2,5681.19,Cash,Brian,Corporate,Completed
TX00102,2026-02-26,CUST0567,Tanzania,Dar es Salaam,Laptop Stand,Accessories,5,4805.01,Bank Transfer,John,Corporate,Completed
TX03550,2026-01-10,CUST0655,KE,NAIROBI,USB-C Hub,Accessories,1,6923.67,Bank Transfer,Irene,Individual,Completed
TX01459,2026-03-22,CUST0015,Kenya,Arusha,Laptop Bag,Accessories,1,3839.46,Card,Irene,Corporate,Pending
TX00172,2026-02-09,CUST0911,UGANDA,NAIROBI,Tablet,Hardware,4,39569.56,M-Pesa,Carol,SME ,Pending
TX00108,2026-01-18,CUST0590,Rwanda,Mombasa,Laptop Bag,Accessories,1,3480.45,Bank Transfer,Irene,SME,Completed
TX04265,2026-06-18,CUST0985,Uganda,Kisumu,USB-C Hub,Accessories,1,6914.55,Cash,John,Corporate,Pending
TX03570,2026-05-10,CUST0097,TANZANIA,Arusha,Laptop Stand,Accessories,4,4301.92,M-Pesa,Faith,Individual,Completed
TX01104,2026-04-19,CUST0801,KE,Nairobi,Wireless Mouse,Accessories,1,1952.87,M-Pesa,George,Corporate,Completed
TX04094,2026-05-28,CUST0510,KENYA,Dar es Salaam,Tablet,Hardware,2,38834.01,Card,Faith,SME,Cancelled
TX04367,2026-06-28,CUST0885,KENYA,Kigali,Laptop Bag,Accessories,3,3506.3,Card,Amina,Corporate,Completed
TX00025,2026-04-30,CUST0628,Rwanda,Kampala,Keyboard,Accessories,2,2698.56,Bank Transfer,Amina,SME,Completed
TX03996,2026-01-17,CUST1083,UGANDA,NAIROBI,Keyboard,Accessories,2,2550.88,M-Pesa,Carol,Corporate,Cancelled
TX04190,2026-02-14,CUST0438,Kenya,Kigali,Tablet,Hardware,2,38374.96,Bank Transfer,Faith,Corporate,Cancelled
TX00939,2026-06-14,CUST0633,Uganda,Arusha,Headset,Accessories,4,5105.28,M-Pesa,Carol,Individual,Pending
TX00061,2026-01-12,CUST0736,Rwanda,Dar es Salaam,Laptop Bag,Accessories,2,3559.02,Cash,John,SME,Completed
TX01241,2026-06-16,CUST0147,TANZANIA,Kampala,Headset,Accessories,1,5282.67,Card,John,Corporate,Completed
TX04714,2026-06-22,CUST1077,TANZANIA,Kampala,Wireless Mouse,Accessories,2,1901.62,Cash,Irene,Corporate,Completed
TX01041,2026-06-28,CUST0308,TANZANIA,Kampala,USB-C Hub,Accessories,5,6971.86,Bank Transfer,George,Individual,Completed
TX04255,2026-05-20,CUST0510,KENYA,Mombasa,Laptop Bag,Accessories,1,3293.43,Bank Transfer,John,SME,Cancelled
TX02761,2026-06-22,CUST0999,Uganda,Kisumu,Laptop Stand,Accessories,2,4055.07,Bank Transfer,Brian,Corporate,Cancelled
TX02121,2026-04-30,CUST0092,KENYA,Nairobi,Office Laptop,Hardware,1,91846.01,Bank Transfer,John,Corporate,Pending
TX01525,2026-04-22,,Rwanda,Dar es Salaam,Laptop Bag,Accessories,2,3582.55,Bank Transfer,David,SME,Completed
TX03522,2026-04-12,CUST1136,KE,Arusha,Tablet,Hardware,2,42352.97,Card,David,SME,Completed
TX00154,2026-01-27,CUST0849,Uganda,Kampala,Monitor,Hardware,3,23200.42,Card,David,Individual,Completed
TX02249,2026-02-25,CUST0066,UGANDA,Kigali,Monitor,Hardware,3,21983.71,Card,Carol,SME,Completed
TX00482,2026-05-21,CUST0826,KE,MOMBASA,Laptop Bag,Accessories,3,3823.58,Cash,George,Individual,Cancelled
TX04302,2026-02-20,CUST0236,Kenya,Nairobi,Laptop Bag,Accessories,2,3213.68,Cash,Faith,Corporate,Completed
TX04377,2026-01-04,CUST0036,Kenya,NAIROBI,External SSD,Storage,1,15695.11,Cash,Irene,Corporate,Completed
TX03579,2026-02-22,CUST0173,Uganda,Dar es Salaam,Laptop Stand,Accessories,2,4052.8,M-Pesa,Carol,Individual,Completed
TX04193,2026-03-08,CUST0688,KENYA,Kampala,USB-C Hub,Accessories,2,6704.24,Cash,Irene,SME,Completed
TX03563,2026-05-11,CUST0743,KE,NAIROBI,Headset,Accessories,1,5025.94,Cash,David,Corporate,Completed
TX03316,2026-01-03,CUST0465,KE,Kampala,Laptop Bag,Accessories,2,3735.07,Bank Transfer,Irene,Corporate,Pending
TX01763,2026-02-12,CUST0868,KE,Mombasa,Headset,Accessories,1,5188.9,Card,Amina,SME,Completed
TX03539,2026-03-08,CUST0305,Rwanda,Dar es Salaam,Laptop Bag,Accessories,1,3165.07,Bank Transfer,Brian,Individual,Cancelled
TX04882,2026-01-31,CUST0886,KENYA,NAIROBI,Office Laptop,Hardware,1,92755.66,Card,Irene,SME,Cancelled
TX00751,2026-03-04,CUST0214,KENYA,MOMBASA,Wireless Mouse,Accessories,2,1748.18,Cash,Amina,SME,Pending
TX03620,2026-01-13,CUST0895,UGANDA,MOMBASA,Tablet,Hardware,2,39133.49,M-Pesa,Carol,SME,Completed
TX01786,2026-02-06,CUST0049,KE,MOMBASA,Tablet,Hardware,3,44888.63,Bank Transfer,Irene,Corporate,Completed
TX04763,2026-04-28,CUST0374,KE,Nairobi,Monitor,Hardware,3,22270.53,Bank Transfer,Amina,Individual,Completed
TX03384,2026-05-15,CUST0084,TANZANIA,Kampala,Wireless Mouse,Accessories,2,1795.81,Card,Carol,Individual,Cancelled
TX04206,2026-05-16,CUST0428,Tanzania,Dar es Salaam,Headset,Accessories,1,4778.52,Bank Transfer,George,SME,Pending
TX00406,2026-06-06,CUST0141,TANZANIA,Nairobi,Laptop Bag,Accessories,2,3637.5,Card,Amina,SME,Completed
TX00758,2026-04-13,CUST0769,Tanzania,Mombasa,Wireless Mouse,Accessories,1,1859.05,M-Pesa,George,Individual,Completed
TX02712,2026-04-19,CUST1088,Tanzania,Dar es Salaam,Laptop Bag,Accessories,3,3534.27,Bank Transfer,Irene,Individual,Pending
TX02671,2026-01-05,CUST0332,KE,NAIROBI,Wireless Mouse,Accessories,3,1783.49,Bank Transfer,David,Individual,Cancelled
TX04654,2026-01-08,CUST1008,Tanzania,MOMBASA,Office Laptop,Hardware,1,101201.97,M-Pesa,John,SME,Completed
TX00098,2026-06-29,CUST1181,Uganda,Arusha,USB-C Hub,Accessories,3,5993.82,Bank Transfer,David,Individual,Pending
TX01334,2026-06-28,CUST0896,Kenya,Kigali,Wireless Mouse,Accessories,2,1839.78,Cash,Carol,Corporate,COMPLETED
TX04526,2026-03-01,CUST0128,UGANDA,Nairobi,External SSD,Storage,1,15777.48,Card,Irene,Individual,Completed
TX02792,2026-06-13,CUST0779,Tanzania,MOMBASA,Laptop Stand,Accessories,4,4813.85,Cash,David,Corporate,Completed
TX02855,2026-02-25,CUST1062,Rwanda,Mombasa,Laptop Stand,Accessories,1,4459.05,Card,Brian,SME ,Completed
TX00187,2026-03-24,CUST0822,Kenya,Dar es Salaam,Keyboard,Accessories,2,2631.14,Bank Transfer,Amina,Individual,Pending
TX01137,2026-04-12,CUST0607,UGANDA,Arusha,Tablet,Hardware,2,38063.44,Card,Amina,Individual,Completed
TX02724,2026-04-22,CUST0769,UGANDA,NAIROBI,Laptop Stand,Accessories,1,4639.58,Bank Transfer,Carol,Individual,Completed
TX03584,2026-04-20,CUST1197,Kenya,Arusha,Tablet,Hardware,2,41833.03,Bank Transfer,Irene,Individual,Pending
TX02059,2026-06-04,CUST0796,Uganda,Kisumu,Laptop Bag,Accessories,2,3816.27,Cash,Carol,Corporate,Completed
TX01320,2026-06-12,CUST0078,KENYA,Kigali,External SSD,Storage,1,15692.58,Bank Transfer,Brian,Corporate,Completed
TX04267,2026-06-03,CUST0250,TANZANIA,Kisumu,Keyboard,Accessories,2,2265.05,Bank Transfer,David,Corporate,Completed
TX00149,2026-03-04,CUST0572,TANZANIA,Kigali,Keyboard,Accessories,1,2391.67,Bank Transfer,George,Individual,Completed
TX00029,2026-01-30,CUST0284,KENYA,Kisumu,Keyboard,Accessories,3,2565.57,Bank Transfer,John,Individual,Completed
TX04208,2026-05-22,CUST0838,KE,Dar es Salaam,Wireless Mouse,Accessories,2,1698.27,Cash,Brian,Individual,Completed
TX01395,2026-02-07,CUST0629,Uganda,Mombasa,USB-C Hub,Accessories,1,6986.53,M-Pesa,Carol,SME,Completed
TX03364,2026-04-02,CUST0819,TANZANIA,Kisumu,Laptop Bag,Accessories,2,3530.22,Card,Carol,Corporate,Cancelled
TX00693,2026-05-03,CUST0447,KE,NAIROBI,USB-C Hub,Accessories,5,5934.86,Bank Transfer,Carol,Corporate,Completed
TX02867,2026-03-22,CUST0633,Rwanda,Nairobi,Laptop Stand,Accessories,1,4119.81,Bank Transfer,Brian,SME,Completed
TX03777,2026-02-15,CUST1040,Uganda,Kigali,USB-C Hub,Accessories,1,6067.38,Bank Transfer,John,SME ,Cancelled
TX01387,2026-04-05,CUST0893,KENYA,MOMBASA,Headset,Accessories,1,5264.15,M-Pesa,Irene,SME,Completed
TX01846,2026-02-18,CUST0019,Uganda,NAIROBI,Laptop Stand,Accessories,2,4708.77,Bank Transfer,David,Corporate,Cancelled
TX04809,2026-01-14,CUST0843,Rwanda,Mombasa,External SSD,Storage,1,13142.5,Card,Amina,Individual,Completed
TX00130,2026-04-18,CUST1122,Kenya,Arusha,Keyboard,Accessories,1,2664.46,Bank Transfer,Faith,Corporate,Completed
TX01600,2026-03-21,CUST0098,TANZANIA,NAIROBI,Laptop Stand,Accessories,2,4649.67,Card,Amina,Corporate,Completed
TX03630,2026-03-04,CUST0167,Uganda,Arusha,Tablet,Hardware,4,43938.68,Bank Transfer,George,SME ,Pending
TX04578,2026-05-07,CUST0119,UGANDA,NAIROBI,Monitor,Hardware,2,23760.7,M-Pesa,David,Corporate,Completed
TX00702,2026-06-05,CUST0159,UGANDA,Kampala,USB-C Hub,Accessories,4,6365.57,Card,Faith,Individual,Cancelled
TX03548,2026-03-21,CUST0866,Uganda,Arusha,Laptop Bag,Accessories,3,3737.2,Cash,Irene,Corporate,COMPLETED
TX03029,2026-02-14,CUST0778,TANZANIA,Arusha,Office Laptop,Hardware,3,101517.27,Card,George,Individual,Pending
TX02970,2026-03-01,CUST0392,Uganda,NAIROBI,Headset,Accessories,1,5470.83,Card,Irene,Corporate,Pending
TX04428,2026-05-16,CUST0288,Rwanda,Nairobi,Laptop Stand,Accessories,1,4793.96,M-Pesa,Amina,Corporate,COMPLETED
TX01709,2026-03-28,CUST0489,TANZANIA,Nairobi,Laptop Bag,Accessories,1,3496.46,Card,Amina,Individual,Pending
TX02954,2026-04-05,CUST0091,Rwanda,Mombasa,External SSD,Storage,1,14370.68,Cash,John,Corporate,Completed
TX00455,2026-06-05,CUST0887,KENYA,Dar es Salaam,Headset,Accessories,1,4895.84,Card,George,SME,Completed
TX02869,2026-02-22,CUST0282,KE,Nairobi,Office Laptop,Hardware,1,87675.67,Card,Carol,Corporate,Completed
TX02041,2026-02-21,,Uganda,Kampala,External SSD,Storage,1,13248.49,Card,Amina,SME,Completed
TX01773,2026-04-29,CUST0879,Kenya,Nairobi,USB-C Hub,Accessories,2,6917.66,Cash,Carol,SME,Cancelled
TX02316,2026-04-20,CUST1151,TANZANIA,Kampala,External SSD,Storage,1,13050.03,M-Pesa,David,Corporate,Completed
TX00610,2026-01-17,CUST0818,Uganda,Nairobi,Office Laptop,Hardware,1,100934.2,Cash,George,SME,Pending
TX00168,2026-04-15,CUST0924,Rwanda,Arusha,USB-C Hub,Accessories,2,6146.99,Card,Carol,Corporate,Completed
TX00731,2026-04-17,CUST0018,Tanzania,Nairobi,Laptop Stand,Accessories,3,4424.07,Card,Faith,SME ,Completed
TX04319,2026-05-23,CUST0653,UGANDA,Mombasa,Laptop Bag,Accessories,2,3540.97,Cash,Carol,Individual,Completed
TX03359,2026-02-13,CUST0489,KE,Kisumu,External SSD,Storage,5,14991.23,Card,Carol,Individual,Cancelled
TX03897,2026-02-25,CUST0092,UGANDA,Kigali,Wireless Mouse,Accessories,1,1979.52,Card,David,SME,Pending
TX02075,2026-05-31,CUST0509,Uganda,NAIROBI,Laptop Bag,Accessories,2,3742.15,,Irene,Individual,Completed
TX04502,2026-06-28,CUST1039,Uganda,Mombasa,Laptop Bag,Accessories,1,3734.11,Cash,John,Individual,Completed
TX03946,2026-06-27,CUST0556,KENYA,MOMBASA,Office Laptop,Hardware,1,97429.54,Cash,David,SME,Completed
TX03701,2026-04-29,CUST0503,Tanzania,Arusha,External SSD,Storage,1,13995.66,Cash,George,SME ,Completed
TX01623,2026-06-01,CUST0474,Tanzania,MOMBASA,Headset,Accessories,1,5280.51,M-Pesa,Brian,Corporate,Completed
TX00588,2026-01-18,CUST0895,KE,Nairobi,USB-C Hub,Accessories,3,6828.7,M-Pesa,Amina,Individual,Completed
TX01402,2026-01-02,CUST0334,Tanzania,Nairobi,Office Laptop,Hardware,3,91367.05,Cash,David,SME,Completed
TX03046,2026-04-19,CUST0110,KENYA,NAIROBI,Office Laptop,Hardware,2,97417.25,Bank Transfer,Brian,Corporate,Completed
TX03225,2026-06-09,CUST0673,Uganda,Kampala,Laptop Bag,Accessories,2,3420.15,Card,Faith,Individual,Completed
TX01701,2026-01-05,CUST0655,Tanzania,Nairobi,Tablet,Hardware,1,41965.86,Cash,Carol,SME ,completed
TX03089,2026-05-06,CUST0176,KENYA,Kisumu,Laptop Bag,Accessories,1,3617.27,Cash,Amina,Corporate,Completed
TX04462,2026-04-10,CUST0278,KENYA,Mombasa,Monitor,Hardware,1,21194.2,Card,Brian,Individual,Pending
TX02982,2026-06-08,CUST0141,Rwanda,,USB-C Hub,Accessories,1,7008.34,Bank Transfer,Carol,Individual,Pending
TX00041,2026-04-27,CUST0704,Tanzania,,Laptop Bag,Accessories,1,3317.85,Bank Transfer,Faith,SME,Completed
TX01380,2026-04-06,CUST0149,Rwanda,Kigali,Laptop Stand,Accessories,1,4205.2,Bank Transfer,David,Corporate,Pending
TX02090,2026-02-27,CUST1038,Kenya,Mombasa,External SSD,Storage,3,14587.64,Bank Transfer,Amina,Corporate,Completed
TX03925,2026-03-11,CUST0553,Uganda,Dar es Salaam,Keyboard,Accessories,5,2267.16,Card,John,SME,Completed
TX02176,2026-05-07,CUST0117,Tanzania,NAIROBI,Laptop Stand,Accessories,1,4147.04,Cash,Carol,SME,Pending
TX03218,2026-01-22,CUST0934,Kenya,Kisumu,External SSD,Storage,1,13761.02,Bank Transfer,John,Corporate,Completed
TX02886,2026-02-01,CUST1177,KENYA,NAIROBI,External SSD,Storage,1,14199.21,Bank Transfer,Carol,Corporate,Completed
TX00075,2026-04-06,CUST0667,Kenya,Mombasa,External SSD,Storage,1,15069.85,M-Pesa,John,SME,Completed
TX04696,2026-04-04,CUST0874,TANZANIA,Kampala,Headset,Accessories,2,5319.98,Bank Transfer,Faith,Individual,Completed
TX04027,2026-02-06,CUST0920,UGANDA,Arusha,USB-C Hub,Accessories,3,6615.7,M-Pesa,Carol,SME,Completed
TX02658,2026-06-29,CUST0021,KENYA,Arusha,Laptop Stand,Accessories,1,4281.02,Card,Irene,Individual,Completed
TX03181,2026-04-05,CUST0387,UGANDA,NAIROBI,Laptop Stand,Accessories,5,4186.75,Bank Transfer,David,Individual,Completed
TX02077,2026-02-19,CUST0855,UGANDA,NAIROBI,USB-C Hub,Accessories,3,7042.08,Bank Transfer,Faith,Corporate,Completed
TX00442,2026-05-05,CUST0036,Kenya,MOMBASA,External SSD,Storage,1,13793.74,M-Pesa,Brian,SME,Pending
TX04389,2026-03-09,CUST0701,Tanzania,NAIROBI,Headset,Accessories,3,5320.05,Bank Transfer,Faith,SME,Completed
TX02052,2026-03-20,CUST0342,KENYA,Mombasa,Tablet,Hardware,1,45979.19,M-Pesa,Irene,SME,Completed
TX02542,2026-02-26,CUST0233,Uganda,MOMBASA,Wireless Mouse,Accessories,1,1708.53,Bank Transfer,George,Corporate,Cancelled
TX03307,2026-05-20,CUST0333,KENYA,Dar es Salaam,Office Laptop,Hardware,4,96480.09,Bank Transfer,Irene,Corporate,Cancelled
TX01302,2026-05-27,CUST0435,Rwanda,MOMBASA,Laptop Bag,Accessories,1,3499.11,Bank Transfer,Faith,Corporate,Completed
TX01782,2026-02-17,CUST0740,Uganda,Dar es Salaam,External SSD,Storage,1,13991.28,Cash,Brian,SME,Completed
TX04893,2026-03-16,CUST0321,Tanzania,NAIROBI,Keyboard,Accessories,2,2256.12,Bank Transfer,John,SME,Cancelled
TX03431,2026-04-21,CUST0510,Uganda,Dar es Salaam,Office Laptop,Hardware,2,91102.16,Cash,Amina,SME,Completed
TX01305,2026-02-23,CUST0367,Kenya,MOMBASA,USB-C Hub,Accessories,1,5895.58,Cash,Amina,Individual,Completed
TX00237,2026-05-09,CUST0515,KENYA,Arusha,Office Laptop,Hardware,2,88541.36,M-Pesa,David,Corporate,Completed
TX02600,2026-02-18,CUST1047,Uganda,Kampala,External SSD,Storage,4,15128.06,Cash,Amina,Individual,Pending
TX00521,2026-01-29,CUST0131,Tanzania,Arusha,Laptop Bag,Accessories,1,3620.76,Cash,Carol,Individual,Completed
TX02574,2026-01-08,CUST0322,Tanzania,MOMBASA,USB-C Hub,Accessories,1,5852.08,M-Pesa,David,SME,Cancelled
TX03281,2026-03-06,CUST0680,TANZANIA,Arusha,USB-C Hub,Accessories,4,6354.75,M-Pesa,Faith,Individual,Completed
TX03187,2026-03-06,CUST0738,Uganda,Kisumu,Wireless Mouse,Accessories,1,1839.38,Cash,Carol,Individual,Completed
TX03954,2026-06-01,CUST0869,TANZANIA,Kampala,Keyboard,Accessories,1,2404.74,Cash,Amina,SME,Completed
TX02769,2026-02-22,CUST0047,KE,Nairobi,External SSD,Storage,2,15202.27,Cash,John,Corporate,Completed
TX00736,2026-03-11,CUST0323,KENYA,Arusha,Wireless Mouse,Accessories,1,1757.54,Card,Irene,Individual,Completed
TX04781,2026-03-29,CUST0604,Rwanda,Kigali,Wireless Mouse,Accessories,3,1678.23,Bank Transfer,Irene,Individual,Completed
TX01806,2026-01-30,CUST0815,Kenya,Kisumu,Laptop Bag,Accessories,2,3561.64,Card,Irene,SME,Completed
TX02107,2026-02-14,CUST1138,KENYA,Nairobi,Wireless Mouse,Accessories,1,1721.27,Bank Transfer,Faith,Individual,Completed
TX02680,2026-05-27,CUST0287,Rwanda,Arusha,Monitor,Hardware,2,20183.08,Cash,Irene,Corporate,Completed
TX03230,2026-04-21,CUST0476,TANZANIA,NAIROBI,External SSD,Storage,4,15199.61,Card,David,SME,Completed
TX02762,2026-05-14,CUST0093,Kenya,MOMBASA,Laptop Bag,Accessories,1,3595.51,Bank Transfer,David,Corporate,completed
TX00593,2026-06-28,CUST1152,Uganda,Mombasa,Tablet,Hardware,1,37858.65,Cash,John,SME ,Cancelled
TX01304,2026-01-03,,Rwanda,Kisumu,Tablet,Hardware,1,44492.35,Card,John,SME,Cancelled
TX01388,2026-03-31,CUST0367,TANZANIA,Kampala,Keyboard,Accessories,1,2566.91,Cash,George,SME,Completed
TX04772,2026-06-20,CUST0206,UGANDA,Nairobi,Laptop Bag,Accessories,3,3288.85,,Faith,SME,Cancelled
TX04601,2026-04-24,CUST0779,KE,Kisumu,Wireless Mouse,Accessories,1,1859.6,Card,Carol,Individual,Completed
TX04084,2026-02-15,CUST0162,Uganda,Nairobi,Laptop Bag,Accessories,1,3385.77,Cash,Faith,Corporate,Completed
TX01891,2026-03-20,CUST1095,Uganda,Kigali,Monitor,Hardware,1,23473.41,Card,John,SME,Completed
TX02988,2026-06-23,CUST0869,Rwanda,Kigali,Tablet,Hardware,5,43932.79,Bank Transfer,Carol,Corporate,Completed
TX04485,2026-04-21,CUST0713,KENYA,Kigali,Keyboard,Accessories,4,2680.02,M-Pesa,Faith,Corporate,Completed
TX03298,2026-05-25,CUST0089,Rwanda,Dar es Salaam,Tablet,Hardware,4,43334.73,M-Pesa,Irene,SME,Cancelled
TX00905,2026-06-19,CUST0498,KENYA,Dar es Salaam,Tablet,Hardware,1,45896.89,M-Pesa,George,Individual,Completed
TX04685,2026-04-18,CUST1087,Uganda,Nairobi,Wireless Mouse,Accessories,1,1668.19,Bank Transfer,Amina,Individual,Pending
TX01280,2026-02-20,CUST0351,Kenya,NAIROBI,USB-C Hub,Accessories,1,6777.5,Bank Transfer,Faith,SME,Completed
TX00934,2026-01-16,CUST1111,Rwanda,MOMBASA,USB-C Hub,Accessories,3,6579.92,Card,George,Corporate,Pending
TX04979,2026-06-02,CUST0413,TANZANIA,Dar es Salaam,Monitor,Hardware,2,22871.06,M-Pesa,David,Individual,completed
TX02309,2026-04-19,CUST0036,Rwanda,Mombasa,Office Laptop,Hardware,1,93847.01,Card,Faith,SME,Cancelled
TX01556,2026-04-04,CUST0687,Uganda,Dar es Salaam,Laptop Stand,Accessories,1,4873.95,Card,Irene,Individual,Pending
TX04608,2026-04-27,CUST0315,TANZANIA,Kisumu,USB-C Hub,Accessories,1,5985.79,M-Pesa,George,Individual,Completed
TX03191,2026-03-22,CUST0371,KE,Dar es Salaam,External SSD,Storage,1,14896.35,Card,Brian,SME,Completed
TX04516,2026-03-13,,KENYA,Dar es Salaam,Tablet,Hardware,2,42737.34,M-Pesa,Irene,Individual,Completed
TX00707,2026-02-15,CUST0982,Kenya,Mombasa,Laptop Bag,Accessories,1,3817.76,Cash,David,Individual,Completed
TX04767,2026-03-07,CUST1133,Rwanda,Mombasa,Tablet,Hardware,1,43515.4,M-Pesa,Amina,Individual,Pending
TX03071,2026-01-15,CUST0539,KENYA,Mombasa,Office Laptop,Hardware,3,86563.01,Cash,,Individual,Completed
TX00746,2026-01-25,CUST0928,Tanzania,MOMBASA,Laptop Stand,Accessories,1,4499.07,Card,George,Individual,Completed
TX03595,2026-03-29,CUST0476,Uganda,Dar es Salaam,Office Laptop,Hardware,5,91822.53,Cash,Faith,Corporate,Pending
TX01940,2026-02-23,CUST1013,Rwanda,MOMBASA,Tablet,Hardware,3,45223.73,Card,Irene,SME,Pending
TX04472,2026-02-12,CUST0910,KENYA,Dar es Salaam,External SSD,Storage,1,14852.09,Card,Faith,Corporate,Pending
TX02863,2026-02-22,CUST0246,TANZANIA,Dar es Salaam,Office Laptop,Hardware,1,91572.74,M-Pesa,John,Individual,Cancelled
TX01921,2026-06-14,CUST0629,Kenya,Dar es Salaam,Tablet,Hardware,3,43091.02,Card,Brian,SME,Completed
TX00514,2026-05-28,CUST0294,UGANDA,MOMBASA,Monitor,Hardware,2,21154.7,Bank Transfer,Irene,Individual,Completed
TX00082,2026-04-21,CUST0111,Kenya,NAIROBI,Monitor,Hardware,1,21362.46,Card,Brian,Corporate,Completed
TX00954,2026-06-06,CUST1101,KENYA,Nairobi,External SSD,Storage,2,14551.13,M-Pesa,Irene,Corporate,Pending
TX01309,2026-06-29,CUST1136,Rwanda,NAIROBI,Laptop Stand,Accessories,1,4566.56,Card,David,Individual,Pending
TX04623,2026-06-19,CUST1015,KE,Kigali,Headset,Accessories,1,4707.61,M-Pesa,David,SME,Completed
TX00915,2026-04-29,CUST0063,Kenya,Kampala,Tablet,Hardware,1,43501.82,Cash,David,Individual,Completed
TX03453,2026-05-21,CUST0194,Rwanda,Nairobi,Laptop Stand,Accessories,1,4344.46,Cash,Irene,SME,Cancelled
TX03696,2026-03-27,,Kenya,Kisumu,Monitor,Hardware,1,20756.9,Card,Irene,Corporate,Completed
TX04883,2026-05-30,CUST1149,KE,Kisumu,Office Laptop,Hardware,2,103020.58,M-Pesa,Amina,Individual,Completed
TX03157,2026-06-07,CUST0911,UGANDA,Arusha,Monitor,Hardware,3,21169.09,Bank Transfer,David,SME,Pending
TX02199,2026-01-14,CUST0407,TANZANIA,Kigali,Laptop Stand,Accessories,2,4212.34,Cash,George,SME,Pending
TX04422,2026-01-31,CUST0229,Kenya,NAIROBI,Wireless Mouse,Accessories,1,1740.17,M-Pesa,Carol,SME,Completed
TX00775,2026-05-12,CUST1136,KENYA,Kampala,Headset,Accessories,1,5333.33,M-Pesa,Irene,SME,Completed
TX00330,2026-05-29,CUST1037,TANZANIA,Dar es Salaam,Laptop Bag,Accessories,4,3740.97,M-Pesa,Amina,Corporate,Completed
TX02055,2026-01-01,CUST0856,Uganda,Kampala,USB-C Hub,Accessories,1,6978.59,Bank Transfer,John,SME,Cancelled
TX02002,2026-04-19,CUST0401,Kenya,Mombasa,Tablet,Hardware,1,39048.13,M-Pesa,John,Corporate,Completed
TX00944,2026-03-23,CUST0339,KENYA,Nairobi,Office Laptop,Hardware,3,99273.34,Card,Faith,Corporate,Completed
TX00823,2026-01-11,CUST1194,KENYA,Kampala,Tablet,Hardware,2,45970.59,Card,Irene,Corporate,Completed
TX04602,2026-03-08,CUST0042,KENYA,Arusha,Headset,Accessories,3,5242.55,Cash,Irene,SME,Pending
TX00910,2026-01-24,CUST0374,TANZANIA,MOMBASA,Tablet,Hardware,2,40347.56,Cash,George,SME,Pending
TX02517,2026-03-30,CUST0110,TANZANIA,NAIROBI,Office Laptop,Hardware,1,102093.48,Card,Carol,Corporate,Completed
TX00182,2026-01-05,CUST1199,Rwanda,Kampala,Laptop Stand,Accessories,1,4655.34,Card,Amina,Corporate,Cancelled
TX00165,2026-03-25,CUST0022,Uganda,Dar es Salaam,External SSD,Storage,4,14863.38,Card,Irene,Corporate,Completed
TX01524,2026-04-05,CUST0959,Kenya,Kisumu,External SSD,Storage,2,13536.1,Bank Transfer,George,SME,Completed
TX00452,2026-02-21,CUST1151,Kenya,Kisumu,Tablet,Hardware,1,38530.94,M-Pesa,Irene,SME,Completed
TX03984,2026-04-10,CUST0974,Kenya,NAIROBI,USB-C Hub,Accessories,2,6621.01,Card,Carol,SME,Pending
TX02539,2026-06-27,CUST0508,Tanzania,Kisumu,Office Laptop,Hardware,2,90984.54,Card,Faith,SME,Completed
TX04173,2026-05-03,CUST1029,TANZANIA,Arusha,Wireless Mouse,Accessories,2,1810.67,Cash,David,SME,Cancelled
TX04854,2026-06-02,CUST0272,KENYA,Dar es Salaam,External SSD,Storage,1,14781.89,M-Pesa,John,SME,Completed
TX01312,2026-01-27,CUST0802,Uganda,Dar es Salaam,Headset,Accessories,2,5459.99,M-Pesa,David,Corporate,Cancelled
TX03150,2026-03-10,CUST0747,KENYA,Arusha,USB-C Hub,Accessories,2,6638.05,Card,Carol,SME,Completed
TX01112,2026-06-28,CUST0133,UGANDA,Dar es Salaam,Keyboard,Accessories,1,2655.06,Bank Transfer,Faith,SME,Cancelled
TX04622,2026-03-17,CUST1122,TANZANIA,Kampala,Headset,Accessories,1,5378.15,Bank Transfer,Irene,SME,Cancelled
TX03875,2026-02-10,CUST0362,Rwanda,Kisumu,Wireless Mouse,Accessories,1,1647.46,Bank Transfer,Faith,SME ,Completed
TX03490,2026-02-21,CUST0671,Kenya,Arusha,Office Laptop,Hardware,3,86674.49,M-Pesa,Faith,Corporate,Completed
TX01288,2026-05-24,CUST0917,Uganda,Kampala,USB-C Hub,Accessories,1,6300.03,Cash,Irene,Individual,Completed
TX04245,2026-03-26,CUST1168,Uganda,Kampala,Office Laptop,Hardware,1,90436.98,Bank Transfer,George,Corporate,Cancelled
TX04774,2026-01-12,CUST0395,TANZANIA,Mombasa,Headset,Accessories,1,5229.98,Cash,Faith,Individual,Completed
TX03301,2026-05-15,CUST0033,TANZANIA,,External SSD,Storage,3,13696.23,Card,Faith,Corporate,Completed
TX03311,2026-05-24,CUST0530,KENYA,MOMBASA,Laptop Bag,Accessories,2,3578.87,Bank Transfer,George,Corporate,Cancelled
TX00328,2026-03-06,CUST0137,Kenya,Kigali,External SSD,Storage,1,13765.79,Bank Transfer,Brian,SME,Completed
TX02491,2026-05-30,CUST0143,Uganda,Arusha,Tablet,Hardware,2,45807.01,Cash,Faith,Corporate,Pending
TX04762,2026-02-12,CUST0861,TANZANIA,Kisumu,Monitor,Hardware,1,19840.56,Card,Irene,Individual,Completed
TX00833,2026-03-25,CUST0979,Kenya,Kigali,Office Laptop,Hardware,1,101673.96,Cash,David,Individual,Pending
TX03080,2026-04-29,CUST0983,Rwanda,Kigali,Laptop Bag,Accessories,1,3247.23,Card,Amina,Corporate,Completed
TX03463,2026-06-30,CUST0040,TANZANIA,Nairobi,Tablet,Hardware,1,38129.06,M-Pesa,Irene,SME,Pending
TX04463,2026-03-16,CUST0614,UGANDA,Mombasa,External SSD,Storage,1,14943.11,Cash,David,Individual,Completed
TX00055,2026-06-27,CUST0634,KENYA,Kigali,USB-C Hub,Accessories,1,6761.26,Card,Faith,Individual,Completed
TX04065,2026-04-10,CUST1041,Uganda,NAIROBI,Office Laptop,Hardware,2,94293.69,Cash,John,Individual,Completed
TX03452,2026-03-19,CUST0548,UGANDA,Arusha,Headset,Accessories,1,5100.5,Card,Faith,SME,Pending
TX01902,2026-05-12,CUST0601,KE,Nairobi,Wireless Mouse,Accessories,1,1815.32,M-Pesa,George,Corporate,Completed
TX01482,2026-01-18,CUST0217,TANZANIA,Arusha,Laptop Bag,Accessories,1,3749.66,M-Pesa,John,Corporate,Completed
TX03336,2026-06-05,CUST0936,KENYA,Mombasa,Laptop Bag,Accessories,1,3338.97,M-Pesa,Amina,Corporate,Completed
TX00947,2026-03-05,CUST0345,UGANDA,Nairobi,USB-C Hub,Accessories,1,5900.8,M-Pesa,John,Individual,Completed
TX03294,2026-02-06,CUST0980,UGANDA,Kampala,USB-C Hub,Accessories,2,6280.83,Cash,David,SME,completed
TX02162,2026-05-16,CUST0544,KENYA,MOMBASA,Headset,Accessories,2,4970.0,Card,Carol,Individual,Completed
TX03058,2026-12-31,CUST1173,TANZANIA,Kampala,External SSD,Storage,2,14351.42,Cash,Amina,Individual,Completed
TX00769,2026-06-05,CUST0428,Kenya,Dar es Salaam,Wireless Mouse,Accessories,1,1833.66,Card,Amina,SME,Cancelled
TX04932,2026-03-04,CUST0889,KE,Nairobi,Office Laptop,Hardware,1,101811.26,Card,Brian,Individual,Completed
TX03496,2026-01-12,CUST0014,KENYA,Kampala,Monitor,Hardware,2,20977.06,Bank Transfer,Brian,SME,Completed
TX00286,2026-06-02,CUST0573,Tanzania,Kampala,Headset,Accessories,5,4959.72,Cash,George,SME,Completed
TX00029,2026-01-30,CUST0284,KENYA,Kisumu,Keyboard,Accessories,3,2565.57,Bank Transfer,John,Individual,Completed
TX04523,2026-05-20,CUST0837,UGANDA,Kigali,USB-C Hub,Accessories,1,6287.91,Bank Transfer,Amina,Individual,Completed
TX02333,2026-03-09,CUST0131,KENYA,Nairobi,Office Laptop,Hardware,1,90525.81,M-Pesa,Amina,Individual,Completed
TX02718,2026-06-26,CUST0633,Tanzania,MOMBASA,Headset,Accessories,1,5605.19,Cash,Amina,Corporate,Completed
TX02080,2026-01-17,CUST0807,Rwanda,Arusha,Keyboard,Accessories,1,2281.13,M-Pesa,John,SME ,Cancelled
TX03390,2026-01-06,CUST0027,Uganda,Kampala,Laptop Stand,Accessories,2,4304.39,Bank Transfer,Irene,Corporate,Completed
TX00723,2026-03-03,CUST0430,Kenya,NAIROBI,Keyboard,Accessories,1,2380.33,Cash,Amina,Corporate,Completed
TX00952,2026-04-05,CUST0041,Uganda,Kisumu,External SSD,Storage,2,15234.61,Bank Transfer,George,Corporate,completed
TX04438,2026-03-20,CUST0492,KENYA,Nairobi,Tablet,Hardware,2,39632.98,Cash,David,Individual,Completed
TX02263,2026-04-05,CUST1093,Rwanda,Kigali,Laptop Stand,Accessories,2,4943.85,Card,Faith,Corporate,Pending
TX00990,2026-02-24,CUST0510,UGANDA,Kisumu,External SSD,Storage,1,14408.54,Card,Faith,SME,Pending
TX03213,2026-02-16,CUST1084,KE,Mombasa,Keyboard,Accessories,3,2617.74,Cash,Irene,Individual,Completed
TX01760,2026-05-18,CUST0688,Kenya,Kigali,Laptop Bag,Accessories,3,3382.8,Cash,Faith,Corporate,Pending
TX04174,2026-04-18,CUST1057,TANZANIA,MOMBASA,Office Laptop,Hardware,1,86194.43,Card,Carol,SME ,COMPLETED
TX01725,2026-04-01,CUST0976,Tanzania,Nairobi,USB-C Hub,Accessories,1,5873.14,Cash,Brian,Individual,Completed
TX00342,2026-06-21,CUST0516,Uganda,Dar es Salaam,Wireless Mouse,Accessories,2,1790.42,Card,John,Individual,Completed
TX03702,2026-06-11,CUST0269,Tanzania,Kampala,Laptop Bag,Accessories,5,3249.2,Bank Transfer,John,Corporate,completed
TX00689,2026-04-29,CUST0181,Kenya,Kisumu,Wireless Mouse,Accessories,3,1810.15,Bank Transfer,Faith,Individual,Completed
TX03433,2026-05-30,CUST0978,TANZANIA,Kampala,External SSD,Storage,1,15076.35,Cash,Carol,SME,Cancelled
TX00967,2026-06-22,CUST0138,Tanzania,Mombasa,Headset,Accessories,2,5335.78,Card,George,Individual,Pending
TX04805,2026-04-26,CUST0963,Uganda,MOMBASA,Laptop Stand,Accessories,1,4422.89,Cash,Amina,Individual,Pending
TX02204,2026-06-14,CUST0025,KE,NAIROBI,Headset,Accessories,2,4947.37,Cash,Carol,Individual,completed
TX02714,2026-01-29,CUST0188,KE,Arusha,USB-C Hub,Accessories,1,6486.51,M-Pesa,Irene,SME,Cancelled
TX03573,2026-05-22,CUST0451,UGANDA,Dar es Salaam,Monitor,Hardware,4,21523.92,Card,David,Individual,Pending
TX01991,2026-03-30,CUST0523,Uganda,Kisumu,Wireless Mouse,Accessories,1,1822.33,Cash,Irene,SME,Completed
TX04121,2026-01-25,CUST1199,Uganda,Kigali,Office Laptop,Hardware,4,99843.1,Cash,Brian,Individual,Completed
TX04169,2026-01-31,CUST0716,KENYA,Kampala,Monitor,Hardware,2,23338.95,Cash,David,SME,Completed
TX04821,2026-04-30,CUST0031,KE,NAIROBI,Tablet,Hardware,1,42269.24,M-Pesa,George,Individual,Cancelled
TX03601,2026-03-14,CUST0723,UGANDA,MOMBASA,Laptop Stand,Accessories,2,4126.36,M-Pesa,Irene,Corporate,Completed
TX04642,2026-06-14,CUST1127,Kenya,Nairobi,External SSD,Storage,1,13507.79,Cash,Faith,Corporate,Completed
TX03624,2026-02-05,CUST0368,TANZANIA,MOMBASA,Laptop Bag,Accessories,1,3701.49,Bank Transfer,George,Corporate,Pending
TX04963,2026-05-05,CUST0579,Uganda,Kisumu,Keyboard,Accessories,5,2330.83,Card,Irene,Individual,Completed
TX00386,2026-01-07,CUST1161,UGANDA,MOMBASA,Office Laptop,Hardware,1,97422.24,Cash,Carol,Individual,Completed
TX04442,2026-03-14,CUST0450,Rwanda,Mombasa,Office Laptop,Hardware,2,87414.45,Bank Transfer,John,Corporate,Completed
TX04644,2026-06-16,CUST0501,UGANDA,Kisumu,External SSD,Storage,3,14661.26,M-Pesa,Irene,SME,Completed
TX00537,2026-05-07,CUST0599,TANZANIA,Nairobi,Monitor,Hardware,2,21019.1,Card,Faith,SME,Completed
TX04742,2026-06-19,CUST0629,Rwanda,Kigali,USB-C Hub,Accessories,1,6754.14,Cash,George,Individual,Completed
TX03508,2026-06-05,CUST0830,KENYA,NAIROBI,External SSD,Storage,2,15189.08,,Faith,Corporate,Completed
TX00202,2026-01-05,CUST0160,Kenya,NAIROBI,USB-C Hub,Accessories,1,5940.25,M-Pesa,John,SME,Completed
TX01333,2026-05-07,CUST0583,KENYA,Arusha,Monitor,Hardware,3,22852.53,M-Pesa,John,Individual,Completed
TX03503,2026-03-21,CUST1060,Kenya,Dar es Salaam,Headset,Accessories,1,4792.39,Card,Amina,SME,Completed
TX02709,2026-04-15,CUST0868,TANZANIA,Dar es Salaam,Laptop Stand,Accessories,1,4087.33,M-Pesa,Irene,SME,Pending
TX04022,2026-06-12,CUST1169,Kenya,Nairobi,Tablet,Hardware,1,43452.69,Bank Transfer,George,Individual,Completed
TX01855,2026-06-07,CUST0054,Tanzania,Mombasa,Office Laptop,Hardware,4,92834.59,Cash,Faith,Individual,Completed
TX04544,2026-03-09,CUST0875,UGANDA,Dar es Salaam,USB-C Hub,Accessories,2,6202.08,Bank Transfer,John,SME,Cancelled
TX02873,2026-01-18,CUST0289,Tanzania,NAIROBI,Tablet,Hardware,1,38463.87,Bank Transfer,Amina,SME,Cancelled
TX03031,2026-02-27,CUST0986,Rwanda,Kampala,Laptop Bag,Accessories,2,3501.46,Cash,Amina,SME,Pending
TX01206,2026-06-13,CUST0747,KE,Arusha,Wireless Mouse,Accessories,2,1694.49,M-Pesa,John,Corporate,Completed
TX01646,2026-03-07,CUST1147,Tanzania,Nairobi,Laptop Bag,Accessories,1,3220.23,Bank Transfer,George,Individual,Pending
TX03418,2026-05-19,CUST0502,UGANDA,MOMBASA,Office Laptop,Hardware,4,91500.96,Card,Brian,SME ,Pending
TX03477,2026-02-13,CUST0923,KE,Kampala,Laptop Stand,Accessories,1,4789.23,Bank Transfer,John,Corporate,Cancelled
TX02862,2026-04-16,CUST0084,KENYA,Dar es Salaam,Laptop Stand,Accessories,1,4859.3,Cash,Carol,SME,Completed
TX01793,2026-06-25,CUST0747,Tanzania,Kigali,USB-C Hub,Accessories,1,6301.7,Card,Carol,Individual,Completed
TX03798,2026-02-10,CUST0258,Tanzania,Kampala,Tablet,Hardware,1,41417.39,Bank Transfer,John,SME,Completed
TX03369,2026-01-03,CUST0078,KENYA,Dar es Salaam,External SSD,Storage,1,13219.74,Bank Transfer,Faith,Individual,Completed
TX03368,2026-01-15,CUST0286,KE,Arusha,Tablet,Hardware,4,42770.51,Bank Transfer,John,SME,Cancelled
TX03534,2026-02-23,CUST0236,KE,MOMBASA,Laptop Bag,Accessories,2,3378.76,M-Pesa,David,Corporate,Pending
TX04465,2026-01-04,CUST0807,Tanzania,Kigali,Keyboard,Accessories,3,2460.68,M-Pesa,Brian,SME,Completed
TX03450,2026-04-24,CUST0169,TANZANIA,Arusha,USB-C Hub,Accessories,5,6509.27,Bank Transfer,Brian,Corporate,Completed
TX00604,2026-03-12,CUST0032,Kenya,Dar es Salaam,Headset,Accessories,2,5148.29,Bank Transfer,Brian,Corporate,Completed
TX03057,2026-02-01,CUST0120,Rwanda,Nairobi,Keyboard,Accessories,4,2690.38,Card,John,Corporate,Completed
TX04432,2026-03-17,CUST0216,Tanzania,Arusha,USB-C Hub,Accessories,2,6551.8,Bank Transfer,Carol,Corporate,Completed
TX00127,2026-01-25,CUST1113,Rwanda,Kampala,Laptop Stand,Accessories,2,4701.69,Cash,Irene,Corporate,Completed
TX03877,2026-01-07,CUST0736,Tanzania,NAIROBI,Keyboard,Accessories,1,2369.87,Cash,David,SME ,Completed
TX02936,2026-05-29,CUST0192,TANZANIA,MOMBASA,Keyboard,Accessories,1,2252.04,M-Pesa,David,Individual,Completed
TX03532,2026-02-08,CUST1129,TANZANIA,Arusha,Tablet,Hardware,1,40101.96,Bank Transfer,George,Corporate,Completed
TX02731,2026-01-17,CUST0498,TANZANIA,NAIROBI,Keyboard,Accessories,1,2680.18,M-Pesa,David,Corporate,Completed
TX00828,2026-05-29,CUST0396,Uganda,Dar es Salaam,External SSD,Storage,1,14055.48,Card,David,SME,Completed
TX01640,2026-05-05,CUST0756,KE,Kisumu,Monitor,Hardware,5,20473.65,Card,Irene,Individual,Completed
TX00985,2026-02-20,CUST0036,Uganda,Dar es Salaam,Headset,Accessories,2,4865.59,Bank Transfer,Amina,SME,Completed
TX03282,2026-06-13,CUST1020,TANZANIA,MOMBASA,Monitor,Hardware,2,22656.07,Bank Transfer,Faith,SME,Completed
TX01325,2026-01-02,CUST0118,Tanzania,Nairobi,Tablet,Hardware,1,43937.35,M-Pesa,George,Corporate,Pending
TX02189,2026-06-15,CUST0876,Kenya,Kampala,Wireless Mouse,Accessories,1,1826.2,Card,Brian,SME,completed
TX04689,2026-04-06,CUST0202,KENYA,Kampala,USB-C Hub,Accessories,2,5868.3,M-Pesa,Carol,Individual,Completed
TX02444,2026-05-15,CUST0450,KE,,Headset,Accessories,1,5561.78,Cash,George,Individual,Completed
TX00363,2026-03-11,CUST0680,Kenya,Kampala,Laptop Stand,Accessories,2,4050.01,Bank Transfer,Irene,SME,Pending
TX02350,2026-03-28,CUST0367,KE,Arusha,Monitor,Hardware,2,21918.87,Bank Transfer,Carol,Corporate,Completed
TX00346,2026-02-23,CUST0946,KE,Arusha,Wireless Mouse,Accessories,1,1847.13,Card,Carol,SME,Completed
TX00815,2026-05-25,CUST1177,UGANDA,Kisumu,Laptop Bag,Accessories,1,3678.45,Card,Irene,SME,Cancelled
TX03206,2026-01-18,CUST1129,Uganda,Dar es Salaam,Office Laptop,Hardware,1,95597.3,Bank Transfer,George,SME,Completed
TX04260,2026-03-19,CUST0965,Tanzania,Kisumu,Laptop Bag,Accessories,1,3302.58,Cash,Carol,SME,Completed
TX04874,2026-05-06,CUST0377,UGANDA,Dar es Salaam,Headset,Accessories,1,4870.93,M-Pesa,Carol,Corporate,Completed
TX03326,2026-04-23,CUST0629,Uganda,Dar es Salaam,External SSD,Storage,1,15138.87,M-Pesa,Amina,SME,Completed
TX04107,2026-02-17,CUST0813,KENYA,Kigali,Office Laptop,Hardware,2,92278.11,Bank Transfer,John,SME,Cancelled
TX02117,2026-03-25,CUST0574,Uganda,NAIROBI,Office Laptop,Hardware,4,99705.25,M-Pesa,Carol,Individual,Completed
TX01835,2026-04-25,CUST1048,KENYA,Mombasa,Laptop Bag,Accessories,1,3751.24,Cash,Carol,SME,Pending
TX00794,2026-04-09,CUST0062,Kenya,Mombasa,USB-C Hub,Accessories,2,6539.07,M-Pesa,Irene,Individual,Cancelled
TX00662,2026-06-24,CUST1081,UGANDA,NAIROBI,USB-C Hub,Accessories,3,6191.54,M-Pesa,Carol,Individual,Cancelled
TX02675,2026-05-12,CUST0956,Uganda,Mombasa,Laptop Stand,Accessories,3,4763.71,Card,Carol,Corporate,Completed
TX00095,2026-02-08,CUST0198,Rwanda,Mombasa,Headset,Accessories,2,4749.28,Card,Carol,Corporate,Completed
TX03757,2026-01-14,CUST0737,Tanzania,Kigali,USB-C Hub,Accessories,1,6893.56,Card,Irene,Individual,Completed
TX02892,2026-03-01,CUST1114,Rwanda,Kisumu,Tablet,Hardware,1,44667.93,Cash,George,Corporate,Cancelled
TX02372,2026-05-23,CUST0318,TANZANIA,MOMBASA,Headset,Accessories,1,4981.05,Cash,George,SME,Pending
TX04217,2026-03-26,CUST0451,KENYA,Kisumu,Laptop Stand,Accessories,3,4175.42,Bank Transfer,Carol,Individual,Completed
TX04506,2026-04-25,CUST1102,KE,MOMBASA,Keyboard,Accessories,1,2501.16,Bank Transfer,,SME,Completed
TX03229,2026-04-12,CUST0360,KE,Kigali,Keyboard,Accessories,3,2533.96,Card,John,Corporate,Completed
TX02854,2026-04-28,CUST0878,TANZANIA,Kampala,USB-C Hub,Accessories,1,6844.36,Cash,George,Individual,completed
TX02913,2026-03-01,CUST0868,KE,Kisumu,Office Laptop,Hardware,4,92779.2,Bank Transfer,Amina,SME,Completed
TX01866,2026-06-06,CUST0610,Kenya,Arusha,Laptop Bag,Accessories,2,3284.93,Card,Brian,SME ,Completed
TX01858,2026-04-12,CUST0460,TANZANIA,Mombasa,Laptop Stand,Accessories,3,4349.31,Card,Brian,Corporate,Cancelled
TX02646,2026-02-14,CUST0022,UGANDA,NAIROBI,Laptop Stand,Accessories,2,4303.5,Bank Transfer,Brian,Individual,Completed
TX02244,2026-04-19,CUST1170,KENYA,MOMBASA,Office Laptop,Hardware,1,89309.85,Cash,Faith,SME,Completed
TX02337,2026-04-15,CUST0600,KENYA,Kampala,Monitor,Hardware,1,21575.09,Bank Transfer,Amina,Corporate,Completed
TX00951,2026-04-30,CUST0757,Uganda,NAIROBI,Headset,Accessories,1,5182.86,Bank Transfer,George,Corporate,Completed
TX03069,2026-06-25,CUST0006,KE,Dar es Salaam,Laptop Stand,Accessories,2,4424.6,Card,Carol,SME,Pending
TX01121,2026-04-07,CUST0110,KE,Kampala,Laptop Bag,Accessories,1,3201.97,Bank Transfer,Irene,SME ,Cancelled
TX02598,2026-03-12,CUST1125,UGANDA,Arusha,Laptop Stand,Accessories,1,4861.55,Cash,Carol,SME,Pending
TX02205,2026-03-17,CUST0404,UGANDA,MOMBASA,Laptop Bag,Accessories,1,3162.33,M-Pesa,Faith,SME,completed
TX00420,2026-06-15,CUST0061,TANZANIA,Mombasa,Laptop Bag,Accessories,1,3634.65,M-Pesa,George,Individual,Completed
TX00923,2026-06-30,CUST0591,Uganda,Mombasa,Laptop Stand,Accessories,1,4637.82,M-Pesa,David,Corporate,Completed
TX01255,2026-01-23,CUST0407,KENYA,MOMBASA,Laptop Bag,Accessories,1,3338.15,M-Pesa,George,SME,Completed
TX00478,2026-01-27,CUST0415,UGANDA,Kampala,Keyboard,Accessories,1,2440.5,M-Pesa,John,Corporate,Pending
TX02036,2026-02-07,CUST0698,Rwanda,Nairobi,Keyboard,Accessories,1,2349.62,Card,Brian,Corporate,completed
TX01203,2026-04-30,CUST0620,UGANDA,MOMBASA,Keyboard,Accessories,1,2329.96,Card,Carol,Corporate,Completed
TX02627,2026-03-28,CUST0450,KE,Arusha,Office Laptop,Hardware,2,93816.48,Card,Brian,Individual,Completed
TX04897,2026-02-23,CUST0195,UGANDA,Kisumu,Laptop Bag,Accessories,4,3162.89,Card,Brian,SME,Pending
TX01971,2026-01-13,CUST0482,UGANDA,Nairobi,Headset,Accessories,1,4867.7,Bank Transfer,Irene,SME,Pending
TX03111,2026-05-12,CUST0415,KENYA,NAIROBI,USB-C Hub,Accessories,4,6382.01,Bank Transfer,George,SME,Completed
TX04019,2026-01-14,CUST0374,KENYA,MOMBASA,Tablet,Hardware,2,40922.00,Cash,Carol,Individual,Completed
TX02152,2026-04-11,CUST0081,UGANDA,Kampala,Laptop Stand,Accessories,1,4464.92,M-Pesa,George,SME,Completed
TX03688,2026-01-01,CUST1100,Uganda,Kisumu,External SSD,Storage,1,15179.98,Bank Transfer,George,Corporate,Cancelled
TX01998,2026-04-20,CUST0475,UGANDA,Arusha,External SSD,Storage,2,13538.4,Bank Transfer,John,Corporate,Completed
TX04034,2026-02-28,CUST0774,KENYA,NAIROBI,Monitor,Hardware,1,23605.76,Cash,Faith,Individual,Completed
TX03055,2026-05-29,CUST0781,KENYA,Arusha,USB-C Hub,Accessories,4,6886.13,Card,John,Individual,Completed
TX01249,2026-05-01,CUST0468,KE,MOMBASA,External SSD,Storage,1,13123.8,Bank Transfer,Faith,Corporate,Pending
TX02193,2026-05-21,CUST1053,Kenya,Arusha,Monitor,Hardware,4,22875.35,Card,Irene,SME,Completed
TX02713,2026-03-08,CUST1035,Tanzania,Dar es Salaam,Laptop Bag,Accessories,1,3184.22,M-Pesa,Irene,Corporate,Completed
TX00993,2026-03-02,CUST0797,UGANDA,Mombasa,External SSD,Storage,1,14450.15,Bank Transfer,Amina,SME,Cancelled
TX02191,2026-06-19,CUST0287,Rwanda,Kigali,Office Laptop,Hardware,1,99978.69,M-Pesa,Amina,Individual,Pending
TX03763,2026-04-19,CUST0206,UGANDA,MOMBASA,Tablet,Hardware,2,40623.14,Cash,Faith,Individual,Completed
TX03598,2026-02-26,CUST1052,Kenya,Mombasa,USB-C Hub,Accessories,2,5889.03,Cash,Amina,Individual,Pending
TX01319,2026-04-01,CUST0037,UGANDA,Mombasa,USB-C Hub,Accessories,2,6979.38,Bank Transfer,David,Individual,Completed
TX01864,2026-04-01,CUST0214,Tanzania,Mombasa,Monitor,Hardware,1,20616.55,M-Pesa,Amina,Individual,Completed
TX02344,2026-01-09,CUST0013,TANZANIA,Dar es Salaam,Headset,Accessories,1,5714.48,Bank Transfer,Carol,SME,Cancelled
TX02450,2026-05-24,CUST0793,UGANDA,Kisumu,Keyboard,Accessories,1,2561.3,M-Pesa,George,Individual,completed
TX02137,2026-04-17,CUST0107,TANZANIA,NAIROBI,Keyboard,Accessories,1,2724.76,M-Pesa,Irene,Individual,Pending
TX01066,2026-01-02,CUST0242,Tanzania,MOMBASA,Office Laptop,Hardware,4,93935.78,M-Pesa,George,Corporate,Cancelled
TX03208,2026-02-04,CUST0908,Rwanda,Arusha,Laptop Stand,Accessories,2,4499.93,Cash,George,SME,Pending
TX04228,2026-04-16,CUST0188,TANZANIA,Kigali,External SSD,Storage,2,13906.68,Cash,Brian,Corporate,Completed
TX02622,2026-01-21,CUST0195,Kenya,Kampala,External SSD,Storage,1,14095.33,Bank Transfer,George,Corporate,Completed
TX00078,2026-01-26,CUST0008,UGANDA,Nairobi,External SSD,Storage,3,15720.53,M-Pesa,Carol,Individual,Completed
TX02899,2026-01-11,CUST1080,KE,Dar es Salaam,External SSD,Storage,2,15940.41,Card,Amina,Corporate,Completed
TX01315,2026-05-10,,TANZANIA,Arusha,USB-C Hub,Accessories,3,6382.79,M-Pesa,Faith,SME,Completed
TX04444,2026-05-16,CUST1146,UGANDA,Kisumu,Tablet,Hardware,1,42954.34,M-Pesa,Brian,Corporate,Completed
TX00873,2026-05-26,CUST0653,Uganda,Nairobi,Keyboard,Accessories,3,2364.08,Cash,Irene,Individual,Completed
TX03851,2026-01-18,CUST0938,KENYA,Dar es Salaam,Laptop Bag,Accessories,2,3582.41,Cash,Brian,SME,Cancelled
TX04866,2026-06-30,CUST0815,KE,Kigali,Office Laptop,Hardware,2,94781.84,Bank Transfer,Carol,SME,Completed
TX02966,2026-05-24,CUST0562,Uganda,MOMBASA,USB-C Hub,Accessories,1,6913.38,Card,John,SME,Completed
TX03392,2026-04-13,CUST0353,UGANDA,Kisumu,Tablet,Hardware,2,41315.74,Cash,David,Corporate,Completed
TX02561,2026-05-06,CUST0253,Kenya,Mombasa,Headset,Accessories,1,5232.31,M-Pesa,George,Corporate,Pending
TX04976,2026-05-28,CUST0233,Rwanda,Kisumu,Wireless Mouse,Accessories,2,1643.24,M-Pesa,Amina,Individual,Completed
TX02636,2026-02-01,CUST0251,Uganda,Nairobi,Monitor,Hardware,1,23970.6,Card,Brian,Corporate,Completed
TX03531,2026-06-12,CUST0639,KENYA,Kampala,Monitor,Hardware,1,23966.12,Bank Transfer,Carol,SME,Cancelled
TX00376,2026-03-16,CUST0140,Kenya,Kisumu,Monitor,Hardware,2,20028.08,M-Pesa,George,Individual,Pending
TX01909,2026-04-14,CUST0739,Tanzania,Mombasa,Laptop Bag,Accessories,3,3465.89,Card,John,SME,Pending
TX04404,2026-04-25,CUST0941,Tanzania,Kigali,Laptop Bag,Accessories,1,3331.42,M-Pesa,Irene,Corporate,completed
TX04451,2026-04-23,CUST0009,Kenya,Kisumu,Monitor,Hardware,1,21702.36,Bank Transfer,Carol,Individual,completed
TX04028,2026-01-30,CUST0792,UGANDA,Nairobi,Monitor,Hardware,3,20072.63,Card,John,SME,Completed
TX01605,2026-04-17,CUST0646,Uganda,Mombasa,Office Laptop,Hardware,3,94996.62,Bank Transfer,Faith,Corporate,Cancelled
TX01119,2026-02-03,CUST1041,Kenya,Kigali,Laptop Stand,Accessories,1,4275.72,Cash,Amina,Individual,Cancelled
TX03678,2026-02-23,CUST0194,KE,Kampala,USB-C Hub,Accessories,2,6283.64,M-Pesa,David,SME,completed
TX03491,2026-01-05,CUST1170,KENYA,Arusha,Tablet,Hardware,1,45259.78,Card,Brian,Individual,Completed
TX04943,2026-06-03,CUST0588,Tanzania,Mombasa,USB-C Hub,Accessories,1,6373.09,M-Pesa,George,Corporate,completed
TX02959,2026-02-23,CUST1132,KE,Arusha,Laptop Bag,Accessories,2,3829.93,Card,Amina,SME,Pending
TX01995,2026-04-17,CUST0810,Tanzania,Kigali,Laptop Stand,Accessories,1,4288.42,Cash,Amina,SME,Pending
TX04424,2026-06-17,CUST0291,Tanzania,Kampala,Laptop Stand,Accessories,3,4742.6,Cash,Faith,SME ,Pending
TX01945,2026-05-03,CUST0849,KE,MOMBASA,Laptop Bag,Accessories,2,3188.77,M-Pesa,Amina,Individual,Completed
TX02377,2026-02-06,CUST1055,TANZANIA,Kampala,Laptop Stand,Accessories,2,4708.55,Bank Transfer,Carol,Individual,Completed
TX01343,2026-03-08,CUST0308,KE,Kampala,Headset,Accessories,2,4746.47,M-Pesa,Carol,SME,Completed
TX00321,2026-06-17,CUST0375,Tanzania,NAIROBI,Wireless Mouse,Accessories,1,1656.34,Card,Brian,SME,Completed
TX01620,2026-02-21,CUST1057,KE,Kisumu,Laptop Bag,Accessories,1,3332.28,Cash,Irene,Corporate,Completed
TX03714,2026-04-23,CUST0006,Kenya,Dar es Salaam,Office Laptop,Hardware,3,98428.32,Card,John,Corporate,Completed
TX02061,2026-01-24,CUST0993,KE,Dar es Salaam,Office Laptop,Hardware,2,104474.31,M-Pesa,Amina,Corporate,Cancelled
TX02220,2026-03-27,CUST0791,Kenya,Kisumu,USB-C Hub,Accessories,4,7092.81,M-Pesa,George,Individual,Pending
TX01674,2026-04-13,CUST0792,UGANDA,Kigali,Wireless Mouse,Accessories,1,1675.96,M-Pesa,Faith,Individual,Completed
TX00261,2026-06-02,CUST1068,TANZANIA,NAIROBI,External SSD,Storage,5,15288.84,M-Pesa,Brian,Corporate,Cancelled
TX04490,2026-06-25,CUST0214,Rwanda,Kampala,Laptop Stand,Accessories,3,4692.68,Cash,Faith,Corporate,Pending
TX02040,2026-04-26,CUST0202,Tanzania,Kisumu,Tablet,Hardware,2,43714.44,Card,Amina,Individual,Completed
TX00902,2026-06-06,CUST0747,Rwanda,MOMBASA,Headset,Accessories,3,4849.42,Card,George,SME,Completed
TX03745,2026-04-23,CUST0901,UGANDA,Kisumu,Office Laptop,Hardware,1,94719.07,Card,Amina,SME,Completed
TX02027,2026-06-03,CUST0108,Kenya,NAIROBI,Monitor,Hardware,3,22896.52,M-Pesa,Amina,Corporate,Completed
TX04235,2026-05-24,CUST0499,Kenya,Mombasa,Laptop Bag,Accessories,2,3677.45,M-Pesa,Carol,SME,Pending
TX01918,2026-04-28,CUST0349,Kenya,NAIROBI,USB-C Hub,Accessories,2,6444.81,Bank Transfer,Brian,SME ,Completed
TX01829,2026-02-08,CUST0136,UGANDA,Kigali,Wireless Mouse,Accessories,5,1665.14,Cash,Irene,SME,completed
TX01574,2026-05-12,CUST0524,Rwanda,Kigali,Laptop Stand,Accessories,2,4552.72,Bank Transfer,George,SME,Cancelled
TX04728,2026-05-03,CUST0598,TANZANIA,Kigali,Tablet,Hardware,2,37872.4,M-Pesa,George,Corporate,Completed
TX04209,2026-03-05,CUST0557,KE,Dar es Salaam,USB-C Hub,Accessories,1,6076.08,Card,John,SME,Cancelled
TX00225,2026-03-29,CUST0467,Uganda,Dar es Salaam,USB-C Hub,Accessories,2,6648.11,M-Pesa,John,Individual,Pending
TX00724,2026-02-10,CUST0576,Kenya,NAIROBI,Headset,Accessories,5,5533.68,Bank Transfer,David,Corporate,COMPLETED
TX04560,2026-01-14,CUST0867,KENYA,Mombasa,Keyboard,Accessories,1,2684.21,Cash,Irene,SME,Completed
TX01142,2026-02-03,CUST0120,Tanzania,Nairobi,Keyboard,Accessories,1,2453.94,Bank Transfer,Faith,Individual,Completed
TX02763,2026-01-13,CUST1013,UGANDA,Nairobi,USB-C Hub,Accessories,3,6076.42,Card,John,Individual,Cancelled
TX00847,2026-02-12,CUST0862,Uganda,NAIROBI,Office Laptop,Hardware,2,100879.12,Card,George,SME,Completed
TX04290,2026-06-30,CUST1068,UGANDA,NAIROBI,USB-C Hub,Accessories,2,6696.41,M-Pesa,Brian,Corporate,Completed
TX02552,2026-04-02,CUST0852,Uganda,Kigali,Wireless Mouse,Accessories,1,1760.84,Cash,Faith,Corporate,Pending
TX02929,2026-06-03,CUST1167,UGANDA,Mombasa,USB-C Hub,Accessories,1,6699.42,Card,David,Individual,Completed
TX00118,2026-02-11,CUST0041,KENYA,Kisumu,Wireless Mouse,Accessories,1,1626.62,Card,Brian,Individual,Completed
TX00646,2026-03-09,CUST0545,Tanzania,Kampala,Headset,Accessories,4,5383.68,Bank Transfer,John,Individual,Pending
TX00004,2026-02-20,CUST0841,Kenya,Mombasa,Keyboard,Accessories,1,2741.62,Bank Transfer,Brian,Individual,Pending
TX04171,2026-02-28,CUST0138,KENYA,Kampala,Tablet,Hardware,1,39493.0,Cash,John,Corporate,Cancelled
TX00468,2026-04-05,CUST0852,KENYA,Dar es Salaam,Office Laptop,Hardware,2,93312.75,Cash,Irene,Corporate,Completed
TX00006,2026-02-23,CUST0703,KENYA,Kampala,Laptop Bag,Accessories,1,3613.77,Card,Brian,SME,Completed
TX00920,2026-02-23,CUST0766,Uganda,Dar es Salaam,Laptop Bag,Accessories,1,3588.19,M-Pesa,Carol,SME ,Cancelled
TX02596,2026-04-28,CUST1116,KENYA,Nairobi,Wireless Mouse,Accessories,1,1836.99,Cash,Faith,Individual,Completed
TX04325,2026-02-02,CUST0316,KENYA,Nairobi,Keyboard,Accessories,1,2603.17,Card,Brian,Corporate,Completed
TX01064,2026-01-27,CUST0617,Uganda,MOMBASA,Laptop Bag,Accessories,1,3433.93,M-Pesa,David,Corporate,Pending
TX02591,2026-02-25,,Uganda,Nairobi,Laptop Bag,Accessories,3,3719.54,Card,Amina,Individual,Completed
TX00243,2026-02-18,CUST0211,TANZANIA,Mombasa,External SSD,Storage,2,15384.47,Card,John,Individual,Cancelled
TX01161,2026-03-11,CUST1094,Uganda,Kisumu,Office Laptop,Hardware,1,99219.85,Card,Carol,Individual,Completed
TX02871,2026-02-23,CUST0273,KENYA,Arusha,External SSD,Storage,1,14134.62,M-Pesa,Faith,Corporate,Completed
TX03736,2026-01-18,CUST0023,Kenya,MOMBASA,Office Laptop,Hardware,1,99747.25,Cash,Carol,Individual,Pending
TX02398,2026-04-27,CUST1010,TANZANIA,NAIROBI,Office Laptop,Hardware,3,91634.34,Cash,Brian,Corporate,Completed
TX03518,2026-03-31,CUST0233,Tanzania,Arusha,Tablet,Hardware,1,37815.98,M-Pesa,Irene,Corporate,Completed
TX03422,2026-02-12,CUST0517,Rwanda,Nairobi,Wireless Mouse,Accessories,1,1852.74,M-Pesa,Carol,Individual,Completed
TX02564,2026-04-06,CUST0724,KENYA,MOMBASA,Tablet,Hardware,1,45788.95,Cash,David,SME,Cancelled
TX01606,2026-02-13,CUST0659,Tanzania,Dar es Salaam,USB-C Hub,Accessories,2,7043.54,Cash,David,Corporate,Completed
TX04907,2026-05-25,CUST0122,UGANDA,Nairobi,Headset,Accessories,1,4742.14,Cash,Irene,SME,Cancelled
TX02325,2026-04-09,CUST0086,KENYA,Kampala,External SSD,Storage,2,13141.0,M-Pesa,Faith,Individual,Completed
TX02710,2026-05-20,CUST0656,Rwanda,NAIROBI,Headset,Accessories,1,5668.44,Bank Transfer,David,Individual,Completed
TX04485,2026-04-21,CUST0713,KENYA,Kigali,Keyboard,Accessories,4,2680.02,M-Pesa,Faith,Corporate,Completed
TX01313,2026-06-22,CUST0905,KENYA,Kampala,Wireless Mouse,Accessories,1,1964.97,Cash,Amina,Corporate,Completed
TX03449,2026-05-02,CUST0094,Uganda,Kisumu,Keyboard,Accessories,1,2371.71,Bank Transfer,Carol,Corporate,Cancelled
TX03813,2026-03-04,CUST0276,Tanzania,Kigali,USB-C Hub,Accessories,2,6034.51,M-Pesa,Carol,Individual,Completed
TX04732,2026-04-09,CUST0276,KE,Mombasa,Office Laptop,Hardware,1,87444.96,Cash,David,Corporate,Completed
TX02363,2026-02-28,CUST0519,TANZANIA,Nairobi,Headset,Accessories,1,5143.65,Cash,Brian,Individual,Completed
TX01976,2026-04-10,CUST0941,UGANDA,Mombasa,Monitor,Hardware,2,23715.99,Bank Transfer,Faith,Individual,COMPLETED
TX03515,2026-02-20,CUST0706,KE,Nairobi,Tablet,Hardware,1,44332.7,Cash,George,Individual,Completed
TX01762,2026-01-07,CUST0420,Tanzania,Dar es Salaam,External SSD,Storage,3,14056.78,M-Pesa,David,Individual,Completed
TX02740,2026-01-19,CUST0735,KE,Dar es Salaam,Keyboard,Accessories,2,2458.89,M-Pesa,Brian,SME,Completed
TX04825,2026-03-30,CUST0446,Kenya,Dar es Salaam,Tablet,Hardware,1,39041.5,Bank Transfer,Brian,Corporate,Pending
TX02473,2026-05-08,CUST0137,Uganda,MOMBASA,Monitor,Hardware,1,23715.82,Card,David,Corporate,Pending
TX04008,2026-06-09,CUST0552,Kenya,Mombasa,Monitor,Hardware,2,23887.42,Cash,George,Corporate,Completed
TX01494,2026-05-09,CUST0155,Tanzania,Arusha,USB-C Hub,Accessories,1,6503.12,Card,John,Corporate,Completed
TX04207,2026-01-22,CUST0261,KE,Kisumu,Keyboard,Accessories,1,2322.02,M-Pesa,John,Individual,Completed
TX02159,2026-05-13,CUST0483,Rwanda,Arusha,Keyboard,Accessories,3,2455.08,Bank Transfer,Irene,Individual,Completed
TX01170,2026-02-22,CUST0310,UGANDA,MOMBASA,Laptop Bag,Accessories,1,3312.59,M-Pesa,David,Individual,Cancelled
TX04591,2026-01-14,CUST1102,UGANDA,Kisumu,Keyboard,Accessories,3,2257.09,M-Pesa,John,Corporate,Pending
TX00233,2026-05-29,CUST1022,TANZANIA,NAIROBI,Headset,Accessories,3,4948.77,M-Pesa,George,SME,Pending
TX00067,2026-04-05,CUST0771,Kenya,Kisumu,Laptop Stand,Accessories,1,4828.25,M-Pesa,Irene,Individual,Pending
TX01604,2026-04-22,CUST0649,Uganda,Kigali,Office Laptop,Hardware,2,98219.93,Card,John,SME,Completed
TX03284,2026-03-22,CUST0177,KE,Kigali,Laptop Bag,Accessories,1,3564.44,Bank Transfer,Brian,Individual,Completed
TX03597,2026-06-30,CUST0972,KENYA,Arusha,Laptop Stand,Accessories,2,4085.6,M-Pesa,George,SME,Completed
TX00126,2026-02-16,CUST0216,TANZANIA,Nairobi,Laptop Bag,Accessories,1,3815.17,Bank Transfer,John,Corporate,Completed
TX01297,2026-02-28,CUST0354,UGANDA,Kampala,Headset,Accessories,1,4829.9,Cash,John,SME,Cancelled
TX01977,2026-04-16,CUST0657,KE,MOMBASA,Office Laptop,Hardware,3,91758.36,M-Pesa,Faith,Individual,Completed
TX04592,2026-05-29,CUST1179,UGANDA,MOMBASA,Laptop Bag,Accessories,1,3573.43,Bank Transfer,Carol,SME,COMPLETED
TX04822,2026-01-29,CUST0769,Kenya,,Office Laptop,Hardware,2,102640.01,Bank Transfer,Carol,Corporate,Cancelled
TX02076,2026-01-12,CUST0684,Uganda,NAIROBI,Laptop Stand,Accessories,2,4478.95,M-Pesa,Faith,Corporate,Cancelled
TX03087,2026-03-18,CUST0746,KENYA,Kigali,Tablet,Hardware,1,40083.99,M-Pesa,Irene,Corporate,Pending
TX04417,2026-02-11,CUST0612,KENYA,,Monitor,Hardware,1,21482.39,Bank Transfer,Carol,Corporate,Cancelled
TX03346,2026-01-28,CUST0200,Uganda,Kigali,Tablet,Hardware,2,39351.43,Cash,Faith,SME ,Pending
TX04539,2026-03-02,CUST0155,Tanzania,Mombasa,Keyboard,Accessories,2,2484.25,Cash,Brian,Corporate,Completed
TX02798,2026-04-21,CUST0708,TANZANIA,Arusha,Laptop Bag,Accessories,1,3759.49,Bank Transfer,John,Individual,Completed
TX00919,2026-04-17,CUST0123,TANZANIA,Kisumu,Laptop Bag,Accessories,1,3655.26,Card,George,Corporate,Completed
TX01647,2026-04-06,CUST0367,Rwanda,Arusha,Laptop Bag,Accessories,1,3505.35,Card,George,SME,Completed
TX00365,2026-01-30,CUST0869,TANZANIA,NAIROBI,Monitor,Hardware,2,23533.07,M-Pesa,John,Corporate,Cancelled
TX03288,2026-06-02,CUST0389,KE,NAIROBI,Office Laptop,Hardware,1,94323.06,Bank Transfer,Carol,Individual,Completed
TX02126,2026-05-11,CUST0358,Uganda,Kisumu,External SSD,Storage,1,15752.46,Card,George,SME,Completed
TX04124,2026-05-08,CUST0895,KENYA,Nairobi,Wireless Mouse,Accessories,1,1874.06,Cash,Brian,Corporate,Completed
TX00526,2026-01-07,CUST0359,Tanzania,Arusha,Keyboard,Accessories,2,2541.57,M-Pesa,David,Individual,Completed
TX00056,2026-03-27,CUST0511,UGANDA,Nairobi,Laptop Stand,Accessories,1,4573.17,Bank Transfer,Amina,Individual,Completed
TX00639,2026-04-18,CUST0594,TANZANIA,NAIROBI,Tablet,Hardware,1,38659.88,M-Pesa,Faith,SME,Completed
TX00303,2026-03-16,CUST1179,KE,Mombasa,Wireless Mouse,Accessories,1,1629.91,Card,George,Corporate,Pending
TX02767,2026-05-06,CUST0438,KE,Nairobi,Tablet,Hardware,2,44346.9,Cash,John,Corporate,Completed
TX01277,2026-03-18,CUST0217,Uganda,Kigali,Tablet,Hardware,1,45574.45,Cash,Faith,SME,Completed
TX02056,2026-02-15,CUST0646,Rwanda,Kampala,Keyboard,Accessories,1,2748.41,M-Pesa,Irene,Individual,Completed
TX03645,2026-06-03,CUST0834,UGANDA,Dar es Salaam,Headset,Accessories,1,5231.26,Bank Transfer,George,Corporate,Completed
TX04144,2026-02-20,CUST0234,Tanzania,Kisumu,Keyboard,Accessories,2,2330.0,Card,Brian,Individual,Completed
TX02879,2026-03-17,CUST0879,Kenya,Nairobi,Laptop Bag,Accessories,1,3578.17,Cash,John,Corporate,Completed
TX04203,2026-05-01,CUST0330,Uganda,Dar es Salaam,Office Laptop,Hardware,2,103058.3,M-Pesa,David,Corporate,Completed
TX02287,2026-04-26,CUST0339,Uganda,MOMBASA,Laptop Stand,Accessories,1,4499.46,M-Pesa,John,Corporate,Completed
TX02262,2026-01-23,CUST0908,KE,NAIROBI,Office Laptop,Hardware,4,99234.23,Cash,Amina,Corporate,Completed
TX02297,2026-05-22,CUST0823,Tanzania,Mombasa,Keyboard,Accessories,4,2347.52,Card,Amina,SME,Completed
TX01754,2026-02-02,CUST0415,Tanzania,NAIROBI,USB-C Hub,Accessories,1,6457.48,Cash,Carol,Individual,Completed
TX01969,2026-05-06,CUST1164,Tanzania,Kampala,Laptop Stand,Accessories,3,4357.58,Card,Carol,SME,Cancelled
TX04423,2026-06-23,CUST1123,KE,Mombasa,External SSD,Storage,1,14275.54,M-Pesa,David,Corporate,Completed
TX03118,2026-05-26,CUST0980,KENYA,MOMBASA,External SSD,Storage,2,14409.17,Bank Transfer,Irene,Individual,Completed
TX02394,2026-02-14,CUST0465,UGANDA,Kigali,Wireless Mouse,Accessories,2,1721.67,Cash,Amina,Individual,Pending
TX00524,2026-02-08,CUST0780,Uganda,Arusha,Headset,Accessories,2,5243.03,Bank Transfer,Irene,Corporate,Completed
TX03901,2026-03-05,CUST0211,Tanzania,Kampala,Keyboard,Accessories,1,2539.95,Bank Transfer,Brian,Corporate,Completed
TX03123,2026-06-04,CUST0255,UGANDA,Kampala,Office Laptop,Hardware,1,94803.79,Cash,John,SME,Completed
TX04157,2026-05-02,CUST0287,TANZANIA,NAIROBI,Tablet,Hardware,2,45262.08,Bank Transfer,Brian,SME,Pending
TX01970,2026-02-14,CUST0852,Uganda,Arusha,Tablet,Hardware,1,41320.09,M-Pesa,Carol,Individual,Pending
TX00672,2026-06-28,CUST0594,Tanzania,Kigali,Wireless Mouse,Accessories,1,1653.28,M-Pesa,George,SME,completed
TX04189,2026-01-27,CUST0028,Rwanda,Mombasa,Headset,Accessories,2,5112.35,Bank Transfer,Amina,Corporate,Completed
TX00667,2026-06-22,CUST0204,Uganda,Arusha,USB-C Hub,Accessories,2,6543.32,Cash,John,Individual,Completed
TX04410,2026-01-26,CUST0875,UGANDA,Dar es Salaam,Headset,Accessories,4,4722.5,Bank Transfer,George,SME,Completed
TX01888,2026-05-08,CUST1142,KE,Arusha,USB-C Hub,Accessories,3,6870.49,Cash,John,SME ,Pending
TX03267,2026-02-28,CUST0653,TANZANIA,NAIROBI,Laptop Bag,Accessories,1,3346.33,Card,Brian,SME,Completed
TX00281,2026-06-25,,TANZANIA,Nairobi,USB-C Hub,Accessories,3,6090.93,Bank Transfer,Carol,SME,Cancelled
TX01720,2026-02-27,CUST0624,Rwanda,Kisumu,Wireless Mouse,Accessories,1,1773.46,Cash,Carol,Individual,Pending
TX02948,2026-01-08,CUST0029,Kenya,Kisumu,Laptop Bag,Accessories,2,3713.86,Bank Transfer,Carol,Individual,Pending
TX00900,2026-05-11,CUST0782,TANZANIA,Kigali,Headset,Accessories,1,5245.63,Card,Amina,Corporate,Cancelled
TX04929,2026-03-27,CUST0575,Tanzania,NAIROBI,Keyboard,Accessories,1,2378.62,Cash,John,SME,Pending
TX00761,2026-05-28,CUST0086,KE,Arusha,Wireless Mouse,Accessories,4,1797.68,Bank Transfer,George,Individual,Cancelled
TX01907,2026-04-06,CUST0326,KENYA,Arusha,Laptop Bag,Accessories,1,3618.76,Card,Amina,Corporate,Cancelled
TX04043,2026-06-12,CUST0317,Kenya,NAIROBI,Laptop Stand,Accessories,1,4940.71,Card,David,SME,Completed
TX03824,2026-03-11,CUST1090,KE,Nairobi,Headset,Accessories,2,4730.62,Bank Transfer,John,Corporate,Pending
TX04139,2026-03-22,CUST0013,KE,Kampala,Laptop Stand,Accessories,3,4539.1,Card,Carol,Corporate,Cancelled
TX03819,2026-01-30,CUST0016,Tanzania,NAIROBI,Tablet,Hardware,1,46109.12,Bank Transfer,George,Corporate,Completed
TX04301,2026-03-01,CUST0380,TANZANIA,Kigali,Laptop Bag,Accessories,1,3671.11,Card,Amina,SME,COMPLETED
TX02594,2026-01-28,CUST0810,Tanzania,Kampala,Keyboard,Accessories,1,2704.84,Card,Faith,SME ,Cancelled
TX04165,2026-06-06,CUST0937,Kenya,Mombasa,USB-C Hub,Accessories,2,7088.54,M-Pesa,John,SME,Completed
TX03032,2026-06-18,,Tanzania,Mombasa,Laptop Bag,Accessories,2,3397.33,Bank Transfer,Irene,SME,Cancelled
TX03580,2026-04-01,CUST0556,KE,Kigali,Laptop Bag,Accessories,5,3733.15,Bank Transfer,Faith,Corporate,Completed
TX02833,2026-04-07,CUST0257,UGANDA,Mombasa,External SSD,Storage,1,14636.07,Cash,Irene,Individual,Completed
TX03473,2026-03-14,CUST0158,Tanzania,Nairobi,USB-C Hub,Accessories,4,7148.61,Card,Carol,SME,Pending
TX00138,2026-04-03,CUST0885,Rwanda,MOMBASA,Office Laptop,Hardware,2,86734.74,Bank Transfer,Faith,SME,Cancelled
TX02181,2026-01-05,CUST0388,Kenya,Kigali,Office Laptop,Hardware,2,90653.21,Cash,Brian,Individual,Completed
TX02129,2026-03-12,CUST0010,UGANDA,Dar es Salaam,Wireless Mouse,Accessories,2,1748.36,M-Pesa,Carol,Corporate,Completed
TX03178,2026-01-28,CUST0541,Tanzania,Arusha,Monitor,Hardware,3,24175.7,Bank Transfer,George,SME,Cancelled
TX04439,2026-03-22,CUST0652,KE,Kisumu,External SSD,Storage,3,14143.41,M-Pesa,Carol,Individual,Completed
TX04262,2026-01-10,CUST0119,KE,NAIROBI,Monitor,Hardware,1,21015.84,Bank Transfer,John,SME,Cancelled
TX04345,2026-06-05,,Tanzania,Arusha,External SSD,Storage,1,15921.99,M-Pesa,Faith,SME,Completed
TX01332,2026-05-12,CUST0846,Kenya,MOMBASA,Tablet,Hardware,1,40766.36,Card,Amina,SME,Completed
TX02018,2026-06-08,CUST1136,Rwanda,MOMBASA,Keyboard,Accessories,1,2566.66,Bank Transfer,Brian,SME,Completed
TX02483,2026-01-16,CUST1199,UGANDA,Mombasa,Laptop Stand,Accessories,4,4652.06,Cash,David,SME,Completed
TX01359,2026-01-08,CUST1152,Uganda,Dar es Salaam,USB-C Hub,Accessories,1,6182.77,Cash,Faith,Corporate,completed
TX01330,2026-01-17,CUST1072,KE,Nairobi,Office Laptop,Hardware,1,85924.96,Card,Faith,Corporate,Cancelled
TX02151,2026-01-09,CUST0010,Kenya,MOMBASA,Laptop Bag,Accessories,2,3567.46,Card,Irene,SME,Completed
TX02123,2026-03-08,CUST0134,Tanzania,Mombasa,Office Laptop,Hardware,2,90268.48,Cash,Amina,SME,Pending
TX03982,2026-01-28,,KE,Kigali,Monitor,Hardware,2,20978.45,Card,David,Corporate,Completed
TX01253,2026-03-22,CUST0276,Tanzania,Kampala,External SSD,Storage,1,13142.98,Bank Transfer,George,Individual,Completed
TX03279,2026-01-14,CUST0872,Kenya,Mombasa,Tablet,Hardware,1,40208.26,Card,George,Individual,Pending
TX03375,2026-06-15,CUST0843,UGANDA,Dar es Salaam,Laptop Bag,Accessories,2,3620.12,Bank Transfer,Amina,SME,Cancelled
TX02815,2026-04-03,CUST0823,Uganda,Kampala,Laptop Stand,Accessories,1,4190.44,Cash,David,Individual,Completed
TX01849,2026-05-07,CUST0334,KE,MOMBASA,Tablet,Hardware,1,38432.89,M-Pesa,John,Individual,Completed
TX03038,2026-04-18,CUST0984,Uganda,Mombasa,Headset,Accessories,4,4701.45,Bank Transfer,Carol,Corporate,Completed
TX00389,2026-06-19,CUST0212,Kenya,Kigali,Keyboard,Accessories,2,2556.65,M-Pesa,John,Corporate,Completed
TX00236,2026-01-19,CUST1054,TANZANIA,Kampala,Laptop Stand,Accessories,2,4507.52,Bank Transfer,David,Corporate,Pending
TX01078,2026-01-23,CUST0046,UGANDA,Dar es Salaam,External SSD,Storage,5,13087.92,Bank Transfer,David,SME,Completed
TX01985,2026-01-03,CUST0741,Tanzania,Dar es Salaam,Keyboard,Accessories,1,2506.1,Bank Transfer,Carol,Individual,Completed
TX04364,2026-03-18,CUST0739,UGANDA,Mombasa,Tablet,Hardware,1,44641.2,Cash,Faith,Individual,Completed
TX03963,2026-06-07,CUST1140,KE,Dar es Salaam,Keyboard,Accessories,2,2343.29,Cash,Carol,Corporate,Pending
TX00771,2026-04-17,CUST1000,Uganda,Kigali,USB-C Hub,Accessories,1,7046.82,Cash,Irene,Corporate,Completed
TX02166,2026-05-23,CUST0824,TANZANIA,Mombasa,External SSD,Storage,1,15837.76,Card,John,SME,Cancelled
TX00674,2026-04-18,CUST0810,TANZANIA,Kisumu,External SSD,Storage,1,15217.16,Card,David,Corporate,Completed
TX00250,2026-06-07,CUST0618,Uganda,Kisumu,Office Laptop,Hardware,2,97982.15,Card,George,Corporate,Completed
TX01575,2026-02-17,CUST0239,UGANDA,Mombasa,External SSD,Storage,2,13762.9,M-Pesa,David,SME,Pending
TX03420,2026-05-19,CUST1055,KENYA,Mombasa,External SSD,Storage,1,14445.11,Card,David,Corporate,Cancelled
TX02082,2026-06-29,CUST0619,KE,Arusha,Wireless Mouse,Accessories,5,1666.88,Bank Transfer,Irene,Individual,Cancelled
TX01824,2026-04-21,CUST0356,KE,Dar es Salaam,External SSD,Storage,1,15455.26,Bank Transfer,Irene,SME,Pending
TX00717,2026-05-13,CUST0506,TANZANIA,Mombasa,Monitor,Hardware,2,21692.63,Card,John,SME,Completed
TX04935,2026-02-12,CUST1137,KE,NAIROBI,Monitor,Hardware,1,20498.28,M-Pesa,Faith,SME,Completed
TX02049,2026-02-07,CUST0104,KE,Dar es Salaam,Monitor,Hardware,2,21957.81,Card,Amina,SME,Cancelled
TX04179,2026-02-05,CUST0100,Tanzania,Kisumu,Keyboard,Accessories,1,2540.75,Bank Transfer,Irene,SME,Completed
TX02725,2026-02-16,CUST0073,KENYA,Kampala,External SSD,Storage,2,14265.19,Bank Transfer,George,Individual,Completed
TX04596,2026-01-29,CUST0936,UGANDA,Kisumu,Headset,Accessories,2,5395.88,M-Pesa,George,Corporate,Completed
TX01461,2026-04-17,CUST0171,TANZANIA,Kampala,USB-C Hub,Accessories,4,6522.47,Bank Transfer,John,Corporate,Pending
TX01669,2026-05-29,CUST0918,TANZANIA,Arusha,Office Laptop,Hardware,2,89373.69,Card,Amina,Individual,Pending
TX02757,2026-03-07,CUST1050,Tanzania,MOMBASA,USB-C Hub,Accessories,3,6942.23,Card,Faith,SME,Completed
TX02001,2026-05-18,CUST0408,Kenya,,Monitor,Hardware,2,22161.97,M-Pesa,Faith,SME,Completed
TX00405,2026-03-13,CUST0137,Tanzania,Arusha,USB-C Hub,Accessories,1,6286.38,Bank Transfer,Amina,SME,Completed
TX00385,2026-06-28,CUST0891,TANZANIA,Kampala,Keyboard,Accessories,1,2327.41,Cash,George,SME,Pending
TX04567,2026-03-27,CUST0093,TANZANIA,Arusha,Monitor,Hardware,2,24004.42,M-Pesa,Brian,Individual,Cancelled
TX02153,2026-03-01,CUST0349,Kenya,Mombasa,Laptop Stand,Accessories,1,4335.97,M-Pesa,David,SME,Pending
TX01634,2026-01-17,CUST0394,Uganda,Kisumu,Laptop Bag,Accessories,4,3721.52,Card,Brian,Corporate,Cancelled
TX04661,2026-02-25,CUST0273,KENYA,Mombasa,Office Laptop,Hardware,1,100047.02,Card,Faith,Individual,Completed
TX03926,2026-05-11,CUST0625,Kenya,Mombasa,Laptop Bag,Accessories,1,3692.44,Bank Transfer,Amina,Corporate,Cancelled
TX04159,2026-06-21,CUST1053,Rwanda,Arusha,Office Laptop,Hardware,3,89502.87,Bank Transfer,Brian,SME,Cancelled
TX00224,2026-01-28,CUST0759,Rwanda,Kisumu,Tablet,Hardware,4,39925.69,Card,John,Corporate,Completed
TX02194,2026-06-30,CUST0761,Tanzania,Nairobi,Monitor,Hardware,2,24194.38,Cash,Brian,SME,Completed
TX03137,2026-02-25,CUST0923,TANZANIA,Kisumu,Keyboard,Accessories,1,2402.68,M-Pesa,Irene,SME,Completed
TX04470,2026-04-17,CUST0687,TANZANIA,Kisumu,External SSD,Storage,1,14793.5,M-Pesa,Amina,Individual,Completed
TX01825,2026-04-12,CUST1089,Tanzania,Kigali,External SSD,Storage,5,13084.83,M-Pesa,Amina,SME,Cancelled
TX04676,2026-05-18,CUST0135,Rwanda,Kigali,Laptop Bag,Accessories,2,3742.46,M-Pesa,John,Individual,Completed
TX00798,2026-06-12,CUST0230,KENYA,MOMBASA,Headset,Accessories,2,5205.32,Cash,George,Individual,Completed
TX02872,2026-01-21,CUST0133,KE,Mombasa,Office Laptop,Hardware,1,87288.79,Cash,Irene,Corporate,Completed
TX00010,2026-03-13,CUST0930,TANZANIA,Kigali,Tablet,Hardware,1,38773.3,M-Pesa,John,Corporate,Completed
TX01945,2026-05-03,CUST0849,KE,MOMBASA,Laptop Bag,Accessories,2,3188.77,M-Pesa,Amina,Individual,Completed
TX01839,2026-04-26,CUST0270,Tanzania,Arusha,Tablet,Hardware,2,38900.71,Bank Transfer,Carol,Corporate,Cancelled
TX00256,2026-03-02,CUST0028,Kenya,Kampala,Office Laptop,Hardware,3,96163.23,Card,Carol,Individual,Pending
TX04486,2026-03-12,CUST0678,KE,,Keyboard,Accessories,4,2377.22,Cash,John,SME,Pending
TX04583,2026-01-09,CUST0293,TANZANIA,NAIROBI,Laptop Bag,Accessories,2,3566.02,Cash,Carol,Individual,Completed
TX01582,2026-03-26,CUST0709,TANZANIA,Arusha,Keyboard,Accessories,4,2535.06,Bank Transfer,Carol,Corporate,Completed
TX02957,2026-01-04,CUST0346,KE,Nairobi,Office Laptop,Hardware,1,89479.6,Cash,Faith,SME,Completed
TX00925,2026-04-10,CUST0989,Kenya,Nairobi,Keyboard,Accessories,2,2680.41,Card,Brian,Individual,Pending
TX04503,2026-03-17,CUST1049,UGANDA,Nairobi,USB-C Hub,Accessories,5,6702.27,Card,Irene,SME,Completed
TX02509,2026-05-02,CUST0274,KE,Kisumu,Laptop Stand,Accessories,1,4638.81,Bank Transfer,Amina,Individual,completed
TX03776,2026-02-10,CUST0943,TANZANIA,MOMBASA,Office Laptop,Hardware,4,95861.98,Card,George,Corporate,Cancelled
TX04137,2026-01-16,CUST0935,KENYA,Arusha,USB-C Hub,Accessories,2,7071.67,Card,David,Individual,Cancelled
TX02780,2026-01-21,CUST0046,Rwanda,NAIROBI,Keyboard,Accessories,1,2732.01,Card,Irene,Corporate,Completed
TX00540,2026-04-18,CUST0378,UGANDA,Nairobi,Headset,Accessories,4,5078.54,Bank Transfer,David,Corporate,Completed
TX02746,2026-05-01,CUST0439,KENYA,Kigali,External SSD,Storage,1,13814.34,Cash,David,Individual,Completed
TX04573,2026-06-18,CUST0997,TANZANIA,MOMBASA,Wireless Mouse,Accessories,2,1868.26,M-Pesa,John,SME,Completed
TX04646,2026-01-22,CUST0053,Tanzania,Kisumu,Wireless Mouse,Accessories,1,1639.69,Cash,Amina,Individual,Completed
TX01146,2026-03-24,CUST0168,Rwanda,Mombasa,Keyboard,Accessories,1,2414.71,Card,Faith,SME,Cancelled
TX04469,2026-04-11,CUST0911,KENYA,Kampala,Monitor,Hardware,2,22627.33,Card,Irene,Corporate,Completed
TX00668,2026-06-19,CUST0723,UGANDA,NAIROBI,Office Laptop,Hardware,1,87471.37,Cash,Brian,Individual,Completed
TX03020,2026-05-16,CUST1050,TANZANIA,Arusha,External SSD,Storage,4,13360.74,Bank Transfer,Irene,Corporate,Completed
TX00358,2026-04-09,CUST0282,KE,Kisumu,Monitor,Hardware,2,21721.1,Bank Transfer,Carol,Individual,Completed
TX02832,2026-01-13,CUST0254,KENYA,Arusha,Laptop Stand,Accessories,2,4162.1,Cash,Carol,Corporate,Completed
TX02784,2026-01-05,CUST0489,TANZANIA,Dar es Salaam,Laptop Stand,Accessories,3,4722.82,M-Pesa,Carol,SME,Completed
TX01354,2026-06-07,CUST0246,UGANDA,NAIROBI,Wireless Mouse,Accessories,2,1712.48,Cash,John,Individual,Completed
TX00471,2026-04-01,CUST0661,Uganda,Dar es Salaam,Laptop Stand,Accessories,1,4090.72,Cash,Carol,SME,Completed
TX02704,2026-03-22,CUST0963,Rwanda,Arusha,Laptop Stand,Accessories,1,4601.63,Bank Transfer,David,SME,Cancelled
TX03331,2026-01-29,CUST0361,Kenya,Dar es Salaam,USB-C Hub,Accessories,2,5895.96,Bank Transfer,John,SME,Completed
TX03638,2026-02-24,CUST0417,Rwanda,Kampala,External SSD,Storage,4,15782.88,M-Pesa,Brian,Corporate,Pending
TX01397,2026-01-19,CUST0827,Rwanda,Nairobi,Office Laptop,Hardware,1,86146.85,Bank Transfer,George,Corporate,Completed
TX03585,2026-01-31,CUST1080,KENYA,NAIROBI,External SSD,Storage,1,14995.88,M-Pesa,Amina,SME,Completed
TX04561,2026-05-05,CUST0945,Tanzania,Dar es Salaam,USB-C Hub,Accessories,1,5958.9,Cash,Brian,Corporate,Completed
TX03377,2026-06-28,,Kenya,Mombasa,Headset,Accessories,1,4858.44,Bank Transfer,Brian,SME,Pending
TX01257,2026-01-18,CUST0928,KENYA,Dar es Salaam,Headset,Accessories,1,5330.02,M-Pesa,John,Corporate,Cancelled
TX03513,2026-03-09,CUST0815,Uganda,MOMBASA,Monitor,Hardware,1,22846.7,Card,Irene,SME,Completed
TX01251,2026-05-27,CUST1189,KE,Dar es Salaam,USB-C Hub,Accessories,3,6815.78,Card,George,SME,Pending
TX04886,2026-04-10,CUST0682,KENYA,MOMBASA,Laptop Stand,Accessories,1,4068.3,M-Pesa,Brian,Individual,Cancelled
TX04299,2026-06-29,CUST0110,Rwanda,MOMBASA,External SSD,Storage,2,15452.52,Card,David,Individual,Completed
TX03285,2026-01-19,CUST0450,KENYA,Dar es Salaam,Keyboard,Accessories,1,2398.22,Cash,Brian,Individual,Completed
TX02934,2026-05-23,CUST0430,TANZANIA,Nairobi,Laptop Stand,Accessories,1,4246.71,Bank Transfer,John,SME,Pending
TX04176,2026-06-23,CUST0708,TANZANIA,Arusha,Headset,Accessories,4,5251.39,Cash,David,SME,Cancelled
TX01853,2026-04-18,CUST0239,UGANDA,Kigali,Laptop Bag,Accessories,2,3404.65,Cash,Faith,Corporate,Cancelled
TX04948,2026-02-21,CUST0401,Kenya,Kigali,Office Laptop,Hardware,2,85957.08,Cash,Amina,SME,completed
TX02106,2026-03-21,CUST1145,Rwanda,MOMBASA,Headset,Accessories,1,5011.61,Cash,George,Individual,Completed
TX00134,2026-01-10,CUST0921,Uganda,Kigali,Laptop Stand,Accessories,1,4572.68,Bank Transfer,Irene,Individual,Cancelled
TX00929,2026-06-10,CUST0797,Tanzania,Dar es Salaam,USB-C Hub,Accessories,3,6696.02,M-Pesa,George,Corporate,Completed
TX00824,2026-02-27,CUST0128,KENYA,Kigali,Monitor,Hardware,1,22729.37,Bank Transfer,Irene,Individual,Completed
TX04618,2026-06-30,CUST0419,Kenya,NAIROBI,Wireless Mouse,Accessories,4,1833.38,M-Pesa,Brian,Corporate,Completed
TX01532,2026-03-04,CUST0423,Uganda,Nairobi,USB-C Hub,Accessories,4,6295.38,Bank Transfer,Irene,Individual,Completed
TX01215,2026-04-27,CUST0632,KENYA,Kigali,Keyboard,Accessories,1,2661.32,Bank Transfer,Irene,Corporate,Completed
TX00505,2026-04-02,CUST0559,KENYA,Nairobi,Laptop Stand,Accessories,2,4064.58,Cash,Faith,SME,Completed
TX04286,2026-02-26,CUST0427,TANZANIA,Mombasa,Monitor,Hardware,2,22668.89,M-Pesa,Amina,SME,Pending
TX01997,2026-04-19,CUST1172,Tanzania,Mombasa,Tablet,Hardware,2,45099.37,Bank Transfer,John,Corporate,Completed
TX03073,2026-05-13,CUST0603,Tanzania,Arusha,Wireless Mouse,Accessories,2,1632.66,M-Pesa,Carol,SME,Pending
TX01959,2026-03-28,CUST0991,KE,Nairobi,Headset,Accessories,2,5034.72,M-Pesa,David,SME,Completed
TX01385,2026-02-14,CUST1009,UGANDA,NAIROBI,Wireless Mouse,Accessories,1,1843.7,Cash,John,Corporate,Completed
TX00895,2026-01-15,CUST1138,UGANDA,Mombasa,Headset,Accessories,3,4953.56,Bank Transfer,John,Corporate,Cancelled
TX00456,2026-01-13,CUST0606,KENYA,NAIROBI,Laptop Bag,Accessories,2,3804.62,M-Pesa,John,Corporate,Completed
TX04713,2026-05-04,CUST0964,KE,Kigali,Laptop Stand,Accessories,2,4478.21,Cash,Irene,Corporate,Completed
TX03710,2026-02-20,CUST0147,TANZANIA,Arusha,Tablet,Hardware,1,43899.34,Card,Carol,Corporate,Completed
TX04695,2026-01-29,CUST0257,UGANDA,Nairobi,External SSD,Storage,1,13729.66,Cash,Faith,Individual,Completed
TX04269,2026-05-03,CUST0353,TANZANIA,Kisumu,External SSD,Storage,1,15017.62,Cash,David,SME,Completed
TX03523,2026-02-11,CUST0400,UGANDA,Dar es Salaam,Headset,Accessories,1,5717.03,Bank Transfer,David,Individual,Pending
TX04135,2026-02-14,CUST0504,Kenya,Kampala,Headset,Accessories,1,5042.4,Card,Brian,SME ,Cancelled
TX03603,2026-01-18,CUST0560,KE,Arusha,USB-C Hub,Accessories,1,6091.68,M-Pesa,John,Individual,Pending
TX00714,2026-01-21,CUST0384,Tanzania,NAIROBI,Wireless Mouse,Accessories,1,1856.1,Cash,Irene,Corporate,Completed
TX04187,2026-04-25,CUST0700,Kenya,Kisumu,Office Laptop,Hardware,2,87538.34,Cash,John,SME,Completed
TX02215,2026-06-18,CUST0473,UGANDA,Dar es Salaam,Laptop Stand,Accessories,1,4415.65,Card,George,SME,Completed
TX02924,2026-01-07,CUST0267,Uganda,Kisumu,Wireless Mouse,Accessories,2,1768.14,M-Pesa,John,SME,Completed
TX01811,2026-01-17,CUST0224,KENYA,Kisumu,USB-C Hub,Accessories,1,6451.29,Card,Brian,Individual,Completed
TX03487,2026-03-16,CUST0853,KENYA,Arusha,External SSD,Storage,5,15936.62,M-Pesa,John,SME,Pending
TX03142,2026-04-23,CUST1159,TANZANIA,Dar es Salaam,Headset,Accessories,1,5373.16,Bank Transfer,David,SME,Completed
TX01828,2026-02-15,CUST0746,Rwanda,MOMBASA,Tablet,Hardware,1,42921.74,Bank Transfer,Brian,Corporate,Completed
TX01156,2026-02-17,CUST0484,Tanzania,Mombasa,USB-C Hub,Accessories,4,6988.43,M-Pesa,David,Individual,COMPLETED
TX01325,2026-01-02,CUST0118,Tanzania,Nairobi,Tablet,Hardware,1,43937.35,M-Pesa,George,Corporate,Pending
TX04313,2026-03-13,CUST0492,UGANDA,Dar es Salaam,External SSD,Storage,2,14477.52,Card,Faith,Corporate,Completed
TX00511,2026-06-08,CUST1102,KE,NAIROBI,Keyboard,Accessories,2,2337.32,Card,Faith,Corporate,Completed
TX01681,2026-03-30,CUST0511,Uganda,Kigali,Monitor,Hardware,1,22210.04,Card,Faith,Corporate,Completed
TX00500,2026-03-14,CUST0582,Uganda,MOMBASA,USB-C Hub,Accessories,1,7001.91,Cash,Irene,Corporate,Completed
TX04611,2026-05-19,CUST0666,Tanzania,Kampala,Laptop Stand,Accessories,1,4491.04,Card,Faith,Individual,Pending
TX01857,2026-04-04,CUST1092,UGANDA,MOMBASA,Laptop Stand,Accessories,1,4456.88,Bank Transfer,Faith,Corporate,Completed
TX01389,2026-06-14,CUST0988,Tanzania,MOMBASA,USB-C Hub,Accessories,2,6817.74,Card,Irene,Individual,Completed
TX03720,2026-05-25,CUST1024,KENYA,Nairobi,Office Laptop,Hardware,2,90462.41,Bank Transfer,David,Corporate,Completed
TX02387,2026-01-31,CUST0369,Rwanda,Kampala,Keyboard,Accessories,1,2448.27,Cash,Brian,Corporate,Pending
TX03237,2026-05-27,CUST0207,TANZANIA,NAIROBI,Keyboard,Accessories,2,2595.88,Card,Irene,Individual,Completed
TX01541,2026-02-11,CUST0403,Uganda,Mombasa,Headset,Accessories,1,4959.55,Bank Transfer,Irene,Individual,Pending
TX01218,2026-03-01,CUST1020,Uganda,Kampala,Wireless Mouse,Accessories,1,1795.71,M-Pesa,Faith,Corporate,Completed
TX02682,2026-06-10,CUST0381,TANZANIA,MOMBASA,Laptop Bag,Accessories,1,3573.24,,George,Corporate,Completed
TX02994,2026-02-11,CUST1030,UGANDA,Arusha,Laptop Bag,Accessories,5,3211.68,M-Pesa,Brian,Corporate,Completed
TX01192,2026-01-22,CUST0074,Tanzania,MOMBASA,Tablet,Hardware,2,39317.5,Card,John,SME,Pending
TX01543,2026-01-24,CUST0315,UGANDA,Kisumu,Wireless Mouse,Accessories,1,1972.04,Card,Amina,SME,Pending
TX03302,2026-01-09,CUST0733,Rwanda,NAIROBI,Monitor,Hardware,1,19987.65,Card,Brian,SME,Cancelled
TX03325,2026-01-20,CUST1113,UGANDA,Arusha,Tablet,Hardware,2,38189.94,Card,Amina,Corporate,Completed
TX02540,2026-04-30,CUST0630,Tanzania,Kisumu,Laptop Bag,Accessories,1,3589.87,M-Pesa,Amina,Corporate,Pending
TX00954,2026-06-06,CUST1101,KENYA,Nairobi,External SSD,Storage,2,14551.13,M-Pesa,Irene,Corporate,Pending
TX04331,2026-02-19,CUST0669,TANZANIA,Mombasa,USB-C Hub,Accessories,1,6250.01,Cash,Carol,Corporate,Cancelled
TX00733,2026-06-06,CUST0070,Rwanda,Nairobi,Tablet,Hardware,2,42724.38,Card,George,SME,Completed
TX01157,2026-05-20,CUST0529,UGANDA,NAIROBI,Laptop Stand,Accessories,3,4504.65,Bank Transfer,Carol,Individual,Cancelled
TX03295,2026-06-01,CUST1062,KE,Kigali,USB-C Hub,Accessories,1,6540.23,Bank Transfer,Amina,Individual,Completed
TX02983,2026-05-22,CUST0664,Kenya,Dar es Salaam,Office Laptop,Hardware,2,96964.8,M-Pesa,Carol,SME,Cancelled
TX02157,2026-06-26,CUST0657,UGANDA,Kampala,Wireless Mouse,Accessories,3,1902.12,Bank Transfer,John,SME,COMPLETED
TX01063,2026-02-07,CUST0942,TANZANIA,MOMBASA,USB-C Hub,Accessories,2,6706.9,Bank Transfer,David,Individual,Completed
TX02617,2026-02-22,CUST0177,TANZANIA,MOMBASA,Office Laptop,Hardware,2,103140.9,Bank Transfer,David,Corporate,Completed
TX01168,2026-04-13,CUST0638,Rwanda,Kampala,Laptop Stand,Accessories,2,4134.82,Bank Transfer,George,Individual,Completed
TX03223,2026-01-30,CUST1181,Kenya,Kigali,Headset,Accessories,2,5683.16,Card,Faith,Corporate,Completed
TX03637,2026-05-07,CUST0719,Kenya,Kampala,External SSD,Storage,1,13713.0,Bank Transfer,Faith,Individual,Completed
TX02939,2026-06-19,CUST0127,TANZANIA,MOMBASA,Laptop Stand,Accessories,2,4915.23,Bank Transfer,Irene,Corporate,Completed
TX04492,2026-05-19,CUST0157,KENYA,NAIROBI,USB-C Hub,Accessories,3,6576.17,Card,Amina,Individual,Completed
TX03141,2026-06-15,CUST0117,UGANDA,Arusha,Office Laptop,Hardware,1,92703.51,Bank Transfer,David,SME,Completed
TX00144,2026-03-08,CUST0040,Tanzania,Mombasa,Laptop Bag,Accessories,1,3768.03,Bank Transfer,Faith,Individual,Completed
TX03578,2026-01-30,CUST1170,Tanzania,Kigali,Monitor,Hardware,1,21734.44,Card,Irene,Corporate,Completed
TX02783,2026-03-12,CUST0500,Tanzania,Kampala,Office Laptop,Hardware,2,100702.62,Card,Irene,SME,Completed
TX00718,2026-04-10,CUST0009,Kenya,Nairobi,Laptop Bag,Accessories,4,3317.53,Card,Amina,Individual,Completed
TX01820,2026-03-06,CUST1068,Uganda,Kigali,Monitor,Hardware,1,21930.71,Cash,Faith,Corporate,Completed
TX02503,2026-03-22,CUST0703,Uganda,Kisumu,USB-C Hub,Accessories,3,6084.25,Card,Carol,SME,Completed
TX04361,2026-01-19,CUST1062,Rwanda,Nairobi,Laptop Bag,Accessories,2,3560.32,Bank Transfer,John,SME,Completed
TX04172,2026-03-20,CUST0862,UGANDA,Mombasa,External SSD,Storage,2,14125.43,Card,Irene,Individual,Completed
TX00396,2026-05-09,CUST1062,KENYA,Kigali,Laptop Bag,Accessories,2,3436.77,M-Pesa,John,Individual,Cancelled
TX04915,2026-01-22,CUST0079,Rwanda,Dar es Salaam,Tablet,Hardware,2,41659.0,M-Pesa,Faith,Corporate,Cancelled
TX04493,2026-01-29,CUST0308,UGANDA,Dar es Salaam,External SSD,Storage,2,15817.02,M-Pesa,Amina,Individual,Cancelled
TX01366,2026-04-15,CUST0677,Kenya,MOMBASA,USB-C Hub,Accessories,2,6649.04,Bank Transfer,Irene,SME,Completed
TX04633,2026-05-18,CUST0006,KENYA,Nairobi,Tablet,Hardware,2,45325.19,Bank Transfer,David,Individual,Cancelled
TX00596,2026-04-20,CUST0569,Tanzania,Dar es Salaam,Wireless Mouse,Accessories,1,1727.3,Cash,Brian,Corporate,Cancelled
TX03953,2026-04-24,CUST1079,Rwanda,Arusha,Laptop Stand,Accessories,1,4638.17,M-Pesa,Amina,Corporate,Completed
TX02915,2026-05-05,CUST1148,TANZANIA,MOMBASA,Office Laptop,Hardware,1,93155.28,Card,Carol,Corporate,Completed
TX02327,2026-04-13,CUST0883,Uganda,NAIROBI,External SSD,Storage,1,15561.07,M-Pesa,Amina,Corporate,Pending
TX03767,2026-06-01,CUST0567,Tanzania,MOMBASA,Office Laptop,Hardware,3,101381.36,Card,Irene,Individual,Completed
TX03441,2026-02-22,CUST0237,Kenya,Kigali,Headset,Accessories,5,4922.42,M-Pesa,Carol,Corporate,Cancelled
TX03852,2026-02-27,CUST0028,Kenya,Dar es Salaam,Laptop Stand,Accessories,2,4110.23,Card,Carol,SME,Cancelled
TX04133,2026-01-21,CUST0179,TANZANIA,Dar es Salaam,Office Laptop,Hardware,3,95646.25,Bank Transfer,Faith,SME,Completed
TX04666,2026-01-15,CUST0887,Kenya,Nairobi,Headset,Accessories,1,5063.03,Card,Brian,SME,Completed
TX02144,2026-01-02,CUST0394,Tanzania,Arusha,Monitor,Hardware,1,22962.26,Card,Brian,SME,Cancelled
TX01572,2026-03-30,CUST0735,Uganda,Mombasa,Laptop Bag,Accessories,4,3744.91,Card,Irene,SME,Pending
TX04080,2026-01-10,CUST0162,Uganda,Kisumu,Laptop Bag,Accessories,1,3364.22,Card,George,Individual,Completed
TX01123,2026-01-19,CUST1130,Uganda,Kampala,Headset,Accessories,1,4723.16,M-Pesa,Brian,SME,Completed
TX02787,2026-02-02,CUST0141,UGANDA,Dar es Salaam,Headset,Accessories,1,4791.8,Card,John,Individual,completed
TX02968,2026-05-10,CUST0948,Tanzania,Nairobi,External SSD,Storage,2,14949.67,M-Pesa,Carol,SME,Completed
TX02505,2026-03-13,CUST0383,UGANDA,Dar es Salaam,USB-C Hub,Accessories,2,6379.78,Card,Faith,Individual,Pending
TX03466,2026-01-30,CUST0102,Tanzania,MOMBASA,Laptop Bag,Accessories,2,3490.52,Cash,Brian,SME ,COMPLETED
TX00676,2026-02-14,CUST0418,KENYA,Kampala,Headset,Accessories,1,4688.08,Cash,Irene,SME,Completed
TX02809,2026-03-11,CUST0744,Kenya,Kisumu,Office Laptop,Hardware,1,92697.28,Bank Transfer,Carol,SME,Cancelled
TX03349,2026-04-01,CUST0299,KENYA,Nairobi,Headset,Accessories,4,4905.57,Bank Transfer,Faith,Individual,Pending
TX00729,2026-06-04,CUST0027,Rwanda,Mombasa,Keyboard,Accessories,1,2631.18,Card,Carol,SME,Completed
TX00413,2026-05-03,CUST0323,TANZANIA,MOMBASA,Wireless Mouse,Accessories,1,1909.37,Bank Transfer,Carol,SME,Completed
TX03147,2026-03-04,CUST0220,Uganda,Kigali,Laptop Bag,Accessories,1,3690.92,Bank Transfer,Carol,Individual,Cancelled
TX01517,2026-05-02,CUST0513,KENYA,NAIROBI,Keyboard,Accessories,2,2680.97,Card,Amina,SME,Completed
TX00826,2026-03-12,CUST0594,Kenya,NAIROBI,Monitor,Hardware,2,20634.04,Cash,Amina,SME,Completed
TX03268,2026-03-04,CUST1032,TANZANIA,Nairobi,Keyboard,Accessories,1,2601.11,Bank Transfer,Carol,Individual,Completed
TX03975,2026-04-18,CUST1168,Rwanda,Kisumu,External SSD,Storage,5,14049.04,Cash,Carol,SME,Completed
TX00617,2026-06-10,CUST1145,KE,Dar es Salaam,Monitor,Hardware,1,23097.23,M-Pesa,David,Corporate,Completed
TX00115,2026-05-17,CUST1077,UGANDA,Kampala,Headset,Accessories,1,5543.88,Cash,Carol,SME,Completed
TX00418,2026-01-16,CUST1064,KENYA,Kampala,Laptop Stand,Accessories,2,4190.83,M-Pesa,Carol,SME,Completed
TX03070,2026-05-21,CUST0011,Tanzania,Dar es Salaam,Tablet,Hardware,4,44785.33,Card,Amina,SME ,Completed
TX01626,2026-05-31,CUST0334,Tanzania,Nairobi,Keyboard,Accessories,1,2629.04,Cash,Faith,Corporate,Completed
TX02340,2026-03-15,CUST0166,Tanzania,Kampala,Wireless Mouse,Accessories,1,1656.23,M-Pesa,Brian,Corporate,Completed
TX04186,2026-04-04,CUST0283,Kenya,NAIROBI,Keyboard,Accessories,2,2739.76,Bank Transfer,Amina,SME,Cancelled
TX02897,2026-03-22,CUST1098,Kenya,Mombasa,Keyboard,Accessories,1,2602.96,Bank Transfer,Amina,Corporate,Completed
TX04748,2026-01-13,CUST0339,Tanzania,NAIROBI,Monitor,Hardware,1,23614.5,Cash,Faith,Individual,Completed
TX02083,2026-01-31,CUST0163,Tanzania,Kampala,Headset,Accessories,1,5057.86,M-Pesa,David,Corporate,Pending
TX00754,2026-05-31,CUST0801,Rwanda,NAIROBI,Monitor,Hardware,2,23306.19,Bank Transfer,John,SME,Cancelled
TX02547,2026-01-15,CUST0688,KE,Kigali,Office Laptop,Hardware,1,88894.0,Cash,George,Individual,Cancelled
TX03970,2026-02-10,CUST0325,Tanzania,Kigali,External SSD,Storage,1,13988.06,M-Pesa,Carol,Corporate,Cancelled
TX03374,2026-04-01,CUST0865,Tanzania,Kampala,Headset,Accessories,2,5069.51,M-Pesa,John,Corporate,Completed
TX04108,2026-04-16,CUST1094,Kenya,Dar es Salaam,External SSD,Storage,5,13576.02,,Faith,Individual,Completed
TX02445,2026-01-21,CUST0693,Uganda,Mombasa,Office Laptop,Hardware,1,89528.82,M-Pesa,Faith,Corporate,Pending
TX04381,2026-02-13,CUST0596,Tanzania,Kigali,Wireless Mouse,Accessories,4,1897.95,Card,David,Corporate,Cancelled
TX01067,2026-03-24,CUST0612,Uganda,NAIROBI,Laptop Stand,Accessories,1,4360.06,Cash,Irene,Individual,Completed
TX03914,2026-01-28,CUST0442,Kenya,MOMBASA,Tablet,Hardware,1,39629.73,Card,David,SME,Completed
TX03499,2026-04-01,CUST1096,Tanzania,Nairobi,USB-C Hub,Accessories,1,7054.8,Bank Transfer,Brian,Individual,Completed
TX02739,2026-03-07,CUST0155,KE,NAIROBI,Keyboard,Accessories,1,2402.43,Bank Transfer,Brian,Corporate,Completed
TX04001,2026-04-06,CUST0150,Rwanda,Arusha,Tablet,Hardware,2,39276.60,Cash,Brian,Corporate,Cancelled
TX01569,2026-02-12,CUST0223,KENYA,MOMBASA,Office Laptop,Hardware,1,90951.17,M-Pesa,Faith,Corporate,Completed
TX02428,2026-03-29,CUST0261,Tanzania,Kampala,External SSD,Storage,1,14701.38,Card,David,Individual,Completed
TX03747,2026-04-18,CUST1181,Uganda,NAIROBI,USB-C Hub,Accessories,2,6487.33,Card,Brian,Corporate,Completed
TX04716,2026-05-12,CUST0132,Uganda,Kigali,External SSD,Storage,2,15162.76,M-Pesa,David,SME,Completed
TX01688,2026-01-20,,KENYA,Nairobi,Wireless Mouse,Accessories,2,1969.86,Bank Transfer,Carol,Corporate,Completed
TX00852,2026-01-22,CUST0531,KENYA,Arusha,Office Laptop,Hardware,4,97543.9,Bank Transfer,Brian,SME,Completed
TX03547,2026-04-27,CUST0941,UGANDA,Nairobi,Laptop Bag,Accessories,2,3814.94,M-Pesa,John,SME,Pending
TX00896,2026-03-24,CUST0887,Kenya,Kigali,Tablet,Hardware,3,38495.0,Bank Transfer,Irene,Corporate,Cancelled
TX04593,2026-04-30,CUST0153,Tanzania,Kisumu,Keyboard,Accessories,2,2653.04,M-Pesa,David,Individual,Completed
TX00336,2026-04-12,CUST0868,Tanzania,Kisumu,Laptop Stand,Accessories,1,4801.93,Card,Brian,Corporate,Completed
TX02840,2026-06-02,CUST0722,Tanzania,Mombasa,External SSD,Storage,1,13874.21,M-Pesa,Irene,Corporate,Pending
TX03088,2026-01-11,CUST0860,Uganda,MOMBASA,Tablet,Hardware,1,45585.73,Cash,John,Individual,Pending
TX04612,2026-04-16,CUST0220,KE,Kigali,Tablet,Hardware,5,41632.17,M-Pesa,George,Individual,Completed
TX01349,2026-01-05,CUST0773,KE,Arusha,Wireless Mouse,Accessories,1,1928.64,M-Pesa,George,Corporate,Pending
TX01016,2026-02-23,CUST0349,Kenya,Dar es Salaam,Wireless Mouse,Accessories,1,1879.91,Bank Transfer,Amina,SME,Completed
TX02817,2026-02-01,CUST0635,UGANDA,Kampala,Wireless Mouse,Accessories,1,1872.19,M-Pesa,David,SME,Completed
TX01632,2026-05-27,CUST0621,Tanzania,MOMBASA,Wireless Mouse,Accessories,1,1855.37,Cash,Irene,Individual,Completed
TX02490,2026-01-15,CUST1063,Tanzania,MOMBASA,Laptop Stand,Accessories,1,4708.3,Cash,John,Corporate,Completed
TX03731,2026-03-31,CUST0376,Rwanda,Nairobi,Wireless Mouse,Accessories,1,1717.98,M-Pesa,Faith,Corporate,Cancelled
TX03252,2026-04-23,CUST1122,KE,Dar es Salaam,USB-C Hub,Accessories,2,6039.53,M-Pesa,Faith,Corporate,Completed
TX04711,2026-01-03,CUST0740,Kenya,Dar es Salaam,USB-C Hub,Accessories,1,6782.2,Cash,Amina,SME,Completed
TX02071,2026-05-19,CUST0704,UGANDA,MOMBASA,Wireless Mouse,Accessories,1,1762.19,M-Pesa,Brian,SME,Cancelled
TX04453,2026-05-01,CUST1194,KENYA,NAIROBI,Office Laptop,Hardware,1,91244.58,Bank Transfer,Carol,SME,Completed
TX04962,2026-06-07,CUST0330,Uganda,Kampala,External SSD,Storage,1,14260.31,Bank Transfer,Brian,Individual,Completed
TX01636,2026-04-02,CUST1037,TANZANIA,NAIROBI,Tablet,Hardware,2,44555.96,Card,George,Corporate,Completed
TX04647,2026-04-07,CUST0894,KENYA,Kisumu,Tablet,Hardware,2,39893.94,Bank Transfer,Carol,SME,Completed
TX02480,2026-12-31,CUST0824,KE,Kampala,Office Laptop,Hardware,2,96512.98,M-Pesa,Faith,SME,Completed
TX02266,2026-03-09,CUST0017,KE,Kampala,USB-C Hub,Accessories,1,6375.21,M-Pesa,Faith,Individual,Cancelled
TX02960,2026-02-09,CUST0642,UGANDA,Kigali,Keyboard,Accessories,1,2276.62,M-Pesa,Irene,SME,Completed
TX04810,2026-05-23,CUST0774,KE,Nairobi,Tablet,Hardware,1,41319.4,M-Pesa,Amina,SME,Completed
TX03060,2026-04-17,CUST0423,Tanzania,MOMBASA,Keyboard,Accessories,2,2446.1,Bank Transfer,Irene,Individual,Completed
TX02142,2026-01-03,CUST0929,Rwanda,Arusha,Laptop Bag,Accessories,1,3842.52,Card,Brian,Corporate,Completed
TX03119,2026-03-22,CUST1081,Uganda,Kigali,External SSD,Storage,2,15157.96,Cash,Irene,Individual,Completed
TX04803,2026-05-05,CUST0852,Kenya,Dar es Salaam,External SSD,Storage,2,14329.22,Bank Transfer,Brian,Corporate,Cancelled
TX04046,2026-03-18,CUST0039,Uganda,MOMBASA,Headset,Accessories,1,4689.73,Card,Irene,Corporate,Completed
TX03357,2026-01-01,CUST0953,Rwanda,Dar es Salaam,USB-C Hub,Accessories,1,6254.5,Bank Transfer,Brian,Individual,Pending
TX02745,2026-01-16,CUST0672,Rwanda,Dar es Salaam,Laptop Bag,Accessories,2,3763.79,Card,Amina,Individual,Pending
TX03507,2026-03-02,CUST0751,KENYA,Mombasa,Tablet,Hardware,2,40392.48,Card,Irene,SME,Completed
TX01680,2026-04-12,CUST0423,Rwanda,Mombasa,Tablet,Hardware,5,38128.65,Cash,Carol,SME,Completed
TX04250,2026-04-30,CUST0242,Rwanda,Kigali,Laptop Bag,Accessories,1,3571.7,Card,Brian,SME,Pending
TX03148,2026-01-19,CUST1044,KENYA,Kigali,Headset,Accessories,1,5110.63,M-Pesa,Amina,SME,Pending
TX02295,2026-04-28,CUST0603,Tanzania,Nairobi,USB-C Hub,Accessories,1,6372.43,Cash,Amina,Individual,Completed
TX00581,2026-02-05,CUST0702,TANZANIA,NAIROBI,Wireless Mouse,Accessories,1,1966.11,Bank Transfer,Faith,Individual,Completed
TX01471,2026-04-12,CUST0688,KENYA,Nairobi,Wireless Mouse,Accessories,1,1655.17,Bank Transfer,John,Corporate,Completed
TX04071,2026-04-27,CUST0330,UGANDA,Kampala,External SSD,Storage,2,15607.68,Bank Transfer,Amina,Individual,Completed
TX03344,2026-03-16,CUST0345,KE,Arusha,Keyboard,Accessories,4,2550.57,Cash,Carol,Corporate,Pending
TX04584,2026-03-16,CUST0969,Rwanda,MOMBASA,Tablet,Hardware,4,40221.78,M-Pesa,Brian,Individual,Pending
TX03673,2026-04-22,CUST0819,UGANDA,Kampala,USB-C Hub,Accessories,1,6077.95,Cash,George,SME,Completed
TX00560,2026-01-03,CUST0146,KENYA,Arusha,USB-C Hub,Accessories,1,6264.3,Cash,Amina,Individual,Pending
TX02850,2026-03-26,CUST0937,TANZANIA,Dar es Salaam,Laptop Stand,Accessories,2,4566.84,M-Pesa,Irene,Corporate,Completed
TX00513,2026-02-05,CUST1046,Rwanda,Kampala,Wireless Mouse,Accessories,4,1766.37,Card,Irene,Individual,Pending
TX01082,2026-03-17,CUST0977,Uganda,Arusha,USB-C Hub,Accessories,2,7101.73,Cash,Amina,SME,Completed
TX01665,2026-02-05,CUST0250,TANZANIA,MOMBASA,Office Laptop,Hardware,1,104273.29,Cash,Amina,SME,Completed
TX01013,2026-01-10,CUST0318,UGANDA,Mombasa,Tablet,Hardware,3,41290.14,M-Pesa,Faith,SME,Cancelled
TX01932,2026-05-14,CUST1198,Uganda,Kisumu,Laptop Bag,Accessories,3,3794.0,M-Pesa,George,SME,Completed
TX01151,2026-04-14,CUST0372,KE,Kigali,Keyboard,Accessories,2,2428.47,Bank Transfer,Faith,Corporate,Cancelled
TX02839,2026-01-09,CUST0711,Rwanda,Kigali,Wireless Mouse,Accessories,1,1966.08,Cash,David,Corporate,Completed
TX00117,2026-04-13,CUST0494,KENYA,Kigali,Keyboard,Accessories,1,2620.84,Cash,Brian,SME,Completed
TX00741,2026-03-06,CUST0283,UGANDA,Kigali,Tablet,Hardware,3,43039.45,Card,Carol,SME,Pending
TX04885,2026-04-26,CUST0912,Kenya,NAIROBI,External SSD,Storage,1,15128.5,Bank Transfer,David,Corporate,Completed
TX03676,2026-02-12,CUST0486,Tanzania,Arusha,External SSD,Storage,3,14581.35,Card,Irene,SME,Completed
TX00831,2026-05-18,CUST0910,Uganda,Mombasa,Laptop Bag,Accessories,1,3410.86,Cash,Irene,SME,Completed
TX00120,2026-05-18,CUST0922,UGANDA,Dar es Salaam,External SSD,Storage,1,14885.98,M-Pesa,David,SME,Pending
TX04858,2026-03-26,CUST0899,Tanzania,Kampala,Tablet,Hardware,1,44683.75,Card,Amina,Corporate,Completed
TX04817,2026-03-30,CUST0819,UGANDA,Kampala,Headset,Accessories,2,5029.22,Bank Transfer,George,Corporate,Completed
TX00636,2026-06-13,CUST0943,KE,NAIROBI,Laptop Stand,Accessories,1,4739.94,M-Pesa,John,Individual,Completed
TX04466,2026-03-17,CUST0782,KENYA,Kampala,USB-C Hub,Accessories,1,6064.38,Card,Carol,Individual,Pending
TX04365,2026-04-24,CUST1144,Rwanda,Kampala,Wireless Mouse,Accessories,1,1856.4,Cash,David,Corporate,Cancelled
TX04143,2026-03-08,CUST1086,Rwanda,Arusha,USB-C Hub,Accessories,2,6846.61,Bank Transfer,George,SME,Completed
TX00992,2026-05-07,CUST0221,KENYA,Kampala,Laptop Bag,Accessories,4,3680.23,Bank Transfer,Carol,Corporate,completed
TX00877,2026-04-04,CUST0144,Kenya,Kampala,Laptop Stand,Accessories,1,4470.97,M-Pesa,Brian,SME,Completed
TX00005,2026-04-02,CUST0509,KENYA,MOMBASA,Wireless Mouse,Accessories,1,1625.75,Cash,Irene,Corporate,Completed
TX03052,2026-03-18,CUST0892,Tanzania,Kigali,Monitor,Hardware,3,21500.27,Cash,George,SME,Pending
TX03125,2026-03-28,CUST0135,Uganda,Mombasa,Laptop Stand,Accessories,2,4802.05,Cash,John,Individual,Completed
TX02661,2026-04-08,CUST0737,UGANDA,Nairobi,Office Laptop,Hardware,1,87973.11,Bank Transfer,David,Individual,Cancelled
TX02492,2026-03-14,CUST0869,UGANDA,Mombasa,Laptop Bag,Accessories,1,3617.85,Card,George,Individual,Completed
TX03855,2026-02-22,CUST0463,TANZANIA,Kisumu,Wireless Mouse,Accessories,1,1962.99,Bank Transfer,Brian,Corporate,Cancelled
TX01716,2026-05-18,CUST0237,Tanzania,MOMBASA,Keyboard,Accessories,1,2544.52,Card,Irene,SME,Completed
TX01149,2026-01-13,CUST0035,UGANDA,NAIROBI,Monitor,Hardware,1,21983.37,Bank Transfer,George,Individual,completed
TX03262,2026-05-08,CUST0711,Tanzania,MOMBASA,Laptop Bag,Accessories,1,3287.24,Cash,Irene,SME,Completed
TX00575,2026-01-28,CUST1099,Tanzania,NAIROBI,External SSD,Storage,1,13756.36,Card,Faith,SME,Completed
TX03770,2026-04-20,CUST0107,Kenya,Mombasa,Headset,Accessories,2,5502.84,Card,Faith,SME,Completed
TX03737,2026-04-09,CUST0453,Tanzania,Kampala,Wireless Mouse,Accessories,1,1826.4,Bank Transfer,George,SME,Completed
TX04147,2026-05-04,CUST0766,Kenya,NAIROBI,Headset,Accessories,1,5183.9,Bank Transfer,Amina,SME,Completed
TX00854,2026-04-22,CUST1120,KE,Kigali,Laptop Stand,Accessories,1,4345.74,Card,John,SME,Completed
TX01983,2026-05-30,CUST1056,UGANDA,MOMBASA,Headset,Accessories,4,4984.84,M-Pesa,George,Individual,Cancelled
TX02775,2026-05-21,CUST0832,UGANDA,Kigali,Keyboard,Accessories,4,2572.0,Card,Irene,SME,Completed
TX01167,2026-03-21,CUST0967,Uganda,Dar es Salaam,Headset,Accessories,1,5236.27,M-Pesa,Faith,SME,Completed
TX00972,2026-05-25,CUST0874,Rwanda,NAIROBI,Headset,Accessories,4,5269.48,Card,Faith,Corporate,Completed
TX02702,2026-03-25,CUST0976,KENYA,MOMBASA,Keyboard,Accessories,2,2285.01,Card,Faith,Individual,Completed
TX04496,2026-03-20,CUST0958,Rwanda,MOMBASA,Laptop Bag,Accessories,1,3719.6,Bank Transfer,Irene,SME,Completed
TX03848,2026-01-21,CUST0812,UGANDA,Kigali,Monitor,Hardware,1,23471.01,Bank Transfer,Amina,Corporate,Completed
TX02369,2026-06-27,,KENYA,Nairobi,Monitor,Hardware,1,19944.03,M-Pesa,David,SME,Completed
TX04116,2026-06-09,CUST0577,Uganda,MOMBASA,Office Laptop,Hardware,2,92908.48,Card,George,SME,completed
TX04132,2026-05-11,CUST0395,Uganda,Kisumu,External SSD,Storage,5,14660.81,Cash,Brian,Individual,Completed
TX02951,2026-04-09,CUST1030,KE,Arusha,Keyboard,Accessories,3,2411.0,Bank Transfer,Brian,SME,Pending
TX00525,2026-05-14,CUST0742,KENYA,Mombasa,Tablet,Hardware,1,45633.37,M-Pesa,Brian,Individual,COMPLETED
TX02456,2026-06-23,CUST0669,KENYA,Nairobi,Monitor,Hardware,2,19994.29,Card,Faith,SME,Completed
TX01842,2026-05-28,CUST0587,TANZANIA,Dar es Salaam,Laptop Bag,Accessories,1,3513.36,Bank Transfer,Brian,Corporate,Cancelled
TX00538,2026-05-26,CUST0033,KE,Kisumu,USB-C Hub,Accessories,2,6892.19,Card,Faith,SME,Cancelled
TX02807,2026-06-17,CUST1021,KENYA,Arusha,Headset,Accessories,2,5039.27,Card,Brian,Individual,Completed
TX04342,2026-06-07,CUST0082,KENYA,Kigali,Office Laptop,Hardware,1,91587.59,Cash,Faith,SME,Pending
TX03176,2026-06-01,CUST0595,Uganda,Kisumu,External SSD,Storage,1,15637.68,Bank Transfer,,Corporate,Pending
TX00785,2026-04-06,CUST0273,Rwanda,NAIROBI,External SSD,Storage,1,14140.95,M-Pesa,Irene,SME,Completed
TX04058,2026-03-15,CUST0156,UGANDA,Nairobi,USB-C Hub,Accessories,4,6995.47,Card,Faith,SME,Completed
TX01410,2026-05-12,CUST0790,TANZANIA,NAIROBI,Headset,Accessories,2,5293.37,Bank Transfer,Irene,Corporate,Completed
TX02538,2026-03-04,CUST1147,TANZANIA,Kigali,Keyboard,Accessories,1,2635.06,Bank Transfer,John,Corporate,Cancelled
TX00155,2026-05-27,CUST0570,Uganda,Kampala,Laptop Stand,Accessories,4,4821.62,Cash,George,Corporate,Completed
TX03010,2026-03-31,CUST0285,Tanzania,MOMBASA,Headset,Accessories,2,4742.31,Card,David,Corporate,Completed
TX01687,2026-03-08,CUST0764,KE,Arusha,Keyboard,Accessories,2,2518.92,Card,John,Individual,Completed
TX02902,2026-02-09,CUST0870,Tanzania,Arusha,Tablet,Hardware,2,40559.39,Card,Brian,Corporate,Pending
TX04515,2026-03-24,CUST0001,Kenya,Dar es Salaam,USB-C Hub,Accessories,2,6709.22,M-Pesa,George,SME,Completed
TX04722,2026-03-29,CUST0478,Uganda,Dar es Salaam,Office Laptop,Hardware,1,88272.48,Card,George,Corporate,Completed
TX03864,2026-03-27,CUST1062,Kenya,Arusha,Headset,Accessories,2,5178.51,Card,David,Individual,Pending
TX02734,2026-03-21,CUST0445,TANZANIA,Kigali,USB-C Hub,Accessories,1,6970.64,Card,David,SME,Pending
TX01896,2026-02-13,CUST0854,TANZANIA,Kigali,Monitor,Hardware,2,21850.42,Bank Transfer,David,SME,Completed
TX00570,2026-04-09,CUST0886,Tanzania,Mombasa,Tablet,Hardware,2,39537.27,Cash,John,Individual,Completed
TX01817,2026-01-23,CUST0619,Uganda,Dar es Salaam,Headset,Accessories,2,5007.87,Cash,George,Individual,Completed
TX02066,2026-05-05,CUST0055,Uganda,Kisumu,Laptop Bag,Accessories,2,3752.73,M-Pesa,Irene,Corporate,Completed
TX00128,2026-05-25,CUST0981,Rwanda,Dar es Salaam,Tablet,Hardware,1,43427.31,Card,Brian,Corporate,Completed
TX03395,2026-01-24,CUST0376,Uganda,Mombasa,Keyboard,Accessories,4,2529.36,Bank Transfer,Brian,Individual,Completed
TX03328,2026-01-27,CUST0422,Kenya,Kigali,Tablet,Hardware,2,43590.74,Card,Faith,SME,Completed
TX01030,2026-05-19,CUST0716,KENYA,Mombasa,Headset,Accessories,3,5022.55,M-Pesa,Brian,SME,Pending
TX02976,2026-02-02,CUST0100,KENYA,Kampala,Wireless Mouse,Accessories,1,1978.94,Card,Brian,Individual,Completed
TX00981,2026-02-04,CUST0381,Uganda,Kampala,Laptop Bag,Accessories,1,3711.15,Card,Amina,Corporate,Completed
TX02301,2026-03-29,CUST0476,TANZANIA,Nairobi,Monitor,Hardware,2,22669.93,Card,Faith,Corporate,Pending
TX00191,2026-05-31,CUST1015,KE,Kisumu,Headset,Accessories,2,5426.85,Cash,Irene,Individual,Completed
TX01140,2026-05-03,CUST0065,KENYA,Nairobi,External SSD,Storage,1,14489.99,M-Pesa,Faith,Corporate,Completed
TX00700,2026-01-20,CUST0031,UGANDA,Arusha,Laptop Stand,Accessories,1,4617.94,Card,Amina,Individual,COMPLETED
TX04859,2026-01-09,CUST0555,Rwanda,MOMBASA,USB-C Hub,Accessories,3,6629.56,Bank Transfer,George,SME,Completed
TX00607,2026-05-07,CUST0114,KENYA,NAIROBI,Laptop Bag,Accessories,1,3479.92,Bank Transfer,Faith,Corporate,Completed
TX04277,2026-05-16,CUST0901,Tanzania,Kisumu,USB-C Hub,Accessories,3,6801.64,Bank Transfer,Amina,SME,Completed
TX00302,2026-06-25,CUST0833,Rwanda,NAIROBI,Laptop Bag,Accessories,1,3743.0,Bank Transfer,David,Individual,Completed
TX03421,2026-02-21,CUST0762,UGANDA,Nairobi,Laptop Stand,Accessories,3,4457.25,Bank Transfer,Faith,Corporate,Completed
TX04899,2026-02-09,CUST0493,Uganda,Dar es Salaam,External SSD,Storage,1,14114.19,M-Pesa,Irene,SME,Completed
TX01061,2026-05-23,CUST0945,Kenya,Dar es Salaam,Monitor,Hardware,1,22536.42,Bank Transfer,Amina,Individual,Pending
TX02566,2026-01-10,CUST0077,TANZANIA,Dar es Salaam,Keyboard,Accessories,2,2741.3,Cash,Amina,Corporate,Completed
TX02607,2026-06-18,CUST0393,Kenya,Nairobi,Monitor,Hardware,2,22576.08,Card,Carol,SME,Pending
TX01070,2026-03-05,CUST0399,KENYA,Arusha,Laptop Stand,Accessories,2,4825.11,Bank Transfer,Amina,Individual,Cancelled
TX02525,2026-06-05,CUST0484,Tanzania,Kigali,Office Laptop,Hardware,2,93423.67,Cash,George,Corporate,Cancelled
TX02206,2026-05-27,CUST1133,Rwanda,Kampala,Headset,Accessories,1,5689.91,M-Pesa,Carol,SME,Completed
TX01244,2026-02-13,CUST1046,Kenya,Mombasa,Keyboard,Accessories,3,2266.05,Cash,Amina,SME,Completed
TX00017,2026-03-03,CUST0442,Rwanda,Kigali,USB-C Hub,Accessories,1,6575.53,Cash,David,SME,Completed
TX03121,2026-05-09,CUST1062,TANZANIA,Kisumu,Office Laptop,Hardware,2,99247.2,M-Pesa,David,Corporate,Completed
TX04643,2026-01-21,CUST0814,UGANDA,Kisumu,Headset,Accessories,1,5510.27,M-Pesa,John,SME,Completed
TX04755,2026-02-28,CUST1121,Tanzania,Kampala,Wireless Mouse,Accessories,2,1842.17,Bank Transfer,Amina,Individual,Completed
TX00816,2026-03-30,CUST0468,UGANDA,Kampala,Laptop Stand,Accessories,1,4786.87,M-Pesa,George,Individual,Completed
TX03068,2026-02-12,CUST0606,UGANDA,MOMBASA,Monitor,Hardware,3,21849.46,Card,David,SME,Completed
TX04863,2026-04-17,CUST0148,UGANDA,Mombasa,Tablet,Hardware,1,42527.36,Bank Transfer,George,Corporate,Completed
TX00960,2026-04-22,CUST0450,Rwanda,Kampala,Keyboard,Accessories,2,2715.42,Cash,George,Corporate,Pending
TX00226,2026-02-12,CUST0408,Kenya,Dar es Salaam,Headset,Accessories,2,4723.34,Bank Transfer,John,Individual,Completed
TX03355,2026-01-21,CUST0967,Uganda,Mombasa,External SSD,Storage,1,13974.22,M-Pesa,Faith,Corporate,Cancelled
TX02486,2026-04-08,CUST0541,Tanzania,Arusha,Laptop Bag,Accessories,5,3705.27,Cash,Faith,Corporate,Cancelled
TX00563,2026-02-03,CUST0045,TANZANIA,NAIROBI,Laptop Bag,Accessories,1,3289.05,Card,Faith,SME,Completed
TX03437,2026-05-11,CUST0506,Kenya,Mombasa,USB-C Hub,Accessories,1,6016.91,Bank Transfer,Irene,SME,Completed
TX01694,2026-01-16,CUST0875,TANZANIA,Arusha,Keyboard,Accessories,1,2718.04,Card,Faith,Individual,Completed
TX01046,2026-02-06,CUST0530,Tanzania,Dar es Salaam,Tablet,Hardware,1,44792.99,Bank Transfer,David,SME,Pending
TX03447,2026-02-01,CUST0325,UGANDA,Kisumu,Keyboard,Accessories,2,2393.95,Bank Transfer,Amina,Corporate,Cancelled
TX04566,2026-01-30,CUST0469,Uganda,Kisumu,Office Laptop,Hardware,4,98618.28,M-Pesa,David,SME ,Cancelled
TX00955,2026-04-03,CUST0359,Rwanda,Mombasa,Keyboard,Accessories,2,2557.45,Card,Carol,Corporate,Cancelled
TX01865,2026-05-04,CUST0632,KE,Kampala,Laptop Bag,Accessories,1,3270.0,M-Pesa,John,Corporate,Completed
TX02736,2026-04-06,CUST0474,KENYA,Mombasa,External SSD,Storage,1,15377.38,Card,David,Individual,Completed
TX04983,2026-02-17,CUST0950,UGANDA,NAIROBI,Laptop Stand,Accessories,1,4779.01,Bank Transfer,David,Corporate,Cancelled
TX04736,2026-01-19,CUST0653,UGANDA,Kigali,Wireless Mouse,Accessories,2,1948.88,M-Pesa,John,SME,Pending
TX04902,2026-01-29,CUST0804,KE,NAIROBI,Laptop Stand,Accessories,1,4323.65,Cash,Brian,Individual,Completed
TX01219,2026-05-12,CUST0217,Tanzania,Arusha,Keyboard,Accessories,4,2642.44,Cash,Amina,SME,Completed
TX01528,2026-05-07,CUST1108,Rwanda,Kampala,Keyboard,Accessories,1,2441.46,Cash,Amina,Individual,Completed
TX03988,2026-05-13,CUST0703,UGANDA,Nairobi,External SSD,Storage,4,13696.14,Card,Irene,SME,Completed
TX01301,2026-03-24,CUST0819,TANZANIA,Arusha,Keyboard,Accessories,2,2536.05,Card,Carol,SME,Cancelled
TX04971,2026-06-20,CUST0974,TANZANIA,Kisumu,Laptop Bag,Accessories,1,3656.85,Card,Carol,Individual,Completed
TX00161,2026-02-15,CUST1110,Uganda,Kigali,USB-C Hub,Accessories,2,6039.7,Cash,David,Individual,Cancelled
TX04068,2026-04-27,CUST0862,Kenya,Mombasa,Office Laptop,Hardware,4,100792.01,Bank Transfer,Faith,SME,Completed
TX00957,2026-03-25,CUST0673,Rwanda,MOMBASA,Office Laptop,Hardware,1,101551.04,M-Pesa,Faith,SME,Pending
TX03792,2026-01-06,CUST0072,Rwanda,Kisumu,Office Laptop,Hardware,2,92465.73,M-Pesa,John,Corporate,Completed
TX03235,2026-04-30,CUST0083,UGANDA,Nairobi,Laptop Stand,Accessories,4,4574.28,M-Pesa,David,Corporate,Completed
TX02870,2026-02-24,CUST0331,UGANDA,Mombasa,Office Laptop,Hardware,1,102661.25,Bank Transfer,David,Individual,Completed
TX03778,2026-05-14,CUST0398,Rwanda,Arusha,Office Laptop,Hardware,1,94015.02,Card,Brian,Individual,Cancelled
TX04434,2026-05-30,CUST0630,Uganda,Kampala,External SSD,Storage,1,15142.44,Cash,David,Individual,Cancelled
TX02962,2026-06-15,CUST0662,Uganda,Dar es Salaam,Wireless Mouse,Accessories,1,1826.39,Cash,Amina,SME ,Pending
TX02201,2026-05-15,CUST0145,Uganda,Kisumu,Headset,Accessories,2,5433.17,Bank Transfer,Amina,Corporate,Pending
TX00099,2026-01-26,CUST0069,Uganda,MOMBASA,Wireless Mouse,Accessories,1,1835.44,Cash,Carol,SME,Completed
TX02558,2026-01-12,CUST0095,Kenya,MOMBASA,Headset,Accessories,1,5275.87,Bank Transfer,Faith,Corporate,Completed
TX03184,2026-03-01,CUST0062,TANZANIA,Mombasa,Laptop Stand,Accessories,2,4449.92,Cash,George,SME,Completed
TX00254,2026-03-28,CUST0984,UGANDA,Mombasa,Office Laptop,Hardware,1,104111.47,M-Pesa,Carol,Corporate,Completed
TX03924,2026-05-18,CUST0088,Tanzania,NAIROBI,Headset,Accessories,1,5542.88,Bank Transfer,Irene,Corporate,Completed
TX04200,2026-01-02,CUST0482,KE,Kampala,External SSD,Storage,1,15822.88,M-Pesa,John,Corporate,Cancelled
TX01446,2026-04-28,CUST0074,Kenya,Arusha,USB-C Hub,Accessories,2,6936.78,Bank Transfer,Irene,Corporate,Completed
TX01649,2026-02-01,CUST0088,KE,NAIROBI,Monitor,Hardware,2,24018.27,Bank Transfer,Brian,Corporate,Completed
TX04683,2026-01-29,CUST0933,Rwanda,Nairobi,Headset,Accessories,1,5493.69,Bank Transfer,George,SME ,Completed
TX04724,2026-04-22,CUST0375,UGANDA,Arusha,USB-C Hub,Accessories,2,6970.84,Bank Transfer,Faith,SME,Completed
TX03992,2026-05-13,CUST0557,TANZANIA,Dar es Salaam,External SSD,Storage,1,14220.55,Bank Transfer,David,SME,Pending
TX01697,2026-06-03,CUST0520,Tanzania,NAIROBI,Headset,Accessories,1,5313.26,M-Pesa,George,Corporate,Completed
TX03192,2026-02-02,CUST0985,Tanzania,Kigali,Laptop Stand,Accessories,2,4385.67,M-Pesa,John,Individual,Completed
TX04500,2026-06-18,CUST1159,Uganda,Kigali,USB-C Hub,Accessories,2,6865.9,Cash,Faith,Individual,Completed
TX01155,2026-05-21,CUST0466,Uganda,NAIROBI,Monitor,Hardware,3,21578.08,M-Pesa,Faith,Corporate,Cancelled
TX02256,2026-05-11,CUST0101,Uganda,MOMBASA,Keyboard,Accessories,2,2474.57,Bank Transfer,Amina,Individual,Completed
TX01683,2026-06-14,CUST0019,KE,MOMBASA,Keyboard,Accessories,3,2359.59,Card,Carol,SME,Completed
TX03171,2026-04-05,CUST0044,UGANDA,Nairobi,Headset,Accessories,1,5359.79,Cash,George,Individual,Completed
TX02057,2026-06-23,CUST0240,TANZANIA,Kigali,Wireless Mouse,Accessories,1,1880.78,Card,John,Corporate,Completed
TX04091,2026-06-07,CUST0047,Kenya,Kigali,Headset,Accessories,1,5429.54,Cash,Amina,SME ,Cancelled
TX03109,2026-04-13,CUST0297,Kenya,Kigali,Tablet,Hardware,2,46109.99,Cash,Carol,Corporate,Cancelled
TX04549,2026-04-23,CUST0651,KENYA,Nairobi,Laptop Bag,Accessories,1,3320.87,Cash,Brian,SME,Pending
TX03724,2026-03-12,CUST0549,Tanzania,Kampala,Headset,Accessories,1,5282.13,Cash,John,SME,Cancelled
TX02050,2026-01-12,CUST0973,Uganda,Dar es Salaam,Headset,Accessories,1,5013.41,Card,David,SME,Completed
TX03644,2026-01-08,CUST0872,Uganda,NAIROBI,Monitor,Hardware,1,21667.69,Bank Transfer,Faith,Corporate,Completed
TX00926,2026-03-26,CUST0663,KE,Dar es Salaam,Wireless Mouse,Accessories,2,1742.28,Cash,Faith,Individual,Completed
TX00624,2026-05-29,CUST0422,UGANDA,Arusha,Keyboard,Accessories,1,2355.87,Cash,Brian,Individual,Completed
TX00263,2026-03-26,CUST0559,Uganda,Kisumu,External SSD,Storage,1,15349.28,Bank Transfer,John,SME,Completed
TX03370,2026-02-07,CUST0365,Uganda,Kisumu,Office Laptop,Hardware,1,96722.75,Cash,George,SME,Pending
TX04062,2026-04-11,CUST1146,KENYA,Mombasa,Laptop Bag,Accessories,2,3385.59,Cash,Amina,Individual,Completed
TX01803,2026-06-29,CUST0196,Tanzania,NAIROBI,Office Laptop,Hardware,3,88925.61,Card,David,Individual,Completed
TX04737,2026-01-06,CUST0695,KENYA,Mombasa,External SSD,Storage,2,15673.4,Card,Faith,Corporate,Completed
TX03470,2026-04-07,CUST0819,TANZANIA,Kisumu,Tablet,Hardware,1,39243.44,Bank Transfer,Irene,SME,Completed
TX02386,2026-06-14,CUST0889,Uganda,Mombasa,Monitor,Hardware,1,21420.95,Cash,George,Corporate,Completed
TX01960,2026-04-25,CUST1172,KE,NAIROBI,Office Laptop,Hardware,1,89498.78,M-Pesa,Amina,SME,Completed
TX02977,2026-06-11,CUST0113,UGANDA,MOMBASA,USB-C Hub,Accessories,1,6511.29,M-Pesa,Carol,Individual,completed
TX00489,2026-05-17,CUST0076,UGANDA,Mombasa,Monitor,Hardware,1,22525.11,Bank Transfer,George,Individual,Completed
TX01844,2026-03-05,CUST0041,Rwanda,Kigali,Laptop Stand,Accessories,1,4584.33,Cash,George,Corporate,Completed
TX01735,2026-03-10,CUST0220,KE,Kisumu,Tablet,Hardware,5,45617.97,Bank Transfer,Carol,SME,Completed
TX02912,2026-03-30,CUST0434,Uganda,Dar es Salaam,Office Laptop,Hardware,1,97658.95,Card,Irene,SME,Cancelled
TX03220,2026-04-26,CUST1047,Tanzania,Mombasa,Office Laptop,Hardware,2,85778.91,Card,George,Corporate,Completed
TX00147,2026-06-08,CUST0356,UGANDA,Dar es Salaam,Headset,Accessories,1,5532.74,Card,George,Individual,Completed
TX01987,2026-04-29,CUST0558,KE,Kigali,USB-C Hub,Accessories,1,6964.06,M-Pesa,John,Individual,Pending
TX01370,2026-02-08,CUST0684,Uganda,Nairobi,Office Laptop,Hardware,1,98929.57,Cash,George,Individual,Completed
TX02812,2026-02-07,CUST1197,Rwanda,NAIROBI,Monitor,Hardware,1,21101.46,Bank Transfer,John,SME,Pending
TX00660,2026-04-07,CUST0221,Tanzania,Arusha,Keyboard,Accessories,2,2255.26,Bank Transfer,Amina,SME,completed
TX01795,2026-01-27,CUST0597,UGANDA,Nairobi,Keyboard,Accessories,4,2693.36,Cash,Brian,Individual,Completed
TX02512,2026-05-25,CUST0756,KENYA,Dar es Salaam,Keyboard,Accessories,2,2434.38,Card,Brian,Individual,Completed
TX03398,2026-03-23,CUST0913,KE,,USB-C Hub,Accessories,3,6333.33,Card,Brian,Corporate,Completed
TX04283,2026-06-28,CUST1072,TANZANIA,Kampala,Keyboard,Accessories,1,2359.61,Card,Irene,SME,Cancelled
TX01148,2026-06-25,CUST0472,Uganda,Dar es Salaam,Office Laptop,Hardware,1,87372.21,Bank Transfer,John,SME,Completed
TX03273,2026-04-25,CUST0507,KE,Nairobi,USB-C Hub,Accessories,1,6990.04,Cash,John,Individual,Pending
TX00609,2026-04-07,CUST0728,Tanzania,Arusha,USB-C Hub,Accessories,1,6559.14,M-Pesa,Amina,SME,Completed
TX03583,2026-02-17,CUST0566,Tanzania,MOMBASA,Wireless Mouse,Accessories,2,1821.14,Card,Amina,SME,Completed
TX01931,2026-03-11,CUST1089,Rwanda,NAIROBI,Laptop Bag,Accessories,2,3600.54,Cash,David,Corporate,Pending
TX00198,2026-05-30,CUST0419,TANZANIA,Kisumu,Laptop Bag,Accessories,2,3753.96,Cash,Irene,Corporate,Pending
TX02932,2026-02-01,CUST0534,KE,Mombasa,External SSD,Storage,5,15065.88,M-Pesa,Brian,Individual,Completed
TX02328,2026-03-17,CUST0066,Rwanda,Nairobi,Tablet,Hardware,1,44674.04,Cash,Carol,Individual,Completed
TX04390,2026-01-07,CUST0135,TANZANIA,Mombasa,Monitor,Hardware,1,20112.67,Cash,John,SME,Completed
TX00767,2026-01-09,CUST0371,Tanzania,Arusha,Headset,Accessories,1,4944.85,Bank Transfer,Faith,Individual,Completed
TX04497,2026-04-27,CUST0003,UGANDA,Mombasa,USB-C Hub,Accessories,2,6173.89,Cash,George,Individual,Completed
TX04219,2026-06-21,CUST0915,Rwanda,Kisumu,Keyboard,Accessories,2,2475.02,Card,Carol,Corporate,Completed
TX03256,2026-06-23,CUST1092,Uganda,Kigali,Keyboard,Accessories,3,2261.61,Bank Transfer,Brian,SME,Completed
TX00203,2026-03-27,CUST1154,UGANDA,Mombasa,External SSD,Storage,2,14595.58,Bank Transfer,David,SME,Cancelled
TX03511,2026-06-22,CUST0127,UGANDA,Kisumu,USB-C Hub,Accessories,2,7126.86,Card,David,Corporate,Completed
TX01734,2026-02-02,CUST0665,Rwanda,Dar es Salaam,Laptop Stand,Accessories,1,4376.64,Card,John,Individual,Completed
TX02778,2026-02-27,CUST1002,KE,MOMBASA,Laptop Stand,Accessories,2,4246.19,Card,Carol,SME ,Completed
TX01708,2026-01-01,CUST0242,KENYA,NAIROBI,External SSD,Storage,1,13994.64,Card,Irene,SME,Completed
TX03475,2026-05-10,CUST0952,TANZANIA,Mombasa,Keyboard,Accessories,2,2383.04,Card,Irene,SME,Pending
TX00855,2026-04-09,CUST0138,TANZANIA,MOMBASA,Laptop Stand,Accessories,2,4235.3,Bank Transfer,Carol,SME,Cancelled
TX04738,2026-06-07,CUST0243,KENYA,Arusha,Laptop Stand,Accessories,1,4399.63,Card,Faith,SME,Completed
TX04098,2026-04-18,CUST0896,KE,Kigali,External SSD,Storage,1,15363.92,Cash,John,Corporate,Completed
TX02161,2026-01-09,CUST0620,Tanzania,NAIROBI,External SSD,Storage,1,13115.43,M-Pesa,Brian,Corporate,Pending
TX00699,2026-01-08,CUST0629,Kenya,Arusha,Tablet,Hardware,2,38952.71,Bank Transfer,John,SME,Completed
TX00856,2026-03-16,CUST0020,KE,NAIROBI,USB-C Hub,Accessories,1,6944.58,Bank Transfer,George,SME,Pending
TX03000,2026-05-30,CUST0748,Uganda,Dar es Salaam,Office Laptop,Hardware,2,99288.45,Card,Brian,SME ,Completed
TX03697,2026-03-22,CUST0700,TANZANIA,Kampala,Monitor,Hardware,1,20126.99,Cash,Faith,Corporate,Cancelled
TX01637,2026-02-23,CUST1187,UGANDA,Arusha,Keyboard,Accessories,2,2645.14,Bank Transfer,Irene,Individual,Pending
TX03458,2026-06-16,CUST0201,Uganda,MOMBASA,Wireless Mouse,Accessories,1,1689.16,Card,John,SME,Completed
TX03582,2026-04-29,CUST0174,KE,NAIROBI,Office Laptop,Hardware,2,93575.23,Bank Transfer,Amina,Corporate,Completed
TX01292,2026-02-07,CUST0697,Rwanda,Arusha,Tablet,Hardware,1,41159.68,Cash,Carol,Corporate,Completed
TX04660,2026-06-07,,Uganda,Kisumu,USB-C Hub,Accessories,1,6432.51,Cash,David,SME,Completed
TX01854,2026-04-04,CUST0508,UGANDA,Kampala,External SSD,Storage,1,14708.33,Cash,Carol,SME,Cancelled
TX03764,2026-04-23,CUST0557,KE,Kigali,Headset,Accessories,2,5246.49,Cash,Amina,SME,Completed
TX03305,2026-05-01,CUST1173,TANZANIA,Nairobi,Laptop Bag,Accessories,2,3554.86,Card,Amina,SME,Completed
TX04992,2026-01-30,CUST0790,Uganda,Arusha,Keyboard,Accessories,2,2390.05,M-Pesa,Faith,SME,completed
TX03744,2026-01-21,CUST0010,Tanzania,MOMBASA,Office Laptop,Hardware,3,85769.1,Bank Transfer,Amina,Corporate,Completed
TX03446,2026-01-08,CUST0367,TANZANIA,Kisumu,External SSD,Storage,1,13494.16,M-Pesa,Faith,Individual,Pending
TX01999,2026-02-05,CUST0957,Rwanda,Arusha,Monitor,Hardware,2,20068.9,Card,David,Individual,Completed
TX00664,2026-04-22,CUST0373,KENYA,Kisumu,Headset,Accessories,1,4799.98,,Amina,Corporate,Cancelled
TX04780,2026-06-22,CUST0825,KENYA,Mombasa,Monitor,Hardware,1,21111.28,M-Pesa,Irene,Corporate,Completed
TX03749,2026-02-28,CUST0048,Rwanda,Kampala,Keyboard,Accessories,2,2536.97,Cash,Faith,SME,Completed
TX04414,2026-03-13,CUST0461,Tanzania,Kampala,USB-C Hub,Accessories,4,5852.3,M-Pesa,Irene,Corporate,Cancelled
TX04745,2026-02-11,CUST0471,KE,MOMBASA,Laptop Stand,Accessories,5,4814.52,Card,Amina,Corporate,Completed
TX00710,2026-02-10,CUST0178,KENYA,Dar es Salaam,Keyboard,Accessories,1,2251.16,Bank Transfer,Irene,Corporate,Completed
TX01283,2026-01-30,CUST0851,Tanzania,Arusha,Office Laptop,Hardware,1,102076.84,Bank Transfer,David,Corporate,Completed
TX02676,2026-03-10,CUST0153,Kenya,MOMBASA,External SSD,Storage,1,15250.19,M-Pesa,Amina,Corporate,Completed
TX04030,2026-06-06,CUST0404,UGANDA,Kigali,Office Laptop,Hardware,2,89087.75,Cash,David,Corporate,Completed
TX01307,2026-06-05,,Kenya,Kampala,Headset,Accessories,1,5015.19,Cash,John,Corporate,Pending
TX02238,2026-05-05,CUST0451,Rwanda,MOMBASA,Tablet,Hardware,1,38694.57,M-Pesa,John,Individual,completed
TX03303,2026-01-21,CUST0595,Uganda,Kigali,Keyboard,Accessories,2,2733.56,M-Pesa,Amina,Individual,Completed
TX02039,2026-01-09,CUST0732,TANZANIA,NAIROBI,Laptop Bag,Accessories,2,3353.62,M-Pesa,John,SME ,Pending
TX01530,2026-03-23,CUST0776,UGANDA,Dar es Salaam,Laptop Stand,Accessories,1,4219.36,Bank Transfer,Faith,SME,Completed
TX01664,2026-05-17,CUST0401,UGANDA,Mombasa,Headset,Accessories,1,5604.55,Card,John,Corporate,Completed
TX04545,2026-04-20,CUST0009,KE,Kigali,External SSD,Storage,1,15759.76,Cash,Brian,SME,Completed
TX02492,2026-03-14,CUST0869,UGANDA,Mombasa,Laptop Bag,Accessories,1,3617.85,Card,George,Individual,Completed
TX03628,2026-04-03,CUST1074,KENYA,MOMBASA,Wireless Mouse,Accessories,2,1664.07,Bank Transfer,John,Corporate,Completed
TX04892,2026-05-12,CUST0256,KENYA,Nairobi,USB-C Hub,Accessories,1,6490.12,Cash,Brian,SME,Pending
TX02694,2026-05-11,CUST0972,Tanzania,Nairobi,Monitor,Hardware,1,21369.62,Card,Faith,Individual,Pending
TX03061,2026-03-29,CUST1180,KENYA,Kigali,Tablet,Hardware,1,42062.11,Bank Transfer,Carol,Individual,Cancelled
TX01598,2026-02-09,CUST0136,KENYA,Mombasa,USB-C Hub,Accessories,4,7114.35,M-Pesa,Faith,Corporate,Completed
TX02730,2026-03-28,CUST0052,KE,Kisumu,External SSD,Storage,2,15132.9,Bank Transfer,John,SME,Pending
TX02626,2026-01-08,CUST0941,UGANDA,Kigali,External SSD,Storage,1,15400.2,Card,George,Individual,Completed
TX03158,2026-04-09,CUST1000,Rwanda,Kigali,Monitor,Hardware,1,23912.87,M-Pesa,David,Corporate,Completed
TX03315,2026-05-17,CUST0248,TANZANIA,Dar es Salaam,Keyboard,Accessories,3,2332.17,M-Pesa,Irene,Individual,Completed
TX01723,2026-04-17,CUST1076,Tanzania,Kampala,USB-C Hub,Accessories,2,6523.19,M-Pesa,Carol,SME,Pending
TX01060,2026-02-06,CUST0026,KE,Dar es Salaam,Keyboard,Accessories,1,2673.1,Card,John,Individual,Cancelled
TX04637,2026-06-13,CUST0341,UGANDA,Kampala,Monitor,Hardware,2,21200.17,Card,George,Corporate,Completed
TX03243,2026-05-02,CUST0683,Uganda,Kigali,Laptop Bag,Accessories,4,3644.54,M-Pesa,David,SME,Completed
TX01679,2026-04-01,CUST0098,Uganda,Mombasa,USB-C Hub,Accessories,1,6108.36,Cash,Carol,Individual,Pending
TX01758,2026-06-28,CUST1097,KE,Kigali,Tablet,Hardware,1,45582.87,Bank Transfer,David,SME,Completed
TX04192,2026-04-19,CUST0733,TANZANIA,Kampala,Headset,Accessories,1,5260.8,M-Pesa,Irene,Individual,Completed
TX00564,2026-01-18,CUST0600,TANZANIA,Kigali,USB-C Hub,Accessories,2,5956.05,Cash,Faith,Individual,Completed
TX02791,2026-05-08,CUST1198,Tanzania,Kisumu,Laptop Stand,Accessories,2,4442.91,M-Pesa,Carol,Individual,Cancelled
TX00864,2026-05-05,CUST0596,Uganda,Mombasa,Wireless Mouse,Accessories,1,1947.01,Cash,George,Corporate,Completed
TX01485,2026-06-06,CUST0460,UGANDA,MOMBASA,Laptop Stand,Accessories,3,4811.71,Bank Transfer,Faith,Individual,Completed
TX00207,2026-01-16,CUST0738,TANZANIA,Nairobi,Monitor,Hardware,2,20192.15,M-Pesa,George,Individual,Completed
TX04489,2026-06-22,CUST0377,Uganda,NAIROBI,Laptop Bag,Accessories,1,3571.26,Bank Transfer,David,Corporate,Pending
TX00871,2026-04-29,CUST1182,KE,Kisumu,Keyboard,Accessories,1,2438.41,Cash,Faith,Corporate,Completed
TX04494,2026-05-04,CUST0772,Kenya,Mombasa,Tablet,Hardware,2,39662.02,Cash,Amina,Individual,completed
TX00503,2026-02-01,CUST0187,KE,Kisumu,Keyboard,Accessories,2,2683.05,Cash,Brian,SME,Completed
TX01029,2026-05-17,CUST0353,TANZANIA,Nairobi,Monitor,Hardware,2,22042.84,Card,Faith,Individual,Pending
TX03841,2026-03-18,CUST0079,UGANDA,Kigali,Laptop Stand,Accessories,1,4340.32,Cash,Brian,SME,Completed
TX02691,2026-06-18,CUST0901,TANZANIA,MOMBASA,Monitor,Hardware,2,23061.26,M-Pesa,George,SME,Cancelled
TX01571,2026-06-03,CUST0313,Rwanda,Arusha,Laptop Stand,Accessories,1,4233.67,Bank Transfer,John,Individual,Completed
TX02774,2026-01-25,CUST1139,TANZANIA,Mombasa,Headset,Accessories,2,5144.53,M-Pesa,John,Corporate,Completed
TX02732,2026-12-31,CUST1075,Kenya,MOMBASA,Laptop Stand,Accessories,1,4813.45,Card,Amina,SME,Completed
TX00805,2026-02-09,CUST0323,Tanzania,Kisumu,Monitor,Hardware,1,20315.08,Card,Faith,Corporate,Completed
TX03646,2026-02-05,CUST0919,TANZANIA,Arusha,External SSD,Storage,2,15278.27,M-Pesa,Amina,SME,Completed
TX02455,2026-04-30,CUST0530,TANZANIA,Dar es Salaam,External SSD,Storage,1,14174.68,M-Pesa,Amina,Individual,Completed
TX04599,2026-06-05,CUST0880,Uganda,Kampala,Laptop Stand,Accessories,1,4065.36,Bank Transfer,Brian,Corporate,Pending
TX03105,2026-06-07,CUST0779,Kenya,Dar es Salaam,USB-C Hub,Accessories,2,6830.99,Card,Carol,Corporate,Completed
TX04876,2026-05-01,CUST0449,Rwanda,Kisumu,External SSD,Storage,4,15113.94,M-Pesa,Irene,Individual,Completed
TX00201,2026-04-07,CUST0073,Tanzania,MOMBASA,USB-C Hub,Accessories,2,6206.41,,Amina,Corporate,Completed
TX03100,2026-03-01,CUST1148,Uganda,Dar es Salaam,USB-C Hub,Accessories,2,6177.93,Cash,Brian,Individual,Completed
TX02279,2026-04-22,CUST0884,Uganda,,USB-C Hub,Accessories,1,7093.66,Cash,Brian,SME,Completed
TX03562,2026-01-06,CUST0651,UGANDA,Kisumu,Keyboard,Accessories,1,2423.58,Cash,David,Corporate,Pending
TX04475,2026-03-10,CUST0318,Tanzania,Kampala,External SSD,Storage,1,14217.7,M-Pesa,John,SME,Cancelled
TX04515,2026-03-24,CUST0001,Kenya,Dar es Salaam,USB-C Hub,Accessories,2,6709.22,M-Pesa,George,SME,Completed
TX00392,2026-04-30,CUST0691,Kenya,Dar es Salaam,External SSD,Storage,1,14838.67,Card,Brian,SME ,Completed
TX01496,2026-03-15,CUST0879,Kenya,Mombasa,Keyboard,Accessories,2,2615.34,Cash,Brian,Corporate,Pending
TX02696,2026-01-23,CUST1086,Kenya,MOMBASA,Laptop Bag,Accessories,2,3540.7,M-Pesa,Carol,Corporate,Completed
TX02028,2026-05-08,CUST0321,Rwanda,Kisumu,USB-C Hub,Accessories,1,7006.13,Bank Transfer,John,Corporate,Cancelled
TX02569,2026-04-22,CUST1114,KE,Dar es Salaam,Laptop Bag,Accessories,2,3483.46,Cash,Faith,Individual,Completed
TX00065,2026-04-28,CUST0146,Rwanda,Nairobi,Wireless Mouse,Accessories,2,1679.34,Cash,Irene,Individual,Completed
TX03885,2026-01-23,CUST0242,Tanzania,Arusha,USB-C Hub,Accessories,5,7135.55,,George,Corporate,Completed
TX02063,2026-02-10,CUST0376,Tanzania,Kampala,Keyboard,Accessories,1,2424.9,M-Pesa,George,Corporate,Completed
TX00493,2026-03-17,CUST0810,Kenya,NAIROBI,Laptop Stand,Accessories,4,4324.14,Card,George,Corporate,Completed
TX00380,2026-03-07,CUST0681,KENYA,Nairobi,Office Laptop,Hardware,1,94052.21,M-Pesa,Brian,SME,Cancelled
TX04860,2026-02-18,CUST0333,Rwanda,Mombasa,Monitor,Hardware,1,22679.12,M-Pesa,David,Individual,Completed
TX03994,2026-05-20,CUST0154,KENYA,Kisumu,Laptop Stand,Accessories,2,4916.7,Bank Transfer,Carol,Individual,Completed
TX04888,2026-02-10,CUST0529,KE,Kigali,Monitor,Hardware,1,20005.59,M-Pesa,Amina,SME,Cancelled
TX01077,2026-02-04,CUST0275,Rwanda,NAIROBI,Monitor,Hardware,2,20695.56,Bank Transfer,Faith,Corporate,Completed
TX00879,2026-03-09,CUST0373,Uganda,Dar es Salaam,Tablet,Hardware,1,40866.4,Card,Faith,Individual,completed
TX00338,2026-04-14,CUST0698,Uganda,Nairobi,Tablet,Hardware,2,40419.66,Cash,Carol,SME ,Completed
TX01017,2026-05-14,CUST1032,Uganda,Kigali,Tablet,Hardware,1,40306.99,M-Pesa,Carol,Corporate,Completed
TX01276,2026-02-18,CUST0502,Kenya,MOMBASA,Tablet,Hardware,2,43839.88,Cash,John,SME,Completed
TX03799,2026-03-01,CUST0670,Tanzania,Kigali,Headset,Accessories,2,5057.93,Card,Carol,Individual,COMPLETED
TX04552,2026-01-23,CUST1153,KENYA,Nairobi,Monitor,Hardware,2,23270.7,Cash,Faith,SME,Cancelled
TX03343,2026-02-17,CUST1200,KENYA,Kisumu,Laptop Stand,Accessories,2,4140.71,Cash,John,SME,Cancelled
TX04912,2026-06-24,CUST0972,KE,Kampala,External SSD,Storage,1,14447.73,Cash,Brian,Individual,Completed
TX00996,2026-05-21,CUST0675,Tanzania,MOMBASA,External SSD,Storage,2,13213.8,Cash,George,Corporate,Completed
TX01982,2026-04-08,CUST0666,KE,Kampala,Laptop Bag,Accessories,1,3416.82,Cash,George,Individual,Completed
TX04298,2026-01-07,CUST1133,KE,Nairobi,Laptop Bag,Accessories,3,3237.03,M-Pesa,Faith,Individual,Completed
TX00162,2026-02-02,CUST0589,Kenya,NAIROBI,Tablet,Hardware,2,45706.4,Cash,Brian,SME,Completed
TX04799,2026-06-26,CUST0237,UGANDA,Nairobi,Laptop Bag,Accessories,1,3606.77,Bank Transfer,Brian,Individual,Completed
TX01501,2026-04-02,CUST1185,Rwanda,NAIROBI,Headset,Accessories,2,5040.51,M-Pesa,Faith,SME,Completed
TX03844,2026-03-21,CUST1196,UGANDA,Arusha,Wireless Mouse,Accessories,1,1787.45,M-Pesa,Irene,Corporate,Completed
TX02614,2026-03-04,CUST0611,TANZANIA,Kisumu,Wireless Mouse,Accessories,2,1696.38,M-Pesa,Carol,Corporate,Cancelled
TX03462,2026-06-18,CUST0585,UGANDA,Kampala,External SSD,Storage,2,15692.80,Bank Transfer,David,SME,Completed
TX01022,2026-02-11,CUST0570,KE,Kisumu,Laptop Bag,Accessories,1,3224.29,M-Pesa,George,SME,Pending
TX03074,2026-04-22,CUST0369,KENYA,NAIROBI,Laptop Bag,Accessories,1,3305.93,Cash,Irene,SME,Cancelled
TX03944,2026-04-18,CUST0352,Kenya,Nairobi,Laptop Bag,Accessories,2,3311.09,M-Pesa,Brian,SME,Pending
TX01586,2026-01-17,CUST1027,KENYA,Dar es Salaam,Monitor,Hardware,4,21115.88,M-Pesa,George,SME,Completed
TX01956,2026-01-07,CUST1035,Rwanda,MOMBASA,Laptop Bag,Accessories,1,3536.25,Cash,George,Individual,Cancelled
TX03153,2026-02-09,CUST1020,Rwanda,Dar es Salaam,Monitor,Hardware,1,23399.47,Cash,David,Corporate,Completed
TX00035,2026-02-05,CUST0020,TANZANIA,Kigali,Office Laptop,Hardware,2,87050.29,M-Pesa,John,SME,Pending
TX04015,2026-03-31,CUST0152,Rwanda,Kampala,Laptop Stand,Accessories,3,4308.44,M-Pesa,David,Corporate,Cancelled
TX00776,2026-03-24,CUST0872,KENYA,MOMBASA,Laptop Stand,Accessories,2,4207.05,Bank Transfer,Irene,Corporate,Completed
TX02557,2026-01-26,CUST0977,Uganda,Nairobi,Monitor,Hardware,1,23530.98,Bank Transfer,Brian,Individual,Completed
TX01479,2026-06-24,CUST0376,Uganda,MOMBASA,Tablet,Hardware,2,44153.19,Card,George,Individual,Pending
TX01364,2026-05-03,CUST0924,Uganda,Arusha,USB-C Hub,Accessories,1,6056.39,Card,Brian,SME,Completed
TX02613,2026-06-27,CUST0083,TANZANIA,Nairobi,USB-C Hub,Accessories,2,6384.5,Cash,Brian,Corporate,Cancelled
TX02825,2026-05-17,CUST0945,KE,Kisumu,Headset,Accessories,1,4883.08,Card,Brian,Individual,Completed
TX02042,2026-04-08,CUST1176,TANZANIA,Nairobi,Headset,Accessories,1,5496.29,Card,David,SME,Completed
TX00242,2026-03-21,CUST1079,UGANDA,Mombasa,Monitor,Hardware,1,23646.75,Cash,David,SME,Completed
TX02062,2026-06-03,CUST1055,Uganda,Kigali,USB-C Hub,Accessories,1,6127.99,M-Pesa,Faith,Corporate,Completed
TX02364,2026-05-06,CUST0573,Tanzania,NAIROBI,Keyboard,Accessories,1,2745.57,M-Pesa,David,Individual,Completed
TX00601,2026-05-14,CUST1121,KE,NAIROBI,USB-C Hub,Accessories,1,6371.95,Bank Transfer,Irene,SME,completed
TX02436,2026-01-01,CUST0112,Kenya,Nairobi,USB-C Hub,Accessories,2,5874.15,Cash,George,SME,Completed
TX02889,2026-02-02,CUST0313,TANZANIA,Kampala,USB-C Hub,Accessories,1,6298.31,Bank Transfer,Carol,Individual,Completed
TX00647,2026-05-23,CUST0399,KE,Kigali,External SSD,Storage,4,15942.8,M-Pesa,Faith,Corporate,Cancelled
TX03891,2026-05-05,CUST0627,KE,Kigali,Laptop Stand,Accessories,1,4571.71,Card,Carol,SME,Completed
TX03557,2026-03-07,CUST0946,Kenya,MOMBASA,Laptop Stand,Accessories,2,4369.75,Cash,Brian,SME,Completed
TX03203,2026-03-16,CUST1053,Uganda,Kigali,Monitor,Hardware,3,22204.48,Bank Transfer,Brian,SME,Cancelled
TX01529,2026-02-15,CUST0126,TANZANIA,Kampala,Laptop Stand,Accessories,1,4788.14,M-Pesa,John,Corporate,Cancelled
TX01268,2026-06-29,CUST0072,Rwanda,,Tablet,Hardware,1,45880.61,Bank Transfer,Brian,SME,Completed
TX01900,2026-06-23,CUST0623,UGANDA,MOMBASA,Tablet,Hardware,1,44399.06,Bank Transfer,Carol,Individual,Pending
TX04659,2026-06-05,CUST0495,Uganda,Dar es Salaam,Laptop Stand,Accessories,3,4806.06,Bank Transfer,Carol,SME,Cancelled
TX03006,2026-05-29,CUST0791,UGANDA,Kisumu,External SSD,Storage,1,14892.67,Card,Faith,Individual,Cancelled
TX02735,2026-01-24,CUST0357,KE,Arusha,Headset,Accessories,1,5571.95,M-Pesa,,Individual,Completed
TX00190,2026-02-17,CUST0975,Kenya,Kisumu,USB-C Hub,Accessories,4,6907.9,Cash,David,Corporate,Pending
TX01807,2026-05-16,CUST1028,Uganda,Kampala,USB-C Hub,Accessories,1,6533.07,Cash,Amina,SME,Completed
TX00976,2026-05-15,CUST0677,KENYA,Kigali,Headset,Accessories,4,4803.1,Card,Brian,Corporate,Completed
TX02748,2026-01-16,CUST1029,TANZANIA,Kisumu,Headset,Accessories,4,5174.71,M-Pesa,David,Corporate,Completed
TX02048,2026-03-06,CUST0167,Uganda,NAIROBI,Laptop Stand,Accessories,1,4382.11,Cash,Amina,SME,Completed
TX02559,2026-06-29,CUST0740,KENYA,MOMBASA,Laptop Stand,Accessories,3,4618.87,Cash,David,Corporate,Cancelled
TX01083,2026-04-01,CUST0734,Tanzania,Kisumu,USB-C Hub,Accessories,1,6158.43,Bank Transfer,John,Individual,Cancelled
TX00475,2026-06-11,CUST0857,TANZANIA,Kisumu,USB-C Hub,Accessories,1,6881.64,Cash,Amina,Corporate,Completed
TX02905,2026-04-16,CUST0638,Tanzania,Dar es Salaam,USB-C Hub,Accessories,1,6544.66,Card,Carol,Individual,Completed
TX04844,2026-05-29,CUST0045,KENYA,Dar es Salaam,Tablet,Hardware,4,41563.67,Bank Transfer,Faith,Individual,Completed
TX04118,2026-01-10,CUST0697,KE,Kigali,Wireless Mouse,Accessories,1,1753.58,Card,Faith,Individual,Completed
TX03386,2026-06-29,CUST0245,Tanzania,,Office Laptop,Hardware,1,100630.75,Card,David,Individual,Pending
TX04556,2026-05-25,CUST0351,Rwanda,Arusha,Monitor,Hardware,1,20581.48,Cash,Brian,SME,Completed
TX01185,2026-06-06,CUST0075,KENYA,MOMBASA,Laptop Stand,Accessories,1,4706.48,Cash,Amina,Corporate,Completed
TX01124,2026-05-29,CUST0172,Kenya,Arusha,Laptop Bag,Accessories,2,3593.86,M-Pesa,Carol,SME,Cancelled
TX02434,2026-01-06,CUST0588,Tanzania,Kigali,Headset,Accessories,2,5189.05,Card,George,SME,Completed
TX02392,2026-04-01,CUST0347,KE,Kigali,External SSD,Storage,3,14631.5,Cash,Faith,SME,Cancelled
TX00770,2026-04-30,CUST1071,KENYA,Arusha,USB-C Hub,Accessories,1,6026.31,Bank Transfer,Carol,SME,Cancelled
TX01686,2026-06-15,CUST0826,Rwanda,MOMBASA,Headset,Accessories,1,4915.84,Cash,Carol,Corporate,Completed
TX00131,2026-01-04,CUST0982,TANZANIA,Arusha,External SSD,Storage,1,14223.01,M-Pesa,Faith,SME,Pending
TX02920,2026-02-27,CUST0520,Kenya,MOMBASA,Laptop Bag,Accessories,1,3295.1,Bank Transfer,George,SME,Completed
TX03172,2026-02-10,CUST0489,TANZANIA,,Office Laptop,Hardware,2,100199.16,Cash,Irene,SME,Completed
TX03445,2026-05-20,CUST1195,UGANDA,Mombasa,Tablet,Hardware,2,38914.31,Card,Brian,Individual,Completed
TX04427,2026-04-15,CUST0803,Rwanda,NAIROBI,Keyboard,Accessories,2,2525.95,M-Pesa,Irene,SME,Completed
TX00467,2026-03-08,CUST0464,KENYA,Mombasa,Office Laptop,Hardware,2,99823.49,M-Pesa,Irene,SME ,Pending
TX03093,2026-06-25,CUST0720,UGANDA,Mombasa,Office Laptop,Hardware,3,102984.91,Card,John,SME ,Completed
TX03773,2026-01-14,CUST1074,Uganda,Dar es Salaam,Office Laptop,Hardware,4,86994.04,Bank Transfer,Amina,Corporate,Completed
TX00861,2026-04-16,CUST0551,Rwanda,Kampala,Office Laptop,Hardware,1,90854.04,Cash,Brian,Corporate,Pending
